Copyright 1986-2020 Xilinx, Inc. All Rights Reserved.
--------------------------------------------------------------------------------------------------------------------------------------------------------------------------------------------------------------------------------
| Tool Version : Vivado v.2020.2 (win64) Build 3064766 Wed Nov 18 09:12:45 MST 2020
| Date         : Wed Apr  2 12:08:19 2025
| Host         : DESKTOP-7CFQ9ND running 64-bit major release  (build 9200)
| Command      : report_timing_summary -max_paths 10 -file top_counter_up_down_timing_summary_routed.rpt -pb top_counter_up_down_timing_summary_routed.pb -rpx top_counter_up_down_timing_summary_routed.rpx -warn_on_violation
| Design       : top_counter_up_down
| Device       : 7a35t-cpg236
| Speed File   : -1  PRODUCTION 1.23 2018-06-13
--------------------------------------------------------------------------------------------------------------------------------------------------------------------------------------------------------------------------------

Timing Summary Report

------------------------------------------------------------------------------------------------
| Timer Settings
| --------------
------------------------------------------------------------------------------------------------

  Enable Multi Corner Analysis               :  Yes
  Enable Pessimism Removal                   :  Yes
  Pessimism Removal Resolution               :  Nearest Common Node
  Enable Input Delay Default Clock           :  No
  Enable Preset / Clear Arcs                 :  No
  Disable Flight Delays                      :  No
  Ignore I/O Paths                           :  No
  Timing Early Launch at Borrowing Latches   :  No
  Borrow Time for Max Delay Exceptions       :  Yes
  Merge Timing Exceptions                    :  Yes

  Corner  Analyze    Analyze    
  Name    Max Paths  Min Paths  
  ------  ---------  ---------  
  Slow    Yes        Yes        
  Fast    Yes        Yes        



check_timing report

Table of Contents
-----------------
1. checking no_clock (0)
2. checking constant_clock (0)
3. checking pulse_width_clock (0)
4. checking unconstrained_internal_endpoints (0)
5. checking no_input_delay (4)
6. checking no_output_delay (12)
7. checking multiple_clock (0)
8. checking generated_clocks (0)
9. checking loops (0)
10. checking partial_input_delay (0)
11. checking partial_output_delay (0)
12. checking latch_loops (0)

1. checking no_clock (0)
------------------------
 There are 0 register/latch pins with no clock.


2. checking constant_clock (0)
------------------------------
 There are 0 register/latch pins with constant_clock.


3. checking pulse_width_clock (0)
---------------------------------
 There are 0 register/latch pins which need pulse_width check


4. checking unconstrained_internal_endpoints (0)
------------------------------------------------
 There are 0 pins that are not constrained for maximum delay.

 There are 0 pins that are not constrained for maximum delay due to constant clock.


5. checking no_input_delay (4)
------------------------------
 There are 4 input ports with no input delay specified. (HIGH)

 There are 0 input ports with no input delay but user has a false path constraint.


6. checking no_output_delay (12)
--------------------------------
 There are 12 ports with no output delay specified. (HIGH)

 There are 0 ports with no output delay but user has a false path constraint

 There are 0 ports with no output delay but with a timing clock defined on it or propagating through it


7. checking multiple_clock (0)
------------------------------
 There are 0 register/latch pins with multiple clocks.


8. checking generated_clocks (0)
--------------------------------
 There are 0 generated clocks that are not connected to a clock source.


9. checking loops (0)
---------------------
 There are 0 combinational loops in the design.


10. checking partial_input_delay (0)
------------------------------------
 There are 0 input ports with partial input delay specified.


11. checking partial_output_delay (0)
-------------------------------------
 There are 0 ports with partial output delay specified.


12. checking latch_loops (0)
----------------------------
 There are 0 combinational latch loops in the design through latch input



------------------------------------------------------------------------------------------------
| Design Timing Summary
| ---------------------
------------------------------------------------------------------------------------------------

    WNS(ns)      TNS(ns)  TNS Failing Endpoints  TNS Total Endpoints      WHS(ns)      THS(ns)  THS Failing Endpoints  THS Total Endpoints     WPWS(ns)     TPWS(ns)  TPWS Failing Endpoints  TPWS Total Endpoints  
    -------      -------  ---------------------  -------------------      -------      -------  ---------------------  -------------------     --------     --------  ----------------------  --------------------  
      4.931        0.000                      0                   75        0.276        0.000                      0                   75        4.500        0.000                       0                    62  


All user specified timing constraints are met.


------------------------------------------------------------------------------------------------
| Clock Summary
| -------------
------------------------------------------------------------------------------------------------

Clock        Waveform(ns)       Period(ns)      Frequency(MHz)
-----        ------------       ----------      --------------
sys_clk_pin  {0.000 5.000}      10.000          100.000         


------------------------------------------------------------------------------------------------
| Intra Clock Table
| -----------------
------------------------------------------------------------------------------------------------

Clock             WNS(ns)      TNS(ns)  TNS Failing Endpoints  TNS Total Endpoints      WHS(ns)      THS(ns)  THS Failing Endpoints  THS Total Endpoints     WPWS(ns)     TPWS(ns)  TPWS Failing Endpoints  TPWS Total Endpoints  
-----             -------      -------  ---------------------  -------------------      -------      -------  ---------------------  -------------------     --------     --------  ----------------------  --------------------  
sys_clk_pin         4.931        0.000                      0                   75        0.276        0.000                      0                   75        4.500        0.000                       0                    62  


------------------------------------------------------------------------------------------------
| Inter Clock Table
| -----------------
------------------------------------------------------------------------------------------------

From Clock    To Clock          WNS(ns)      TNS(ns)  TNS Failing Endpoints  TNS Total Endpoints      WHS(ns)      THS(ns)  THS Failing Endpoints  THS Total Endpoints  
----------    --------          -------      -------  ---------------------  -------------------      -------      -------  ---------------------  -------------------  


------------------------------------------------------------------------------------------------
| Other Path Groups Table
| -----------------------
------------------------------------------------------------------------------------------------

Path Group    From Clock    To Clock          WNS(ns)      TNS(ns)  TNS Failing Endpoints  TNS Total Endpoints      WHS(ns)      THS(ns)  THS Failing Endpoints  THS Total Endpoints  
----------    ----------    --------          -------      -------  ---------------------  -------------------      -------      -------  ---------------------  -------------------  


------------------------------------------------------------------------------------------------
| Timing Details
| --------------
------------------------------------------------------------------------------------------------


---------------------------------------------------------------------------------------------------
From Clock:  sys_clk_pin
  To Clock:  sys_clk_pin

Setup :            0  Failing Endpoints,  Worst Slack        4.931ns,  Total Violation        0.000ns
Hold  :            0  Failing Endpoints,  Worst Slack        0.276ns,  Total Violation        0.000ns
PW    :            0  Failing Endpoints,  Worst Slack        4.500ns,  Total Violation        0.000ns
---------------------------------------------------------------------------------------------------


Max Delay Paths
--------------------------------------------------------------------------------------
Slack (MET) :             4.931ns  (required time - arrival time)
  Source:                 u_counter_up_down/U_Counter_Up_Down/counter_reg[11]/C
                            (rising edge-triggered cell FDCE clocked by sys_clk_pin  {rise@0.000ns fall@5.000ns period=10.000ns})
  Destination:            u_counter_up_down/U_Counter_Up_Down/counter_reg[8]/D
                            (rising edge-triggered cell FDCE clocked by sys_clk_pin  {rise@0.000ns fall@5.000ns period=10.000ns})
  Path Group:             sys_clk_pin
  Path Type:              Setup (Max at Slow Process Corner)
  Requirement:            10.000ns  (sys_clk_pin rise@10.000ns - sys_clk_pin rise@0.000ns)
  Data Path Delay:        5.041ns  (logic 0.952ns (18.886%)  route 4.089ns (81.114%))
  Logic Levels:           4  (LUT2=1 LUT6=3)
  Clock Path Skew:        -0.025ns (DCD - SCD + CPR)
    Destination Clock Delay (DCD):    4.858ns = ( 14.858 - 10.000 ) 
    Source Clock Delay      (SCD):    5.157ns
    Clock Pessimism Removal (CPR):    0.274ns
  Clock Uncertainty:      0.035ns  ((TSJ^2 + TIJ^2)^1/2 + DJ) / 2 + PE
    Total System Jitter     (TSJ):    0.071ns
    Total Input Jitter      (TIJ):    0.000ns
    Discrete Jitter          (DJ):    0.000ns
    Phase Error              (PE):    0.000ns

    Location             Delay type                Incr(ns)  Path(ns)    Netlist Resource(s)
  -------------------------------------------------------------------    -------------------
                         (clock sys_clk_pin rise edge)
                                                      0.000     0.000 r  
    W5                                                0.000     0.000 r  clk (IN)
                         net (fo=0)                   0.000     0.000    clk
    W5                   IBUF (Prop_ibuf_I_O)         1.458     1.458 r  clk_IBUF_inst/O
                         net (fo=1, routed)           1.967     3.425    clk_IBUF
    BUFGCTRL_X0Y0        BUFG (Prop_bufg_I_O)         0.096     3.521 r  clk_IBUF_BUFG_inst/O
                         net (fo=61, routed)          1.636     5.157    u_counter_up_down/U_Counter_Up_Down/CLK
    SLICE_X62Y10         FDCE                                         r  u_counter_up_down/U_Counter_Up_Down/counter_reg[11]/C
  -------------------------------------------------------------------    -------------------
    SLICE_X62Y10         FDCE (Prop_fdce_C_Q)         0.456     5.613 r  u_counter_up_down/U_Counter_Up_Down/counter_reg[11]/Q
                         net (fo=50, routed)          1.905     7.518    u_counter_up_down/U_Counter_Up_Down/Q[11]
    SLICE_X61Y16         LUT2 (Prop_lut2_I0_O)        0.124     7.642 r  u_counter_up_down/U_Counter_Up_Down/counter[13]_i_7/O
                         net (fo=2, routed)           0.694     8.336    u_counter_up_down/U_Counter_Up_Down/counter[13]_i_7_n_0
    SLICE_X61Y12         LUT6 (Prop_lut6_I5_O)        0.124     8.460 r  u_counter_up_down/U_Counter_Up_Down/counter[13]_i_9/O
                         net (fo=1, routed)           0.350     8.810    u_counter_up_down/U_Counter_Up_Down/counter[13]_i_9_n_0
    SLICE_X60Y12         LUT6 (Prop_lut6_I0_O)        0.124     8.934 r  u_counter_up_down/U_Counter_Up_Down/counter[13]_i_4/O
                         net (fo=14, routed)          1.140    10.074    u_counter_up_down/U_Counter_Up_Down/counter[13]_i_4_n_0
    SLICE_X62Y9          LUT6 (Prop_lut6_I3_O)        0.124    10.198 r  u_counter_up_down/U_Counter_Up_Down/counter[8]_i_1/O
                         net (fo=1, routed)           0.000    10.198    u_counter_up_down/U_Counter_Up_Down/p_0_in[8]
    SLICE_X62Y9          FDCE                                         r  u_counter_up_down/U_Counter_Up_Down/counter_reg[8]/D
  -------------------------------------------------------------------    -------------------

                         (clock sys_clk_pin rise edge)
                                                     10.000    10.000 r  
    W5                                                0.000    10.000 r  clk (IN)
                         net (fo=0)                   0.000    10.000    clk
    W5                   IBUF (Prop_ibuf_I_O)         1.388    11.388 r  clk_IBUF_inst/O
                         net (fo=1, routed)           1.862    13.250    clk_IBUF
    BUFGCTRL_X0Y0        BUFG (Prop_bufg_I_O)         0.091    13.341 r  clk_IBUF_BUFG_inst/O
                         net (fo=61, routed)          1.517    14.858    u_counter_up_down/U_Counter_Up_Down/CLK
    SLICE_X62Y9          FDCE                                         r  u_counter_up_down/U_Counter_Up_Down/counter_reg[8]/C
                         clock pessimism              0.274    15.132    
                         clock uncertainty           -0.035    15.097    
    SLICE_X62Y9          FDCE (Setup_fdce_C_D)        0.032    15.129    u_counter_up_down/U_Counter_Up_Down/counter_reg[8]
  -------------------------------------------------------------------
                         required time                         15.129    
                         arrival time                         -10.198    
  -------------------------------------------------------------------
                         slack                                  4.931    

Slack (MET) :             4.985ns  (required time - arrival time)
  Source:                 u_counter_up_down/U_Counter_Up_Down/counter_reg[11]/C
                            (rising edge-triggered cell FDCE clocked by sys_clk_pin  {rise@0.000ns fall@5.000ns period=10.000ns})
  Destination:            u_counter_up_down/U_Counter_Up_Down/counter_reg[6]/D
                            (rising edge-triggered cell FDCE clocked by sys_clk_pin  {rise@0.000ns fall@5.000ns period=10.000ns})
  Path Group:             sys_clk_pin
  Path Type:              Setup (Max at Slow Process Corner)
  Requirement:            10.000ns  (sys_clk_pin rise@10.000ns - sys_clk_pin rise@0.000ns)
  Data Path Delay:        4.986ns  (logic 0.952ns (19.093%)  route 4.034ns (80.907%))
  Logic Levels:           4  (LUT2=1 LUT6=3)
  Clock Path Skew:        -0.025ns (DCD - SCD + CPR)
    Destination Clock Delay (DCD):    4.858ns = ( 14.858 - 10.000 ) 
    Source Clock Delay      (SCD):    5.157ns
    Clock Pessimism Removal (CPR):    0.274ns
  Clock Uncertainty:      0.035ns  ((TSJ^2 + TIJ^2)^1/2 + DJ) / 2 + PE
    Total System Jitter     (TSJ):    0.071ns
    Total Input Jitter      (TIJ):    0.000ns
    Discrete Jitter          (DJ):    0.000ns
    Phase Error              (PE):    0.000ns

    Location             Delay type                Incr(ns)  Path(ns)    Netlist Resource(s)
  -------------------------------------------------------------------    -------------------
                         (clock sys_clk_pin rise edge)
                                                      0.000     0.000 r  
    W5                                                0.000     0.000 r  clk (IN)
                         net (fo=0)                   0.000     0.000    clk
    W5                   IBUF (Prop_ibuf_I_O)         1.458     1.458 r  clk_IBUF_inst/O
                         net (fo=1, routed)           1.967     3.425    clk_IBUF
    BUFGCTRL_X0Y0        BUFG (Prop_bufg_I_O)         0.096     3.521 r  clk_IBUF_BUFG_inst/O
                         net (fo=61, routed)          1.636     5.157    u_counter_up_down/U_Counter_Up_Down/CLK
    SLICE_X62Y10         FDCE                                         r  u_counter_up_down/U_Counter_Up_Down/counter_reg[11]/C
  -------------------------------------------------------------------    -------------------
    SLICE_X62Y10         FDCE (Prop_fdce_C_Q)         0.456     5.613 r  u_counter_up_down/U_Counter_Up_Down/counter_reg[11]/Q
                         net (fo=50, routed)          1.905     7.518    u_counter_up_down/U_Counter_Up_Down/Q[11]
    SLICE_X61Y16         LUT2 (Prop_lut2_I0_O)        0.124     7.642 r  u_counter_up_down/U_Counter_Up_Down/counter[13]_i_7/O
                         net (fo=2, routed)           0.694     8.336    u_counter_up_down/U_Counter_Up_Down/counter[13]_i_7_n_0
    SLICE_X61Y12         LUT6 (Prop_lut6_I5_O)        0.124     8.460 r  u_counter_up_down/U_Counter_Up_Down/counter[13]_i_9/O
                         net (fo=1, routed)           0.350     8.810    u_counter_up_down/U_Counter_Up_Down/counter[13]_i_9_n_0
    SLICE_X60Y12         LUT6 (Prop_lut6_I0_O)        0.124     8.934 r  u_counter_up_down/U_Counter_Up_Down/counter[13]_i_4/O
                         net (fo=14, routed)          1.085    10.019    u_counter_up_down/U_Counter_Up_Down/counter[13]_i_4_n_0
    SLICE_X62Y9          LUT6 (Prop_lut6_I3_O)        0.124    10.143 r  u_counter_up_down/U_Counter_Up_Down/counter[6]_i_1/O
                         net (fo=1, routed)           0.000    10.143    u_counter_up_down/U_Counter_Up_Down/p_0_in[6]
    SLICE_X62Y9          FDCE                                         r  u_counter_up_down/U_Counter_Up_Down/counter_reg[6]/D
  -------------------------------------------------------------------    -------------------

                         (clock sys_clk_pin rise edge)
                                                     10.000    10.000 r  
    W5                                                0.000    10.000 r  clk (IN)
                         net (fo=0)                   0.000    10.000    clk
    W5                   IBUF (Prop_ibuf_I_O)         1.388    11.388 r  clk_IBUF_inst/O
                         net (fo=1, routed)           1.862    13.250    clk_IBUF
    BUFGCTRL_X0Y0        BUFG (Prop_bufg_I_O)         0.091    13.341 r  clk_IBUF_BUFG_inst/O
                         net (fo=61, routed)          1.517    14.858    u_counter_up_down/U_Counter_Up_Down/CLK
    SLICE_X62Y9          FDCE                                         r  u_counter_up_down/U_Counter_Up_Down/counter_reg[6]/C
                         clock pessimism              0.274    15.132    
                         clock uncertainty           -0.035    15.097    
    SLICE_X62Y9          FDCE (Setup_fdce_C_D)        0.031    15.128    u_counter_up_down/U_Counter_Up_Down/counter_reg[6]
  -------------------------------------------------------------------
                         required time                         15.128    
                         arrival time                         -10.143    
  -------------------------------------------------------------------
                         slack                                  4.985    

Slack (MET) :             4.989ns  (required time - arrival time)
  Source:                 u_counter_up_down/U_Counter_Up_Down/counter_reg[11]/C
                            (rising edge-triggered cell FDCE clocked by sys_clk_pin  {rise@0.000ns fall@5.000ns period=10.000ns})
  Destination:            u_counter_up_down/U_Counter_Up_Down/counter_reg[13]/D
                            (rising edge-triggered cell FDCE clocked by sys_clk_pin  {rise@0.000ns fall@5.000ns period=10.000ns})
  Path Group:             sys_clk_pin
  Path Type:              Setup (Max at Slow Process Corner)
  Requirement:            10.000ns  (sys_clk_pin rise@10.000ns - sys_clk_pin rise@0.000ns)
  Data Path Delay:        5.006ns  (logic 0.828ns (16.539%)  route 4.178ns (83.461%))
  Logic Levels:           3  (LUT2=1 LUT6=2)
  Clock Path Skew:        0.000ns (DCD - SCD + CPR)
    Destination Clock Delay (DCD):    4.858ns = ( 14.858 - 10.000 ) 
    Source Clock Delay      (SCD):    5.157ns
    Clock Pessimism Removal (CPR):    0.299ns
  Clock Uncertainty:      0.035ns  ((TSJ^2 + TIJ^2)^1/2 + DJ) / 2 + PE
    Total System Jitter     (TSJ):    0.071ns
    Total Input Jitter      (TIJ):    0.000ns
    Discrete Jitter          (DJ):    0.000ns
    Phase Error              (PE):    0.000ns

    Location             Delay type                Incr(ns)  Path(ns)    Netlist Resource(s)
  -------------------------------------------------------------------    -------------------
                         (clock sys_clk_pin rise edge)
                                                      0.000     0.000 r  
    W5                                                0.000     0.000 r  clk (IN)
                         net (fo=0)                   0.000     0.000    clk
    W5                   IBUF (Prop_ibuf_I_O)         1.458     1.458 r  clk_IBUF_inst/O
                         net (fo=1, routed)           1.967     3.425    clk_IBUF
    BUFGCTRL_X0Y0        BUFG (Prop_bufg_I_O)         0.096     3.521 r  clk_IBUF_BUFG_inst/O
                         net (fo=61, routed)          1.636     5.157    u_counter_up_down/U_Counter_Up_Down/CLK
    SLICE_X62Y10         FDCE                                         r  u_counter_up_down/U_Counter_Up_Down/counter_reg[11]/C
  -------------------------------------------------------------------    -------------------
    SLICE_X62Y10         FDCE (Prop_fdce_C_Q)         0.456     5.613 f  u_counter_up_down/U_Counter_Up_Down/counter_reg[11]/Q
                         net (fo=50, routed)          1.905     7.518    u_counter_up_down/U_Counter_Up_Down/Q[11]
    SLICE_X61Y16         LUT2 (Prop_lut2_I0_O)        0.124     7.642 f  u_counter_up_down/U_Counter_Up_Down/counter[13]_i_7/O
                         net (fo=2, routed)           1.086     8.728    u_counter_up_down/U_Counter_Up_Down/counter[13]_i_7_n_0
    SLICE_X60Y12         LUT6 (Prop_lut6_I0_O)        0.124     8.852 r  u_counter_up_down/U_Counter_Up_Down/counter[13]_i_3/O
                         net (fo=14, routed)          1.187    10.040    u_counter_up_down/U_Counter_Up_Down/counter[13]_i_3_n_0
    SLICE_X62Y10         LUT6 (Prop_lut6_I0_O)        0.124    10.164 r  u_counter_up_down/U_Counter_Up_Down/counter[13]_i_2/O
                         net (fo=1, routed)           0.000    10.164    u_counter_up_down/U_Counter_Up_Down/p_0_in[13]
    SLICE_X62Y10         FDCE                                         r  u_counter_up_down/U_Counter_Up_Down/counter_reg[13]/D
  -------------------------------------------------------------------    -------------------

                         (clock sys_clk_pin rise edge)
                                                     10.000    10.000 r  
    W5                                                0.000    10.000 r  clk (IN)
                         net (fo=0)                   0.000    10.000    clk
    W5                   IBUF (Prop_ibuf_I_O)         1.388    11.388 r  clk_IBUF_inst/O
                         net (fo=1, routed)           1.862    13.250    clk_IBUF
    BUFGCTRL_X0Y0        BUFG (Prop_bufg_I_O)         0.091    13.341 r  clk_IBUF_BUFG_inst/O
                         net (fo=61, routed)          1.517    14.858    u_counter_up_down/U_Counter_Up_Down/CLK
    SLICE_X62Y10         FDCE                                         r  u_counter_up_down/U_Counter_Up_Down/counter_reg[13]/C
                         clock pessimism              0.299    15.157    
                         clock uncertainty           -0.035    15.122    
    SLICE_X62Y10         FDCE (Setup_fdce_C_D)        0.031    15.153    u_counter_up_down/U_Counter_Up_Down/counter_reg[13]
  -------------------------------------------------------------------
                         required time                         15.153    
                         arrival time                         -10.164    
  -------------------------------------------------------------------
                         slack                                  4.989    

Slack (MET) :             4.999ns  (required time - arrival time)
  Source:                 u_counter_up_down/U_Counter_Up_Down/counter_reg[11]/C
                            (rising edge-triggered cell FDCE clocked by sys_clk_pin  {rise@0.000ns fall@5.000ns period=10.000ns})
  Destination:            u_counter_up_down/U_Counter_Up_Down/counter_reg[9]/D
                            (rising edge-triggered cell FDCE clocked by sys_clk_pin  {rise@0.000ns fall@5.000ns period=10.000ns})
  Path Group:             sys_clk_pin
  Path Type:              Setup (Max at Slow Process Corner)
  Requirement:            10.000ns  (sys_clk_pin rise@10.000ns - sys_clk_pin rise@0.000ns)
  Data Path Delay:        4.955ns  (logic 0.828ns (16.712%)  route 4.127ns (83.288%))
  Logic Levels:           3  (LUT2=1 LUT6=2)
  Clock Path Skew:        -0.040ns (DCD - SCD + CPR)
    Destination Clock Delay (DCD):    4.857ns = ( 14.857 - 10.000 ) 
    Source Clock Delay      (SCD):    5.157ns
    Clock Pessimism Removal (CPR):    0.260ns
  Clock Uncertainty:      0.035ns  ((TSJ^2 + TIJ^2)^1/2 + DJ) / 2 + PE
    Total System Jitter     (TSJ):    0.071ns
    Total Input Jitter      (TIJ):    0.000ns
    Discrete Jitter          (DJ):    0.000ns
    Phase Error              (PE):    0.000ns

    Location             Delay type                Incr(ns)  Path(ns)    Netlist Resource(s)
  -------------------------------------------------------------------    -------------------
                         (clock sys_clk_pin rise edge)
                                                      0.000     0.000 r  
    W5                                                0.000     0.000 r  clk (IN)
                         net (fo=0)                   0.000     0.000    clk
    W5                   IBUF (Prop_ibuf_I_O)         1.458     1.458 r  clk_IBUF_inst/O
                         net (fo=1, routed)           1.967     3.425    clk_IBUF
    BUFGCTRL_X0Y0        BUFG (Prop_bufg_I_O)         0.096     3.521 r  clk_IBUF_BUFG_inst/O
                         net (fo=61, routed)          1.636     5.157    u_counter_up_down/U_Counter_Up_Down/CLK
    SLICE_X62Y10         FDCE                                         r  u_counter_up_down/U_Counter_Up_Down/counter_reg[11]/C
  -------------------------------------------------------------------    -------------------
    SLICE_X62Y10         FDCE (Prop_fdce_C_Q)         0.456     5.613 f  u_counter_up_down/U_Counter_Up_Down/counter_reg[11]/Q
                         net (fo=50, routed)          1.905     7.518    u_counter_up_down/U_Counter_Up_Down/Q[11]
    SLICE_X61Y16         LUT2 (Prop_lut2_I0_O)        0.124     7.642 f  u_counter_up_down/U_Counter_Up_Down/counter[13]_i_7/O
                         net (fo=2, routed)           1.086     8.728    u_counter_up_down/U_Counter_Up_Down/counter[13]_i_7_n_0
    SLICE_X60Y12         LUT6 (Prop_lut6_I0_O)        0.124     8.852 r  u_counter_up_down/U_Counter_Up_Down/counter[13]_i_3/O
                         net (fo=14, routed)          1.135     9.988    u_counter_up_down/U_Counter_Up_Down/counter[13]_i_3_n_0
    SLICE_X59Y10         LUT6 (Prop_lut6_I0_O)        0.124    10.112 r  u_counter_up_down/U_Counter_Up_Down/counter[9]_i_1/O
                         net (fo=1, routed)           0.000    10.112    u_counter_up_down/U_Counter_Up_Down/p_0_in[9]
    SLICE_X59Y10         FDCE                                         r  u_counter_up_down/U_Counter_Up_Down/counter_reg[9]/D
  -------------------------------------------------------------------    -------------------

                         (clock sys_clk_pin rise edge)
                                                     10.000    10.000 r  
    W5                                                0.000    10.000 r  clk (IN)
                         net (fo=0)                   0.000    10.000    clk
    W5                   IBUF (Prop_ibuf_I_O)         1.388    11.388 r  clk_IBUF_inst/O
                         net (fo=1, routed)           1.862    13.250    clk_IBUF
    BUFGCTRL_X0Y0        BUFG (Prop_bufg_I_O)         0.091    13.341 r  clk_IBUF_BUFG_inst/O
                         net (fo=61, routed)          1.516    14.857    u_counter_up_down/U_Counter_Up_Down/CLK
    SLICE_X59Y10         FDCE                                         r  u_counter_up_down/U_Counter_Up_Down/counter_reg[9]/C
                         clock pessimism              0.260    15.117    
                         clock uncertainty           -0.035    15.082    
    SLICE_X59Y10         FDCE (Setup_fdce_C_D)        0.029    15.111    u_counter_up_down/U_Counter_Up_Down/counter_reg[9]
  -------------------------------------------------------------------
                         required time                         15.111    
                         arrival time                         -10.112    
  -------------------------------------------------------------------
                         slack                                  4.999    

Slack (MET) :             5.056ns  (required time - arrival time)
  Source:                 u_counter_up_down/U_Counter_Up_Down/counter_reg[11]/C
                            (rising edge-triggered cell FDCE clocked by sys_clk_pin  {rise@0.000ns fall@5.000ns period=10.000ns})
  Destination:            u_counter_up_down/U_Counter_Up_Down/counter_reg[11]/D
                            (rising edge-triggered cell FDCE clocked by sys_clk_pin  {rise@0.000ns fall@5.000ns period=10.000ns})
  Path Group:             sys_clk_pin
  Path Type:              Setup (Max at Slow Process Corner)
  Requirement:            10.000ns  (sys_clk_pin rise@10.000ns - sys_clk_pin rise@0.000ns)
  Data Path Delay:        4.938ns  (logic 0.952ns (19.279%)  route 3.986ns (80.721%))
  Logic Levels:           4  (LUT2=1 LUT6=3)
  Clock Path Skew:        0.000ns (DCD - SCD + CPR)
    Destination Clock Delay (DCD):    4.858ns = ( 14.858 - 10.000 ) 
    Source Clock Delay      (SCD):    5.157ns
    Clock Pessimism Removal (CPR):    0.299ns
  Clock Uncertainty:      0.035ns  ((TSJ^2 + TIJ^2)^1/2 + DJ) / 2 + PE
    Total System Jitter     (TSJ):    0.071ns
    Total Input Jitter      (TIJ):    0.000ns
    Discrete Jitter          (DJ):    0.000ns
    Phase Error              (PE):    0.000ns

    Location             Delay type                Incr(ns)  Path(ns)    Netlist Resource(s)
  -------------------------------------------------------------------    -------------------
                         (clock sys_clk_pin rise edge)
                                                      0.000     0.000 r  
    W5                                                0.000     0.000 r  clk (IN)
                         net (fo=0)                   0.000     0.000    clk
    W5                   IBUF (Prop_ibuf_I_O)         1.458     1.458 r  clk_IBUF_inst/O
                         net (fo=1, routed)           1.967     3.425    clk_IBUF
    BUFGCTRL_X0Y0        BUFG (Prop_bufg_I_O)         0.096     3.521 r  clk_IBUF_BUFG_inst/O
                         net (fo=61, routed)          1.636     5.157    u_counter_up_down/U_Counter_Up_Down/CLK
    SLICE_X62Y10         FDCE                                         r  u_counter_up_down/U_Counter_Up_Down/counter_reg[11]/C
  -------------------------------------------------------------------    -------------------
    SLICE_X62Y10         FDCE (Prop_fdce_C_Q)         0.456     5.613 r  u_counter_up_down/U_Counter_Up_Down/counter_reg[11]/Q
                         net (fo=50, routed)          1.905     7.518    u_counter_up_down/U_Counter_Up_Down/Q[11]
    SLICE_X61Y16         LUT2 (Prop_lut2_I0_O)        0.124     7.642 r  u_counter_up_down/U_Counter_Up_Down/counter[13]_i_7/O
                         net (fo=2, routed)           0.694     8.336    u_counter_up_down/U_Counter_Up_Down/counter[13]_i_7_n_0
    SLICE_X61Y12         LUT6 (Prop_lut6_I5_O)        0.124     8.460 r  u_counter_up_down/U_Counter_Up_Down/counter[13]_i_9/O
                         net (fo=1, routed)           0.350     8.810    u_counter_up_down/U_Counter_Up_Down/counter[13]_i_9_n_0
    SLICE_X60Y12         LUT6 (Prop_lut6_I0_O)        0.124     8.934 r  u_counter_up_down/U_Counter_Up_Down/counter[13]_i_4/O
                         net (fo=14, routed)          1.037     9.971    u_counter_up_down/U_Counter_Up_Down/counter[13]_i_4_n_0
    SLICE_X62Y10         LUT6 (Prop_lut6_I3_O)        0.124    10.095 r  u_counter_up_down/U_Counter_Up_Down/counter[11]_i_1/O
                         net (fo=1, routed)           0.000    10.095    u_counter_up_down/U_Counter_Up_Down/p_0_in[11]
    SLICE_X62Y10         FDCE                                         r  u_counter_up_down/U_Counter_Up_Down/counter_reg[11]/D
  -------------------------------------------------------------------    -------------------

                         (clock sys_clk_pin rise edge)
                                                     10.000    10.000 r  
    W5                                                0.000    10.000 r  clk (IN)
                         net (fo=0)                   0.000    10.000    clk
    W5                   IBUF (Prop_ibuf_I_O)         1.388    11.388 r  clk_IBUF_inst/O
                         net (fo=1, routed)           1.862    13.250    clk_IBUF
    BUFGCTRL_X0Y0        BUFG (Prop_bufg_I_O)         0.091    13.341 r  clk_IBUF_BUFG_inst/O
                         net (fo=61, routed)          1.517    14.858    u_counter_up_down/U_Counter_Up_Down/CLK
    SLICE_X62Y10         FDCE                                         r  u_counter_up_down/U_Counter_Up_Down/counter_reg[11]/C
                         clock pessimism              0.299    15.157    
                         clock uncertainty           -0.035    15.122    
    SLICE_X62Y10         FDCE (Setup_fdce_C_D)        0.029    15.151    u_counter_up_down/U_Counter_Up_Down/counter_reg[11]
  -------------------------------------------------------------------
                         required time                         15.151    
                         arrival time                         -10.095    
  -------------------------------------------------------------------
                         slack                                  5.056    

Slack (MET) :             5.065ns  (required time - arrival time)
  Source:                 u_counter_up_down/U_Counter_Up_Down/counter_reg[11]/C
                            (rising edge-triggered cell FDCE clocked by sys_clk_pin  {rise@0.000ns fall@5.000ns period=10.000ns})
  Destination:            u_counter_up_down/U_Counter_Up_Down/counter_reg[12]/D
                            (rising edge-triggered cell FDCE clocked by sys_clk_pin  {rise@0.000ns fall@5.000ns period=10.000ns})
  Path Group:             sys_clk_pin
  Path Type:              Setup (Max at Slow Process Corner)
  Requirement:            10.000ns  (sys_clk_pin rise@10.000ns - sys_clk_pin rise@0.000ns)
  Data Path Delay:        4.930ns  (logic 0.952ns (19.310%)  route 3.978ns (80.690%))
  Logic Levels:           4  (LUT2=1 LUT6=3)
  Clock Path Skew:        0.000ns (DCD - SCD + CPR)
    Destination Clock Delay (DCD):    4.858ns = ( 14.858 - 10.000 ) 
    Source Clock Delay      (SCD):    5.157ns
    Clock Pessimism Removal (CPR):    0.299ns
  Clock Uncertainty:      0.035ns  ((TSJ^2 + TIJ^2)^1/2 + DJ) / 2 + PE
    Total System Jitter     (TSJ):    0.071ns
    Total Input Jitter      (TIJ):    0.000ns
    Discrete Jitter          (DJ):    0.000ns
    Phase Error              (PE):    0.000ns

    Location             Delay type                Incr(ns)  Path(ns)    Netlist Resource(s)
  -------------------------------------------------------------------    -------------------
                         (clock sys_clk_pin rise edge)
                                                      0.000     0.000 r  
    W5                                                0.000     0.000 r  clk (IN)
                         net (fo=0)                   0.000     0.000    clk
    W5                   IBUF (Prop_ibuf_I_O)         1.458     1.458 r  clk_IBUF_inst/O
                         net (fo=1, routed)           1.967     3.425    clk_IBUF
    BUFGCTRL_X0Y0        BUFG (Prop_bufg_I_O)         0.096     3.521 r  clk_IBUF_BUFG_inst/O
                         net (fo=61, routed)          1.636     5.157    u_counter_up_down/U_Counter_Up_Down/CLK
    SLICE_X62Y10         FDCE                                         r  u_counter_up_down/U_Counter_Up_Down/counter_reg[11]/C
  -------------------------------------------------------------------    -------------------
    SLICE_X62Y10         FDCE (Prop_fdce_C_Q)         0.456     5.613 r  u_counter_up_down/U_Counter_Up_Down/counter_reg[11]/Q
                         net (fo=50, routed)          1.905     7.518    u_counter_up_down/U_Counter_Up_Down/Q[11]
    SLICE_X61Y16         LUT2 (Prop_lut2_I0_O)        0.124     7.642 r  u_counter_up_down/U_Counter_Up_Down/counter[13]_i_7/O
                         net (fo=2, routed)           0.694     8.336    u_counter_up_down/U_Counter_Up_Down/counter[13]_i_7_n_0
    SLICE_X61Y12         LUT6 (Prop_lut6_I5_O)        0.124     8.460 r  u_counter_up_down/U_Counter_Up_Down/counter[13]_i_9/O
                         net (fo=1, routed)           0.350     8.810    u_counter_up_down/U_Counter_Up_Down/counter[13]_i_9_n_0
    SLICE_X60Y12         LUT6 (Prop_lut6_I0_O)        0.124     8.934 r  u_counter_up_down/U_Counter_Up_Down/counter[13]_i_4/O
                         net (fo=14, routed)          1.029     9.963    u_counter_up_down/U_Counter_Up_Down/counter[13]_i_4_n_0
    SLICE_X62Y10         LUT6 (Prop_lut6_I3_O)        0.124    10.087 r  u_counter_up_down/U_Counter_Up_Down/counter[12]_i_1/O
                         net (fo=1, routed)           0.000    10.087    u_counter_up_down/U_Counter_Up_Down/p_0_in[12]
    SLICE_X62Y10         FDCE                                         r  u_counter_up_down/U_Counter_Up_Down/counter_reg[12]/D
  -------------------------------------------------------------------    -------------------

                         (clock sys_clk_pin rise edge)
                                                     10.000    10.000 r  
    W5                                                0.000    10.000 r  clk (IN)
                         net (fo=0)                   0.000    10.000    clk
    W5                   IBUF (Prop_ibuf_I_O)         1.388    11.388 r  clk_IBUF_inst/O
                         net (fo=1, routed)           1.862    13.250    clk_IBUF
    BUFGCTRL_X0Y0        BUFG (Prop_bufg_I_O)         0.091    13.341 r  clk_IBUF_BUFG_inst/O
                         net (fo=61, routed)          1.517    14.858    u_counter_up_down/U_Counter_Up_Down/CLK
    SLICE_X62Y10         FDCE                                         r  u_counter_up_down/U_Counter_Up_Down/counter_reg[12]/C
                         clock pessimism              0.299    15.157    
                         clock uncertainty           -0.035    15.122    
    SLICE_X62Y10         FDCE (Setup_fdce_C_D)        0.031    15.153    u_counter_up_down/U_Counter_Up_Down/counter_reg[12]
  -------------------------------------------------------------------
                         required time                         15.153    
                         arrival time                         -10.087    
  -------------------------------------------------------------------
                         slack                                  5.065    

Slack (MET) :             5.090ns  (required time - arrival time)
  Source:                 u_counter_up_down/U_Counter_Up_Down/counter_reg[11]/C
                            (rising edge-triggered cell FDCE clocked by sys_clk_pin  {rise@0.000ns fall@5.000ns period=10.000ns})
  Destination:            u_counter_up_down/U_Counter_Up_Down/counter_reg[0]/D
                            (rising edge-triggered cell FDCE clocked by sys_clk_pin  {rise@0.000ns fall@5.000ns period=10.000ns})
  Path Group:             sys_clk_pin
  Path Type:              Setup (Max at Slow Process Corner)
  Requirement:            10.000ns  (sys_clk_pin rise@10.000ns - sys_clk_pin rise@0.000ns)
  Data Path Delay:        4.864ns  (logic 0.828ns (17.024%)  route 4.036ns (82.976%))
  Logic Levels:           3  (LUT2=1 LUT5=1 LUT6=1)
  Clock Path Skew:        -0.040ns (DCD - SCD + CPR)
    Destination Clock Delay (DCD):    4.857ns = ( 14.857 - 10.000 ) 
    Source Clock Delay      (SCD):    5.157ns
    Clock Pessimism Removal (CPR):    0.260ns
  Clock Uncertainty:      0.035ns  ((TSJ^2 + TIJ^2)^1/2 + DJ) / 2 + PE
    Total System Jitter     (TSJ):    0.071ns
    Total Input Jitter      (TIJ):    0.000ns
    Discrete Jitter          (DJ):    0.000ns
    Phase Error              (PE):    0.000ns

    Location             Delay type                Incr(ns)  Path(ns)    Netlist Resource(s)
  -------------------------------------------------------------------    -------------------
                         (clock sys_clk_pin rise edge)
                                                      0.000     0.000 r  
    W5                                                0.000     0.000 r  clk (IN)
                         net (fo=0)                   0.000     0.000    clk
    W5                   IBUF (Prop_ibuf_I_O)         1.458     1.458 r  clk_IBUF_inst/O
                         net (fo=1, routed)           1.967     3.425    clk_IBUF
    BUFGCTRL_X0Y0        BUFG (Prop_bufg_I_O)         0.096     3.521 r  clk_IBUF_BUFG_inst/O
                         net (fo=61, routed)          1.636     5.157    u_counter_up_down/U_Counter_Up_Down/CLK
    SLICE_X62Y10         FDCE                                         r  u_counter_up_down/U_Counter_Up_Down/counter_reg[11]/C
  -------------------------------------------------------------------    -------------------
    SLICE_X62Y10         FDCE (Prop_fdce_C_Q)         0.456     5.613 f  u_counter_up_down/U_Counter_Up_Down/counter_reg[11]/Q
                         net (fo=50, routed)          1.905     7.518    u_counter_up_down/U_Counter_Up_Down/Q[11]
    SLICE_X61Y16         LUT2 (Prop_lut2_I0_O)        0.124     7.642 f  u_counter_up_down/U_Counter_Up_Down/counter[13]_i_7/O
                         net (fo=2, routed)           1.086     8.728    u_counter_up_down/U_Counter_Up_Down/counter[13]_i_7_n_0
    SLICE_X60Y12         LUT6 (Prop_lut6_I0_O)        0.124     8.852 r  u_counter_up_down/U_Counter_Up_Down/counter[13]_i_3/O
                         net (fo=14, routed)          1.044     9.897    u_counter_up_down/U_Counter_Up_Down/counter[13]_i_3_n_0
    SLICE_X59Y9          LUT5 (Prop_lut5_I0_O)        0.124    10.021 r  u_counter_up_down/U_Counter_Up_Down/counter[0]_i_1/O
                         net (fo=1, routed)           0.000    10.021    u_counter_up_down/U_Counter_Up_Down/p_0_in[0]
    SLICE_X59Y9          FDCE                                         r  u_counter_up_down/U_Counter_Up_Down/counter_reg[0]/D
  -------------------------------------------------------------------    -------------------

                         (clock sys_clk_pin rise edge)
                                                     10.000    10.000 r  
    W5                                                0.000    10.000 r  clk (IN)
                         net (fo=0)                   0.000    10.000    clk
    W5                   IBUF (Prop_ibuf_I_O)         1.388    11.388 r  clk_IBUF_inst/O
                         net (fo=1, routed)           1.862    13.250    clk_IBUF
    BUFGCTRL_X0Y0        BUFG (Prop_bufg_I_O)         0.091    13.341 r  clk_IBUF_BUFG_inst/O
                         net (fo=61, routed)          1.516    14.857    u_counter_up_down/U_Counter_Up_Down/CLK
    SLICE_X59Y9          FDCE                                         r  u_counter_up_down/U_Counter_Up_Down/counter_reg[0]/C
                         clock pessimism              0.260    15.117    
                         clock uncertainty           -0.035    15.082    
    SLICE_X59Y9          FDCE (Setup_fdce_C_D)        0.029    15.111    u_counter_up_down/U_Counter_Up_Down/counter_reg[0]
  -------------------------------------------------------------------
                         required time                         15.111    
                         arrival time                         -10.021    
  -------------------------------------------------------------------
                         slack                                  5.090    

Slack (MET) :             5.117ns  (required time - arrival time)
  Source:                 u_counter_up_down/U_Counter_Up_Down/counter_reg[11]/C
                            (rising edge-triggered cell FDCE clocked by sys_clk_pin  {rise@0.000ns fall@5.000ns period=10.000ns})
  Destination:            u_counter_up_down/U_Counter_Up_Down/counter_reg[3]/D
                            (rising edge-triggered cell FDCE clocked by sys_clk_pin  {rise@0.000ns fall@5.000ns period=10.000ns})
  Path Group:             sys_clk_pin
  Path Type:              Setup (Max at Slow Process Corner)
  Requirement:            10.000ns  (sys_clk_pin rise@10.000ns - sys_clk_pin rise@0.000ns)
  Data Path Delay:        4.854ns  (logic 0.828ns (17.056%)  route 4.026ns (82.944%))
  Logic Levels:           3  (LUT2=1 LUT6=2)
  Clock Path Skew:        -0.024ns (DCD - SCD + CPR)
    Destination Clock Delay (DCD):    4.859ns = ( 14.859 - 10.000 ) 
    Source Clock Delay      (SCD):    5.157ns
    Clock Pessimism Removal (CPR):    0.274ns
  Clock Uncertainty:      0.035ns  ((TSJ^2 + TIJ^2)^1/2 + DJ) / 2 + PE
    Total System Jitter     (TSJ):    0.071ns
    Total Input Jitter      (TIJ):    0.000ns
    Discrete Jitter          (DJ):    0.000ns
    Phase Error              (PE):    0.000ns

    Location             Delay type                Incr(ns)  Path(ns)    Netlist Resource(s)
  -------------------------------------------------------------------    -------------------
                         (clock sys_clk_pin rise edge)
                                                      0.000     0.000 r  
    W5                                                0.000     0.000 r  clk (IN)
                         net (fo=0)                   0.000     0.000    clk
    W5                   IBUF (Prop_ibuf_I_O)         1.458     1.458 r  clk_IBUF_inst/O
                         net (fo=1, routed)           1.967     3.425    clk_IBUF
    BUFGCTRL_X0Y0        BUFG (Prop_bufg_I_O)         0.096     3.521 r  clk_IBUF_BUFG_inst/O
                         net (fo=61, routed)          1.636     5.157    u_counter_up_down/U_Counter_Up_Down/CLK
    SLICE_X62Y10         FDCE                                         r  u_counter_up_down/U_Counter_Up_Down/counter_reg[11]/C
  -------------------------------------------------------------------    -------------------
    SLICE_X62Y10         FDCE (Prop_fdce_C_Q)         0.456     5.613 f  u_counter_up_down/U_Counter_Up_Down/counter_reg[11]/Q
                         net (fo=50, routed)          1.905     7.518    u_counter_up_down/U_Counter_Up_Down/Q[11]
    SLICE_X61Y16         LUT2 (Prop_lut2_I0_O)        0.124     7.642 f  u_counter_up_down/U_Counter_Up_Down/counter[13]_i_7/O
                         net (fo=2, routed)           1.086     8.728    u_counter_up_down/U_Counter_Up_Down/counter[13]_i_7_n_0
    SLICE_X60Y12         LUT6 (Prop_lut6_I0_O)        0.124     8.852 r  u_counter_up_down/U_Counter_Up_Down/counter[13]_i_3/O
                         net (fo=14, routed)          1.035     9.888    u_counter_up_down/U_Counter_Up_Down/counter[13]_i_3_n_0
    SLICE_X62Y8          LUT6 (Prop_lut6_I0_O)        0.124    10.012 r  u_counter_up_down/U_Counter_Up_Down/counter[3]_i_1/O
                         net (fo=1, routed)           0.000    10.012    u_counter_up_down/U_Counter_Up_Down/p_0_in[3]
    SLICE_X62Y8          FDCE                                         r  u_counter_up_down/U_Counter_Up_Down/counter_reg[3]/D
  -------------------------------------------------------------------    -------------------

                         (clock sys_clk_pin rise edge)
                                                     10.000    10.000 r  
    W5                                                0.000    10.000 r  clk (IN)
                         net (fo=0)                   0.000    10.000    clk
    W5                   IBUF (Prop_ibuf_I_O)         1.388    11.388 r  clk_IBUF_inst/O
                         net (fo=1, routed)           1.862    13.250    clk_IBUF
    BUFGCTRL_X0Y0        BUFG (Prop_bufg_I_O)         0.091    13.341 r  clk_IBUF_BUFG_inst/O
                         net (fo=61, routed)          1.518    14.859    u_counter_up_down/U_Counter_Up_Down/CLK
    SLICE_X62Y8          FDCE                                         r  u_counter_up_down/U_Counter_Up_Down/counter_reg[3]/C
                         clock pessimism              0.274    15.133    
                         clock uncertainty           -0.035    15.098    
    SLICE_X62Y8          FDCE (Setup_fdce_C_D)        0.031    15.129    u_counter_up_down/U_Counter_Up_Down/counter_reg[3]
  -------------------------------------------------------------------
                         required time                         15.129    
                         arrival time                         -10.012    
  -------------------------------------------------------------------
                         slack                                  5.117    

Slack (MET) :             5.150ns  (required time - arrival time)
  Source:                 u_counter_up_down/U_Counter_Up_Down/counter_reg[11]/C
                            (rising edge-triggered cell FDCE clocked by sys_clk_pin  {rise@0.000ns fall@5.000ns period=10.000ns})
  Destination:            u_counter_up_down/U_Counter_Up_Down/counter_reg[7]/D
                            (rising edge-triggered cell FDCE clocked by sys_clk_pin  {rise@0.000ns fall@5.000ns period=10.000ns})
  Path Group:             sys_clk_pin
  Path Type:              Setup (Max at Slow Process Corner)
  Requirement:            10.000ns  (sys_clk_pin rise@10.000ns - sys_clk_pin rise@0.000ns)
  Data Path Delay:        4.820ns  (logic 0.952ns (19.750%)  route 3.868ns (80.250%))
  Logic Levels:           4  (LUT2=1 LUT6=3)
  Clock Path Skew:        -0.025ns (DCD - SCD + CPR)
    Destination Clock Delay (DCD):    4.858ns = ( 14.858 - 10.000 ) 
    Source Clock Delay      (SCD):    5.157ns
    Clock Pessimism Removal (CPR):    0.274ns
  Clock Uncertainty:      0.035ns  ((TSJ^2 + TIJ^2)^1/2 + DJ) / 2 + PE
    Total System Jitter     (TSJ):    0.071ns
    Total Input Jitter      (TIJ):    0.000ns
    Discrete Jitter          (DJ):    0.000ns
    Phase Error              (PE):    0.000ns

    Location             Delay type                Incr(ns)  Path(ns)    Netlist Resource(s)
  -------------------------------------------------------------------    -------------------
                         (clock sys_clk_pin rise edge)
                                                      0.000     0.000 r  
    W5                                                0.000     0.000 r  clk (IN)
                         net (fo=0)                   0.000     0.000    clk
    W5                   IBUF (Prop_ibuf_I_O)         1.458     1.458 r  clk_IBUF_inst/O
                         net (fo=1, routed)           1.967     3.425    clk_IBUF
    BUFGCTRL_X0Y0        BUFG (Prop_bufg_I_O)         0.096     3.521 r  clk_IBUF_BUFG_inst/O
                         net (fo=61, routed)          1.636     5.157    u_counter_up_down/U_Counter_Up_Down/CLK
    SLICE_X62Y10         FDCE                                         r  u_counter_up_down/U_Counter_Up_Down/counter_reg[11]/C
  -------------------------------------------------------------------    -------------------
    SLICE_X62Y10         FDCE (Prop_fdce_C_Q)         0.456     5.613 r  u_counter_up_down/U_Counter_Up_Down/counter_reg[11]/Q
                         net (fo=50, routed)          1.905     7.518    u_counter_up_down/U_Counter_Up_Down/Q[11]
    SLICE_X61Y16         LUT2 (Prop_lut2_I0_O)        0.124     7.642 r  u_counter_up_down/U_Counter_Up_Down/counter[13]_i_7/O
                         net (fo=2, routed)           0.694     8.336    u_counter_up_down/U_Counter_Up_Down/counter[13]_i_7_n_0
    SLICE_X61Y12         LUT6 (Prop_lut6_I5_O)        0.124     8.460 r  u_counter_up_down/U_Counter_Up_Down/counter[13]_i_9/O
                         net (fo=1, routed)           0.350     8.810    u_counter_up_down/U_Counter_Up_Down/counter[13]_i_9_n_0
    SLICE_X60Y12         LUT6 (Prop_lut6_I0_O)        0.124     8.934 r  u_counter_up_down/U_Counter_Up_Down/counter[13]_i_4/O
                         net (fo=14, routed)          0.919     9.854    u_counter_up_down/U_Counter_Up_Down/counter[13]_i_4_n_0
    SLICE_X62Y9          LUT6 (Prop_lut6_I3_O)        0.124     9.978 r  u_counter_up_down/U_Counter_Up_Down/counter[7]_i_1/O
                         net (fo=1, routed)           0.000     9.978    u_counter_up_down/U_Counter_Up_Down/p_0_in[7]
    SLICE_X62Y9          FDCE                                         r  u_counter_up_down/U_Counter_Up_Down/counter_reg[7]/D
  -------------------------------------------------------------------    -------------------

                         (clock sys_clk_pin rise edge)
                                                     10.000    10.000 r  
    W5                                                0.000    10.000 r  clk (IN)
                         net (fo=0)                   0.000    10.000    clk
    W5                   IBUF (Prop_ibuf_I_O)         1.388    11.388 r  clk_IBUF_inst/O
                         net (fo=1, routed)           1.862    13.250    clk_IBUF
    BUFGCTRL_X0Y0        BUFG (Prop_bufg_I_O)         0.091    13.341 r  clk_IBUF_BUFG_inst/O
                         net (fo=61, routed)          1.517    14.858    u_counter_up_down/U_Counter_Up_Down/CLK
    SLICE_X62Y9          FDCE                                         r  u_counter_up_down/U_Counter_Up_Down/counter_reg[7]/C
                         clock pessimism              0.274    15.132    
                         clock uncertainty           -0.035    15.097    
    SLICE_X62Y9          FDCE (Setup_fdce_C_D)        0.031    15.128    u_counter_up_down/U_Counter_Up_Down/counter_reg[7]
  -------------------------------------------------------------------
                         required time                         15.128    
                         arrival time                          -9.978    
  -------------------------------------------------------------------
                         slack                                  5.150    

Slack (MET) :             5.188ns  (required time - arrival time)
  Source:                 u_counter_up_down/U_Counter_Up_Down/counter_reg[11]/C
                            (rising edge-triggered cell FDCE clocked by sys_clk_pin  {rise@0.000ns fall@5.000ns period=10.000ns})
  Destination:            u_counter_up_down/U_Counter_Up_Down/counter_reg[10]/D
                            (rising edge-triggered cell FDCE clocked by sys_clk_pin  {rise@0.000ns fall@5.000ns period=10.000ns})
  Path Group:             sys_clk_pin
  Path Type:              Setup (Max at Slow Process Corner)
  Requirement:            10.000ns  (sys_clk_pin rise@10.000ns - sys_clk_pin rise@0.000ns)
  Data Path Delay:        4.809ns  (logic 0.828ns (17.219%)  route 3.981ns (82.781%))
  Logic Levels:           3  (LUT2=1 LUT6=2)
  Clock Path Skew:        0.000ns (DCD - SCD + CPR)
    Destination Clock Delay (DCD):    4.858ns = ( 14.858 - 10.000 ) 
    Source Clock Delay      (SCD):    5.157ns
    Clock Pessimism Removal (CPR):    0.299ns
  Clock Uncertainty:      0.035ns  ((TSJ^2 + TIJ^2)^1/2 + DJ) / 2 + PE
    Total System Jitter     (TSJ):    0.071ns
    Total Input Jitter      (TIJ):    0.000ns
    Discrete Jitter          (DJ):    0.000ns
    Phase Error              (PE):    0.000ns

    Location             Delay type                Incr(ns)  Path(ns)    Netlist Resource(s)
  -------------------------------------------------------------------    -------------------
                         (clock sys_clk_pin rise edge)
                                                      0.000     0.000 r  
    W5                                                0.000     0.000 r  clk (IN)
                         net (fo=0)                   0.000     0.000    clk
    W5                   IBUF (Prop_ibuf_I_O)         1.458     1.458 r  clk_IBUF_inst/O
                         net (fo=1, routed)           1.967     3.425    clk_IBUF
    BUFGCTRL_X0Y0        BUFG (Prop_bufg_I_O)         0.096     3.521 r  clk_IBUF_BUFG_inst/O
                         net (fo=61, routed)          1.636     5.157    u_counter_up_down/U_Counter_Up_Down/CLK
    SLICE_X62Y10         FDCE                                         r  u_counter_up_down/U_Counter_Up_Down/counter_reg[11]/C
  -------------------------------------------------------------------    -------------------
    SLICE_X62Y10         FDCE (Prop_fdce_C_Q)         0.456     5.613 f  u_counter_up_down/U_Counter_Up_Down/counter_reg[11]/Q
                         net (fo=50, routed)          1.905     7.518    u_counter_up_down/U_Counter_Up_Down/Q[11]
    SLICE_X61Y16         LUT2 (Prop_lut2_I0_O)        0.124     7.642 f  u_counter_up_down/U_Counter_Up_Down/counter[13]_i_7/O
                         net (fo=2, routed)           1.086     8.728    u_counter_up_down/U_Counter_Up_Down/counter[13]_i_7_n_0
    SLICE_X60Y12         LUT6 (Prop_lut6_I0_O)        0.124     8.852 r  u_counter_up_down/U_Counter_Up_Down/counter[13]_i_3/O
                         net (fo=14, routed)          0.989     9.842    u_counter_up_down/U_Counter_Up_Down/counter[13]_i_3_n_0
    SLICE_X62Y10         LUT6 (Prop_lut6_I0_O)        0.124     9.966 r  u_counter_up_down/U_Counter_Up_Down/counter[10]_i_1/O
                         net (fo=1, routed)           0.000     9.966    u_counter_up_down/U_Counter_Up_Down/p_0_in[10]
    SLICE_X62Y10         FDCE                                         r  u_counter_up_down/U_Counter_Up_Down/counter_reg[10]/D
  -------------------------------------------------------------------    -------------------

                         (clock sys_clk_pin rise edge)
                                                     10.000    10.000 r  
    W5                                                0.000    10.000 r  clk (IN)
                         net (fo=0)                   0.000    10.000    clk
    W5                   IBUF (Prop_ibuf_I_O)         1.388    11.388 r  clk_IBUF_inst/O
                         net (fo=1, routed)           1.862    13.250    clk_IBUF
    BUFGCTRL_X0Y0        BUFG (Prop_bufg_I_O)         0.091    13.341 r  clk_IBUF_BUFG_inst/O
                         net (fo=61, routed)          1.517    14.858    u_counter_up_down/U_Counter_Up_Down/CLK
    SLICE_X62Y10         FDCE                                         r  u_counter_up_down/U_Counter_Up_Down/counter_reg[10]/C
                         clock pessimism              0.299    15.157    
                         clock uncertainty           -0.035    15.122    
    SLICE_X62Y10         FDCE (Setup_fdce_C_D)        0.032    15.154    u_counter_up_down/U_Counter_Up_Down/counter_reg[10]
  -------------------------------------------------------------------
                         required time                         15.154    
                         arrival time                          -9.966    
  -------------------------------------------------------------------
                         slack                                  5.188    





Min Delay Paths
--------------------------------------------------------------------------------------
Slack (MET) :             0.276ns  (arrival time - required time)
  Source:                 u_counter_up_down/U_Counter_Up_Down/counter_reg[0]/C
                            (rising edge-triggered cell FDCE clocked by sys_clk_pin  {rise@0.000ns fall@5.000ns period=10.000ns})
  Destination:            u_counter_up_down/U_Counter_Up_Down/counter_reg[0]/D
                            (rising edge-triggered cell FDCE clocked by sys_clk_pin  {rise@0.000ns fall@5.000ns period=10.000ns})
  Path Group:             sys_clk_pin
  Path Type:              Hold (Min at Fast Process Corner)
  Requirement:            0.000ns  (sys_clk_pin rise@0.000ns - sys_clk_pin rise@0.000ns)
  Data Path Delay:        0.367ns  (logic 0.186ns (50.750%)  route 0.181ns (49.250%))
  Logic Levels:           1  (LUT5=1)
  Clock Path Skew:        0.000ns (DCD - SCD - CPR)
    Destination Clock Delay (DCD):    1.990ns
    Source Clock Delay      (SCD):    1.476ns
    Clock Pessimism Removal (CPR):    0.514ns

    Location             Delay type                Incr(ns)  Path(ns)    Netlist Resource(s)
  -------------------------------------------------------------------    -------------------
                         (clock sys_clk_pin rise edge)
                                                      0.000     0.000 r  
    W5                                                0.000     0.000 r  clk (IN)
                         net (fo=0)                   0.000     0.000    clk
    W5                   IBUF (Prop_ibuf_I_O)         0.226     0.226 r  clk_IBUF_inst/O
                         net (fo=1, routed)           0.631     0.858    clk_IBUF
    BUFGCTRL_X0Y0        BUFG (Prop_bufg_I_O)         0.026     0.884 r  clk_IBUF_BUFG_inst/O
                         net (fo=61, routed)          0.593     1.476    u_counter_up_down/U_Counter_Up_Down/CLK
    SLICE_X59Y9          FDCE                                         r  u_counter_up_down/U_Counter_Up_Down/counter_reg[0]/C
  -------------------------------------------------------------------    -------------------
    SLICE_X59Y9          FDCE (Prop_fdce_C_Q)         0.141     1.617 f  u_counter_up_down/U_Counter_Up_Down/counter_reg[0]/Q
                         net (fo=16, routed)          0.181     1.798    u_counter_up_down/U_Counter_Up_Down/Q[0]
    SLICE_X59Y9          LUT5 (Prop_lut5_I3_O)        0.045     1.843 r  u_counter_up_down/U_Counter_Up_Down/counter[0]_i_1/O
                         net (fo=1, routed)           0.000     1.843    u_counter_up_down/U_Counter_Up_Down/p_0_in[0]
    SLICE_X59Y9          FDCE                                         r  u_counter_up_down/U_Counter_Up_Down/counter_reg[0]/D
  -------------------------------------------------------------------    -------------------

                         (clock sys_clk_pin rise edge)
                                                      0.000     0.000 r  
    W5                                                0.000     0.000 r  clk (IN)
                         net (fo=0)                   0.000     0.000    clk
    W5                   IBUF (Prop_ibuf_I_O)         0.414     0.414 r  clk_IBUF_inst/O
                         net (fo=1, routed)           0.685     1.099    clk_IBUF
    BUFGCTRL_X0Y0        BUFG (Prop_bufg_I_O)         0.029     1.128 r  clk_IBUF_BUFG_inst/O
                         net (fo=61, routed)          0.863     1.990    u_counter_up_down/U_Counter_Up_Down/CLK
    SLICE_X59Y9          FDCE                                         r  u_counter_up_down/U_Counter_Up_Down/counter_reg[0]/C
                         clock pessimism             -0.514     1.476    
    SLICE_X59Y9          FDCE (Hold_fdce_C_D)         0.091     1.567    u_counter_up_down/U_Counter_Up_Down/counter_reg[0]
  -------------------------------------------------------------------
                         required time                         -1.567    
                         arrival time                           1.843    
  -------------------------------------------------------------------
                         slack                                  0.276    

Slack (MET) :             0.284ns  (arrival time - required time)
  Source:                 U_FndController/U_Conter_2big/count_reg[1]/C
                            (rising edge-triggered cell FDCE clocked by sys_clk_pin  {rise@0.000ns fall@5.000ns period=10.000ns})
  Destination:            U_FndController/U_Conter_2big/count_reg[1]/D
                            (rising edge-triggered cell FDCE clocked by sys_clk_pin  {rise@0.000ns fall@5.000ns period=10.000ns})
  Path Group:             sys_clk_pin
  Path Type:              Hold (Min at Fast Process Corner)
  Requirement:            0.000ns  (sys_clk_pin rise@0.000ns - sys_clk_pin rise@0.000ns)
  Data Path Delay:        0.415ns  (logic 0.249ns (59.981%)  route 0.166ns (40.019%))
  Logic Levels:           1  (LUT3=1)
  Clock Path Skew:        0.000ns (DCD - SCD - CPR)
    Destination Clock Delay (DCD):    1.981ns
    Source Clock Delay      (SCD):    1.469ns
    Clock Pessimism Removal (CPR):    0.512ns

    Location             Delay type                Incr(ns)  Path(ns)    Netlist Resource(s)
  -------------------------------------------------------------------    -------------------
                         (clock sys_clk_pin rise edge)
                                                      0.000     0.000 r  
    W5                                                0.000     0.000 r  clk (IN)
                         net (fo=0)                   0.000     0.000    clk
    W5                   IBUF (Prop_ibuf_I_O)         0.226     0.226 r  clk_IBUF_inst/O
                         net (fo=1, routed)           0.631     0.858    clk_IBUF
    BUFGCTRL_X0Y0        BUFG (Prop_bufg_I_O)         0.026     0.884 r  clk_IBUF_BUFG_inst/O
                         net (fo=61, routed)          0.586     1.469    U_FndController/U_Conter_2big/CLK
    SLICE_X60Y19         FDCE                                         r  U_FndController/U_Conter_2big/count_reg[1]/C
  -------------------------------------------------------------------    -------------------
    SLICE_X60Y19         FDCE (Prop_fdce_C_Q)         0.148     1.617 r  U_FndController/U_Conter_2big/count_reg[1]/Q
                         net (fo=16, routed)          0.166     1.783    U_FndController/U_Conter_2big/count_reg[1]_0
    SLICE_X60Y19         LUT3 (Prop_lut3_I2_O)        0.101     1.884 r  U_FndController/U_Conter_2big/count[1]_i_1/O
                         net (fo=1, routed)           0.000     1.884    U_FndController/U_Conter_2big/count[1]_i_1_n_0
    SLICE_X60Y19         FDCE                                         r  U_FndController/U_Conter_2big/count_reg[1]/D
  -------------------------------------------------------------------    -------------------

                         (clock sys_clk_pin rise edge)
                                                      0.000     0.000 r  
    W5                                                0.000     0.000 r  clk (IN)
                         net (fo=0)                   0.000     0.000    clk
    W5                   IBUF (Prop_ibuf_I_O)         0.414     0.414 r  clk_IBUF_inst/O
                         net (fo=1, routed)           0.685     1.099    clk_IBUF
    BUFGCTRL_X0Y0        BUFG (Prop_bufg_I_O)         0.029     1.128 r  clk_IBUF_BUFG_inst/O
                         net (fo=61, routed)          0.854     1.981    U_FndController/U_Conter_2big/CLK
    SLICE_X60Y19         FDCE                                         r  U_FndController/U_Conter_2big/count_reg[1]/C
                         clock pessimism             -0.512     1.469    
    SLICE_X60Y19         FDCE (Hold_fdce_C_D)         0.131     1.600    U_FndController/U_Conter_2big/count_reg[1]
  -------------------------------------------------------------------
                         required time                         -1.600    
                         arrival time                           1.884    
  -------------------------------------------------------------------
                         slack                                  0.284    

Slack (MET) :             0.301ns  (arrival time - required time)
  Source:                 u_counter_up_down/u_counter_CU/FSM_sequential_state_reg[1]/C
                            (rising edge-triggered cell FDCE clocked by sys_clk_pin  {rise@0.000ns fall@5.000ns period=10.000ns})
  Destination:            u_counter_up_down/u_counter_CU/FSM_sequential_state_reg[1]/D
                            (rising edge-triggered cell FDCE clocked by sys_clk_pin  {rise@0.000ns fall@5.000ns period=10.000ns})
  Path Group:             sys_clk_pin
  Path Type:              Hold (Min at Fast Process Corner)
  Requirement:            0.000ns  (sys_clk_pin rise@0.000ns - sys_clk_pin rise@0.000ns)
  Data Path Delay:        0.408ns  (logic 0.230ns (56.379%)  route 0.178ns (43.621%))
  Logic Levels:           1  (LUT5=1)
  Clock Path Skew:        0.000ns (DCD - SCD - CPR)
    Destination Clock Delay (DCD):    1.961ns
    Source Clock Delay      (SCD):    1.447ns
    Clock Pessimism Removal (CPR):    0.514ns

    Location             Delay type                Incr(ns)  Path(ns)    Netlist Resource(s)
  -------------------------------------------------------------------    -------------------
                         (clock sys_clk_pin rise edge)
                                                      0.000     0.000 r  
    W5                                                0.000     0.000 r  clk (IN)
                         net (fo=0)                   0.000     0.000    clk
    W5                   IBUF (Prop_ibuf_I_O)         0.226     0.226 r  clk_IBUF_inst/O
                         net (fo=1, routed)           0.631     0.858    clk_IBUF
    BUFGCTRL_X0Y0        BUFG (Prop_bufg_I_O)         0.026     0.884 r  clk_IBUF_BUFG_inst/O
                         net (fo=61, routed)          0.564     1.447    u_counter_up_down/u_counter_CU/CLK
    SLICE_X48Y10         FDCE                                         r  u_counter_up_down/u_counter_CU/FSM_sequential_state_reg[1]/C
  -------------------------------------------------------------------    -------------------
    SLICE_X48Y10         FDCE (Prop_fdce_C_Q)         0.128     1.575 r  u_counter_up_down/u_counter_CU/FSM_sequential_state_reg[1]/Q
                         net (fo=17, routed)          0.178     1.753    u_counter_up_down/u_counter_CU/count_state[0]
    SLICE_X48Y10         LUT5 (Prop_lut5_I2_O)        0.102     1.855 r  u_counter_up_down/u_counter_CU/FSM_sequential_state[1]_i_1/O
                         net (fo=1, routed)           0.000     1.855    u_counter_up_down/u_counter_CU/FSM_sequential_state[1]_i_1_n_0
    SLICE_X48Y10         FDCE                                         r  u_counter_up_down/u_counter_CU/FSM_sequential_state_reg[1]/D
  -------------------------------------------------------------------    -------------------

                         (clock sys_clk_pin rise edge)
                                                      0.000     0.000 r  
    W5                                                0.000     0.000 r  clk (IN)
                         net (fo=0)                   0.000     0.000    clk
    W5                   IBUF (Prop_ibuf_I_O)         0.414     0.414 r  clk_IBUF_inst/O
                         net (fo=1, routed)           0.685     1.099    clk_IBUF
    BUFGCTRL_X0Y0        BUFG (Prop_bufg_I_O)         0.029     1.128 r  clk_IBUF_BUFG_inst/O
                         net (fo=61, routed)          0.834     1.961    u_counter_up_down/u_counter_CU/CLK
    SLICE_X48Y10         FDCE                                         r  u_counter_up_down/u_counter_CU/FSM_sequential_state_reg[1]/C
                         clock pessimism             -0.514     1.447    
    SLICE_X48Y10         FDCE (Hold_fdce_C_D)         0.107     1.554    u_counter_up_down/u_counter_CU/FSM_sequential_state_reg[1]
  -------------------------------------------------------------------
                         required time                         -1.554    
                         arrival time                           1.855    
  -------------------------------------------------------------------
                         slack                                  0.301    

Slack (MET) :             0.312ns  (arrival time - required time)
  Source:                 U_FndController/U_Clk_Div_1Khz/tick_reg/C
                            (rising edge-triggered cell FDCE clocked by sys_clk_pin  {rise@0.000ns fall@5.000ns period=10.000ns})
  Destination:            U_FndController/U_Conter_2big/count_reg[0]/D
                            (rising edge-triggered cell FDCE clocked by sys_clk_pin  {rise@0.000ns fall@5.000ns period=10.000ns})
  Path Group:             sys_clk_pin
  Path Type:              Hold (Min at Fast Process Corner)
  Requirement:            0.000ns  (sys_clk_pin rise@0.000ns - sys_clk_pin rise@0.000ns)
  Data Path Delay:        0.432ns  (logic 0.209ns (48.368%)  route 0.223ns (51.632%))
  Logic Levels:           1  (LUT2=1)
  Clock Path Skew:        0.000ns (DCD - SCD - CPR)
    Destination Clock Delay (DCD):    1.981ns
    Source Clock Delay      (SCD):    1.469ns
    Clock Pessimism Removal (CPR):    0.512ns

    Location             Delay type                Incr(ns)  Path(ns)    Netlist Resource(s)
  -------------------------------------------------------------------    -------------------
                         (clock sys_clk_pin rise edge)
                                                      0.000     0.000 r  
    W5                                                0.000     0.000 r  clk (IN)
                         net (fo=0)                   0.000     0.000    clk
    W5                   IBUF (Prop_ibuf_I_O)         0.226     0.226 r  clk_IBUF_inst/O
                         net (fo=1, routed)           0.631     0.858    clk_IBUF
    BUFGCTRL_X0Y0        BUFG (Prop_bufg_I_O)         0.026     0.884 r  clk_IBUF_BUFG_inst/O
                         net (fo=61, routed)          0.586     1.469    U_FndController/U_Clk_Div_1Khz/CLK
    SLICE_X60Y19         FDCE                                         r  U_FndController/U_Clk_Div_1Khz/tick_reg/C
  -------------------------------------------------------------------    -------------------
    SLICE_X60Y19         FDCE (Prop_fdce_C_Q)         0.164     1.633 r  U_FndController/U_Clk_Div_1Khz/tick_reg/Q
                         net (fo=2, routed)           0.223     1.856    U_FndController/U_Conter_2big/count_reg[1]_4
    SLICE_X60Y19         LUT2 (Prop_lut2_I0_O)        0.045     1.901 r  U_FndController/U_Conter_2big/count[0]_i_1/O
                         net (fo=1, routed)           0.000     1.901    U_FndController/U_Conter_2big/count[0]_i_1_n_0
    SLICE_X60Y19         FDCE                                         r  U_FndController/U_Conter_2big/count_reg[0]/D
  -------------------------------------------------------------------    -------------------

                         (clock sys_clk_pin rise edge)
                                                      0.000     0.000 r  
    W5                                                0.000     0.000 r  clk (IN)
                         net (fo=0)                   0.000     0.000    clk
    W5                   IBUF (Prop_ibuf_I_O)         0.414     0.414 r  clk_IBUF_inst/O
                         net (fo=1, routed)           0.685     1.099    clk_IBUF
    BUFGCTRL_X0Y0        BUFG (Prop_bufg_I_O)         0.029     1.128 r  clk_IBUF_BUFG_inst/O
                         net (fo=61, routed)          0.854     1.981    U_FndController/U_Conter_2big/CLK
    SLICE_X60Y19         FDCE                                         r  U_FndController/U_Conter_2big/count_reg[0]/C
                         clock pessimism             -0.512     1.469    
    SLICE_X60Y19         FDCE (Hold_fdce_C_D)         0.120     1.589    U_FndController/U_Conter_2big/count_reg[0]
  -------------------------------------------------------------------
                         required time                         -1.589    
                         arrival time                           1.901    
  -------------------------------------------------------------------
                         slack                                  0.312    

Slack (MET) :             0.314ns  (arrival time - required time)
  Source:                 u_counter_up_down/u_counter_CU/FSM_sequential_state_reg[1]/C
                            (rising edge-triggered cell FDCE clocked by sys_clk_pin  {rise@0.000ns fall@5.000ns period=10.000ns})
  Destination:            u_counter_up_down/u_counter_CU/FSM_sequential_state_reg[0]/D
                            (rising edge-triggered cell FDCE clocked by sys_clk_pin  {rise@0.000ns fall@5.000ns period=10.000ns})
  Path Group:             sys_clk_pin
  Path Type:              Hold (Min at Fast Process Corner)
  Requirement:            0.000ns  (sys_clk_pin rise@0.000ns - sys_clk_pin rise@0.000ns)
  Data Path Delay:        0.405ns  (logic 0.227ns (56.056%)  route 0.178ns (43.944%))
  Logic Levels:           1  (LUT5=1)
  Clock Path Skew:        0.000ns (DCD - SCD - CPR)
    Destination Clock Delay (DCD):    1.961ns
    Source Clock Delay      (SCD):    1.447ns
    Clock Pessimism Removal (CPR):    0.514ns

    Location             Delay type                Incr(ns)  Path(ns)    Netlist Resource(s)
  -------------------------------------------------------------------    -------------------
                         (clock sys_clk_pin rise edge)
                                                      0.000     0.000 r  
    W5                                                0.000     0.000 r  clk (IN)
                         net (fo=0)                   0.000     0.000    clk
    W5                   IBUF (Prop_ibuf_I_O)         0.226     0.226 r  clk_IBUF_inst/O
                         net (fo=1, routed)           0.631     0.858    clk_IBUF
    BUFGCTRL_X0Y0        BUFG (Prop_bufg_I_O)         0.026     0.884 r  clk_IBUF_BUFG_inst/O
                         net (fo=61, routed)          0.564     1.447    u_counter_up_down/u_counter_CU/CLK
    SLICE_X48Y10         FDCE                                         r  u_counter_up_down/u_counter_CU/FSM_sequential_state_reg[1]/C
  -------------------------------------------------------------------    -------------------
    SLICE_X48Y10         FDCE (Prop_fdce_C_Q)         0.128     1.575 r  u_counter_up_down/u_counter_CU/FSM_sequential_state_reg[1]/Q
                         net (fo=17, routed)          0.178     1.753    u_counter_up_down/u_counter_CU/count_state[0]
    SLICE_X48Y10         LUT5 (Prop_lut5_I2_O)        0.099     1.852 r  u_counter_up_down/u_counter_CU/FSM_sequential_state[0]_i_1/O
                         net (fo=1, routed)           0.000     1.852    u_counter_up_down/u_counter_CU/FSM_sequential_state[0]_i_1_n_0
    SLICE_X48Y10         FDCE                                         r  u_counter_up_down/u_counter_CU/FSM_sequential_state_reg[0]/D
  -------------------------------------------------------------------    -------------------

                         (clock sys_clk_pin rise edge)
                                                      0.000     0.000 r  
    W5                                                0.000     0.000 r  clk (IN)
                         net (fo=0)                   0.000     0.000    clk
    W5                   IBUF (Prop_ibuf_I_O)         0.414     0.414 r  clk_IBUF_inst/O
                         net (fo=1, routed)           0.685     1.099    clk_IBUF
    BUFGCTRL_X0Y0        BUFG (Prop_bufg_I_O)         0.029     1.128 r  clk_IBUF_BUFG_inst/O
                         net (fo=61, routed)          0.834     1.961    u_counter_up_down/u_counter_CU/CLK
    SLICE_X48Y10         FDCE                                         r  u_counter_up_down/u_counter_CU/FSM_sequential_state_reg[0]/C
                         clock pessimism             -0.514     1.447    
    SLICE_X48Y10         FDCE (Hold_fdce_C_D)         0.091     1.538    u_counter_up_down/u_counter_CU/FSM_sequential_state_reg[0]
  -------------------------------------------------------------------
                         required time                         -1.538    
                         arrival time                           1.852    
  -------------------------------------------------------------------
                         slack                                  0.314    

Slack (MET) :             0.325ns  (arrival time - required time)
  Source:                 u_counter_up_down/U_Clk_Div_10Hz/div_counter_reg[0]/C
                            (rising edge-triggered cell FDCE clocked by sys_clk_pin  {rise@0.000ns fall@5.000ns period=10.000ns})
  Destination:            u_counter_up_down/U_Clk_Div_10Hz/div_counter_reg[0]/D
                            (rising edge-triggered cell FDCE clocked by sys_clk_pin  {rise@0.000ns fall@5.000ns period=10.000ns})
  Path Group:             sys_clk_pin
  Path Type:              Hold (Min at Fast Process Corner)
  Requirement:            0.000ns  (sys_clk_pin rise@0.000ns - sys_clk_pin rise@0.000ns)
  Data Path Delay:        0.417ns  (logic 0.186ns (44.604%)  route 0.231ns (55.396%))
  Logic Levels:           1  (LUT1=1)
  Clock Path Skew:        0.000ns (DCD - SCD - CPR)
    Destination Clock Delay (DCD):    1.963ns
    Source Clock Delay      (SCD):    1.450ns
    Clock Pessimism Removal (CPR):    0.513ns

    Location             Delay type                Incr(ns)  Path(ns)    Netlist Resource(s)
  -------------------------------------------------------------------    -------------------
                         (clock sys_clk_pin rise edge)
                                                      0.000     0.000 r  
    W5                                                0.000     0.000 r  clk (IN)
                         net (fo=0)                   0.000     0.000    clk
    W5                   IBUF (Prop_ibuf_I_O)         0.226     0.226 r  clk_IBUF_inst/O
                         net (fo=1, routed)           0.631     0.858    clk_IBUF
    BUFGCTRL_X0Y0        BUFG (Prop_bufg_I_O)         0.026     0.884 r  clk_IBUF_BUFG_inst/O
                         net (fo=61, routed)          0.567     1.450    u_counter_up_down/U_Clk_Div_10Hz/CLK
    SLICE_X57Y7          FDCE                                         r  u_counter_up_down/U_Clk_Div_10Hz/div_counter_reg[0]/C
  -------------------------------------------------------------------    -------------------
    SLICE_X57Y7          FDCE (Prop_fdce_C_Q)         0.141     1.591 f  u_counter_up_down/U_Clk_Div_10Hz/div_counter_reg[0]/Q
                         net (fo=3, routed)           0.231     1.822    u_counter_up_down/U_Clk_Div_10Hz/div_counter[0]
    SLICE_X57Y7          LUT1 (Prop_lut1_I0_O)        0.045     1.867 r  u_counter_up_down/U_Clk_Div_10Hz/div_counter[0]_i_1/O
                         net (fo=1, routed)           0.000     1.867    u_counter_up_down/U_Clk_Div_10Hz/div_counter_1[0]
    SLICE_X57Y7          FDCE                                         r  u_counter_up_down/U_Clk_Div_10Hz/div_counter_reg[0]/D
  -------------------------------------------------------------------    -------------------

                         (clock sys_clk_pin rise edge)
                                                      0.000     0.000 r  
    W5                                                0.000     0.000 r  clk (IN)
                         net (fo=0)                   0.000     0.000    clk
    W5                   IBUF (Prop_ibuf_I_O)         0.414     0.414 r  clk_IBUF_inst/O
                         net (fo=1, routed)           0.685     1.099    clk_IBUF
    BUFGCTRL_X0Y0        BUFG (Prop_bufg_I_O)         0.029     1.128 r  clk_IBUF_BUFG_inst/O
                         net (fo=61, routed)          0.836     1.963    u_counter_up_down/U_Clk_Div_10Hz/CLK
    SLICE_X57Y7          FDCE                                         r  u_counter_up_down/U_Clk_Div_10Hz/div_counter_reg[0]/C
                         clock pessimism             -0.513     1.450    
    SLICE_X57Y7          FDCE (Hold_fdce_C_D)         0.092     1.542    u_counter_up_down/U_Clk_Div_10Hz/div_counter_reg[0]
  -------------------------------------------------------------------
                         required time                         -1.542    
                         arrival time                           1.867    
  -------------------------------------------------------------------
                         slack                                  0.325    

Slack (MET) :             0.349ns  (arrival time - required time)
  Source:                 U_FndController/U_Clk_Div_1Khz/div_counter_reg[3]/C
                            (rising edge-triggered cell FDCE clocked by sys_clk_pin  {rise@0.000ns fall@5.000ns period=10.000ns})
  Destination:            U_FndController/U_Clk_Div_1Khz/div_counter_reg[8]/D
                            (rising edge-triggered cell FDCE clocked by sys_clk_pin  {rise@0.000ns fall@5.000ns period=10.000ns})
  Path Group:             sys_clk_pin
  Path Type:              Hold (Min at Fast Process Corner)
  Requirement:            0.000ns  (sys_clk_pin rise@0.000ns - sys_clk_pin rise@0.000ns)
  Data Path Delay:        0.469ns  (logic 0.237ns (50.547%)  route 0.232ns (49.453%))
  Logic Levels:           2  (LUT2=1 LUT6=1)
  Clock Path Skew:        0.013ns (DCD - SCD - CPR)
    Destination Clock Delay (DCD):    1.979ns
    Source Clock Delay      (SCD):    1.468ns
    Clock Pessimism Removal (CPR):    0.498ns

    Location             Delay type                Incr(ns)  Path(ns)    Netlist Resource(s)
  -------------------------------------------------------------------    -------------------
                         (clock sys_clk_pin rise edge)
                                                      0.000     0.000 r  
    W5                                                0.000     0.000 r  clk (IN)
                         net (fo=0)                   0.000     0.000    clk
    W5                   IBUF (Prop_ibuf_I_O)         0.226     0.226 r  clk_IBUF_inst/O
                         net (fo=1, routed)           0.631     0.858    clk_IBUF
    BUFGCTRL_X0Y0        BUFG (Prop_bufg_I_O)         0.026     0.884 r  clk_IBUF_BUFG_inst/O
                         net (fo=61, routed)          0.585     1.468    U_FndController/U_Clk_Div_1Khz/CLK
    SLICE_X61Y20         FDCE                                         r  U_FndController/U_Clk_Div_1Khz/div_counter_reg[3]/C
  -------------------------------------------------------------------    -------------------
    SLICE_X61Y20         FDCE (Prop_fdce_C_Q)         0.141     1.609 f  U_FndController/U_Clk_Div_1Khz/div_counter_reg[3]/Q
                         net (fo=2, routed)           0.115     1.724    U_FndController/U_Clk_Div_1Khz/div_counter_reg_n_0_[3]
    SLICE_X61Y21         LUT6 (Prop_lut6_I1_O)        0.045     1.769 f  U_FndController/U_Clk_Div_1Khz/div_counter[16]_i_2/O
                         net (fo=17, routed)          0.117     1.886    U_FndController/U_Clk_Div_1Khz/tick
    SLICE_X61Y21         LUT2 (Prop_lut2_I0_O)        0.051     1.937 r  U_FndController/U_Clk_Div_1Khz/div_counter[8]_i_1__0/O
                         net (fo=1, routed)           0.000     1.937    U_FndController/U_Clk_Div_1Khz/div_counter[8]
    SLICE_X61Y21         FDCE                                         r  U_FndController/U_Clk_Div_1Khz/div_counter_reg[8]/D
  -------------------------------------------------------------------    -------------------

                         (clock sys_clk_pin rise edge)
                                                      0.000     0.000 r  
    W5                                                0.000     0.000 r  clk (IN)
                         net (fo=0)                   0.000     0.000    clk
    W5                   IBUF (Prop_ibuf_I_O)         0.414     0.414 r  clk_IBUF_inst/O
                         net (fo=1, routed)           0.685     1.099    clk_IBUF
    BUFGCTRL_X0Y0        BUFG (Prop_bufg_I_O)         0.029     1.128 r  clk_IBUF_BUFG_inst/O
                         net (fo=61, routed)          0.852     1.979    U_FndController/U_Clk_Div_1Khz/CLK
    SLICE_X61Y21         FDCE                                         r  U_FndController/U_Clk_Div_1Khz/div_counter_reg[8]/C
                         clock pessimism             -0.498     1.481    
    SLICE_X61Y21         FDCE (Hold_fdce_C_D)         0.107     1.588    U_FndController/U_Clk_Div_1Khz/div_counter_reg[8]
  -------------------------------------------------------------------
                         required time                         -1.588    
                         arrival time                           1.937    
  -------------------------------------------------------------------
                         slack                                  0.349    

Slack (MET) :             0.358ns  (arrival time - required time)
  Source:                 U_FndController/U_Clk_Div_1Khz/div_counter_reg[3]/C
                            (rising edge-triggered cell FDCE clocked by sys_clk_pin  {rise@0.000ns fall@5.000ns period=10.000ns})
  Destination:            U_FndController/U_Clk_Div_1Khz/div_counter_reg[6]/D
                            (rising edge-triggered cell FDCE clocked by sys_clk_pin  {rise@0.000ns fall@5.000ns period=10.000ns})
  Path Group:             sys_clk_pin
  Path Type:              Hold (Min at Fast Process Corner)
  Requirement:            0.000ns  (sys_clk_pin rise@0.000ns - sys_clk_pin rise@0.000ns)
  Data Path Delay:        0.463ns  (logic 0.231ns (49.906%)  route 0.232ns (50.094%))
  Logic Levels:           2  (LUT2=1 LUT6=1)
  Clock Path Skew:        0.013ns (DCD - SCD - CPR)
    Destination Clock Delay (DCD):    1.979ns
    Source Clock Delay      (SCD):    1.468ns
    Clock Pessimism Removal (CPR):    0.498ns

    Location             Delay type                Incr(ns)  Path(ns)    Netlist Resource(s)
  -------------------------------------------------------------------    -------------------
                         (clock sys_clk_pin rise edge)
                                                      0.000     0.000 r  
    W5                                                0.000     0.000 r  clk (IN)
                         net (fo=0)                   0.000     0.000    clk
    W5                   IBUF (Prop_ibuf_I_O)         0.226     0.226 r  clk_IBUF_inst/O
                         net (fo=1, routed)           0.631     0.858    clk_IBUF
    BUFGCTRL_X0Y0        BUFG (Prop_bufg_I_O)         0.026     0.884 r  clk_IBUF_BUFG_inst/O
                         net (fo=61, routed)          0.585     1.468    U_FndController/U_Clk_Div_1Khz/CLK
    SLICE_X61Y20         FDCE                                         r  U_FndController/U_Clk_Div_1Khz/div_counter_reg[3]/C
  -------------------------------------------------------------------    -------------------
    SLICE_X61Y20         FDCE (Prop_fdce_C_Q)         0.141     1.609 f  U_FndController/U_Clk_Div_1Khz/div_counter_reg[3]/Q
                         net (fo=2, routed)           0.115     1.724    U_FndController/U_Clk_Div_1Khz/div_counter_reg_n_0_[3]
    SLICE_X61Y21         LUT6 (Prop_lut6_I1_O)        0.045     1.769 f  U_FndController/U_Clk_Div_1Khz/div_counter[16]_i_2/O
                         net (fo=17, routed)          0.117     1.886    U_FndController/U_Clk_Div_1Khz/tick
    SLICE_X61Y21         LUT2 (Prop_lut2_I0_O)        0.045     1.931 r  U_FndController/U_Clk_Div_1Khz/div_counter[6]_i_1__0/O
                         net (fo=1, routed)           0.000     1.931    U_FndController/U_Clk_Div_1Khz/div_counter[6]
    SLICE_X61Y21         FDCE                                         r  U_FndController/U_Clk_Div_1Khz/div_counter_reg[6]/D
  -------------------------------------------------------------------    -------------------

                         (clock sys_clk_pin rise edge)
                                                      0.000     0.000 r  
    W5                                                0.000     0.000 r  clk (IN)
                         net (fo=0)                   0.000     0.000    clk
    W5                   IBUF (Prop_ibuf_I_O)         0.414     0.414 r  clk_IBUF_inst/O
                         net (fo=1, routed)           0.685     1.099    clk_IBUF
    BUFGCTRL_X0Y0        BUFG (Prop_bufg_I_O)         0.029     1.128 r  clk_IBUF_BUFG_inst/O
                         net (fo=61, routed)          0.852     1.979    U_FndController/U_Clk_Div_1Khz/CLK
    SLICE_X61Y21         FDCE                                         r  U_FndController/U_Clk_Div_1Khz/div_counter_reg[6]/C
                         clock pessimism             -0.498     1.481    
    SLICE_X61Y21         FDCE (Hold_fdce_C_D)         0.092     1.573    U_FndController/U_Clk_Div_1Khz/div_counter_reg[6]
  -------------------------------------------------------------------
                         required time                         -1.573    
                         arrival time                           1.931    
  -------------------------------------------------------------------
                         slack                                  0.358    

Slack (MET) :             0.481ns  (arrival time - required time)
  Source:                 U_FndController/U_Clk_Div_1Khz/div_counter_reg[3]/C
                            (rising edge-triggered cell FDCE clocked by sys_clk_pin  {rise@0.000ns fall@5.000ns period=10.000ns})
  Destination:            U_FndController/U_Clk_Div_1Khz/div_counter_reg[7]/D
                            (rising edge-triggered cell FDCE clocked by sys_clk_pin  {rise@0.000ns fall@5.000ns period=10.000ns})
  Path Group:             sys_clk_pin
  Path Type:              Hold (Min at Fast Process Corner)
  Requirement:            0.000ns  (sys_clk_pin rise@0.000ns - sys_clk_pin rise@0.000ns)
  Data Path Delay:        0.601ns  (logic 0.231ns (38.444%)  route 0.370ns (61.556%))
  Logic Levels:           2  (LUT2=1 LUT6=1)
  Clock Path Skew:        0.013ns (DCD - SCD - CPR)
    Destination Clock Delay (DCD):    1.979ns
    Source Clock Delay      (SCD):    1.468ns
    Clock Pessimism Removal (CPR):    0.498ns

    Location             Delay type                Incr(ns)  Path(ns)    Netlist Resource(s)
  -------------------------------------------------------------------    -------------------
                         (clock sys_clk_pin rise edge)
                                                      0.000     0.000 r  
    W5                                                0.000     0.000 r  clk (IN)
                         net (fo=0)                   0.000     0.000    clk
    W5                   IBUF (Prop_ibuf_I_O)         0.226     0.226 r  clk_IBUF_inst/O
                         net (fo=1, routed)           0.631     0.858    clk_IBUF
    BUFGCTRL_X0Y0        BUFG (Prop_bufg_I_O)         0.026     0.884 r  clk_IBUF_BUFG_inst/O
                         net (fo=61, routed)          0.585     1.468    U_FndController/U_Clk_Div_1Khz/CLK
    SLICE_X61Y20         FDCE                                         r  U_FndController/U_Clk_Div_1Khz/div_counter_reg[3]/C
  -------------------------------------------------------------------    -------------------
    SLICE_X61Y20         FDCE (Prop_fdce_C_Q)         0.141     1.609 f  U_FndController/U_Clk_Div_1Khz/div_counter_reg[3]/Q
                         net (fo=2, routed)           0.115     1.724    U_FndController/U_Clk_Div_1Khz/div_counter_reg_n_0_[3]
    SLICE_X61Y21         LUT6 (Prop_lut6_I1_O)        0.045     1.769 f  U_FndController/U_Clk_Div_1Khz/div_counter[16]_i_2/O
                         net (fo=17, routed)          0.255     2.024    U_FndController/U_Clk_Div_1Khz/tick
    SLICE_X61Y21         LUT2 (Prop_lut2_I0_O)        0.045     2.069 r  U_FndController/U_Clk_Div_1Khz/div_counter[7]_i_1__0/O
                         net (fo=1, routed)           0.000     2.069    U_FndController/U_Clk_Div_1Khz/div_counter[7]
    SLICE_X61Y21         FDCE                                         r  U_FndController/U_Clk_Div_1Khz/div_counter_reg[7]/D
  -------------------------------------------------------------------    -------------------

                         (clock sys_clk_pin rise edge)
                                                      0.000     0.000 r  
    W5                                                0.000     0.000 r  clk (IN)
                         net (fo=0)                   0.000     0.000    clk
    W5                   IBUF (Prop_ibuf_I_O)         0.414     0.414 r  clk_IBUF_inst/O
                         net (fo=1, routed)           0.685     1.099    clk_IBUF
    BUFGCTRL_X0Y0        BUFG (Prop_bufg_I_O)         0.029     1.128 r  clk_IBUF_BUFG_inst/O
                         net (fo=61, routed)          0.852     1.979    U_FndController/U_Clk_Div_1Khz/CLK
    SLICE_X61Y21         FDCE                                         r  U_FndController/U_Clk_Div_1Khz/div_counter_reg[7]/C
                         clock pessimism             -0.498     1.481    
    SLICE_X61Y21         FDCE (Hold_fdce_C_D)         0.107     1.588    U_FndController/U_Clk_Div_1Khz/div_counter_reg[7]
  -------------------------------------------------------------------
                         required time                         -1.588    
                         arrival time                           2.069    
  -------------------------------------------------------------------
                         slack                                  0.481    

Slack (MET) :             0.493ns  (arrival time - required time)
  Source:                 u_counter_up_down/U_Clk_Div_10Hz/div_counter_reg[0]/C
                            (rising edge-triggered cell FDCE clocked by sys_clk_pin  {rise@0.000ns fall@5.000ns period=10.000ns})
  Destination:            u_counter_up_down/U_Clk_Div_10Hz/div_counter_reg[2]/D
                            (rising edge-triggered cell FDCE clocked by sys_clk_pin  {rise@0.000ns fall@5.000ns period=10.000ns})
  Path Group:             sys_clk_pin
  Path Type:              Hold (Min at Fast Process Corner)
  Requirement:            0.000ns  (sys_clk_pin rise@0.000ns - sys_clk_pin rise@0.000ns)
  Data Path Delay:        0.600ns  (logic 0.234ns (39.001%)  route 0.366ns (60.999%))
  Logic Levels:           2  (LUT2=1 LUT6=1)
  Clock Path Skew:        0.000ns (DCD - SCD - CPR)
    Destination Clock Delay (DCD):    1.963ns
    Source Clock Delay      (SCD):    1.450ns
    Clock Pessimism Removal (CPR):    0.513ns

    Location             Delay type                Incr(ns)  Path(ns)    Netlist Resource(s)
  -------------------------------------------------------------------    -------------------
                         (clock sys_clk_pin rise edge)
                                                      0.000     0.000 r  
    W5                                                0.000     0.000 r  clk (IN)
                         net (fo=0)                   0.000     0.000    clk
    W5                   IBUF (Prop_ibuf_I_O)         0.226     0.226 r  clk_IBUF_inst/O
                         net (fo=1, routed)           0.631     0.858    clk_IBUF
    BUFGCTRL_X0Y0        BUFG (Prop_bufg_I_O)         0.026     0.884 r  clk_IBUF_BUFG_inst/O
                         net (fo=61, routed)          0.567     1.450    u_counter_up_down/U_Clk_Div_10Hz/CLK
    SLICE_X57Y7          FDCE                                         r  u_counter_up_down/U_Clk_Div_10Hz/div_counter_reg[0]/C
  -------------------------------------------------------------------    -------------------
    SLICE_X57Y7          FDCE (Prop_fdce_C_Q)         0.141     1.591 f  u_counter_up_down/U_Clk_Div_10Hz/div_counter_reg[0]/Q
                         net (fo=3, routed)           0.195     1.786    u_counter_up_down/U_Clk_Div_10Hz/div_counter[0]
    SLICE_X57Y7          LUT6 (Prop_lut6_I3_O)        0.045     1.831 f  u_counter_up_down/U_Clk_Div_10Hz/div_counter[23]_i_2/O
                         net (fo=24, routed)          0.171     2.002    u_counter_up_down/U_Clk_Div_10Hz/tick_0
    SLICE_X57Y7          LUT2 (Prop_lut2_I0_O)        0.048     2.050 r  u_counter_up_down/U_Clk_Div_10Hz/div_counter[2]_i_1/O
                         net (fo=1, routed)           0.000     2.050    u_counter_up_down/U_Clk_Div_10Hz/div_counter_1[2]
    SLICE_X57Y7          FDCE                                         r  u_counter_up_down/U_Clk_Div_10Hz/div_counter_reg[2]/D
  -------------------------------------------------------------------    -------------------

                         (clock sys_clk_pin rise edge)
                                                      0.000     0.000 r  
    W5                                                0.000     0.000 r  clk (IN)
                         net (fo=0)                   0.000     0.000    clk
    W5                   IBUF (Prop_ibuf_I_O)         0.414     0.414 r  clk_IBUF_inst/O
                         net (fo=1, routed)           0.685     1.099    clk_IBUF
    BUFGCTRL_X0Y0        BUFG (Prop_bufg_I_O)         0.029     1.128 r  clk_IBUF_BUFG_inst/O
                         net (fo=61, routed)          0.836     1.963    u_counter_up_down/U_Clk_Div_10Hz/CLK
    SLICE_X57Y7          FDCE                                         r  u_counter_up_down/U_Clk_Div_10Hz/div_counter_reg[2]/C
                         clock pessimism             -0.513     1.450    
    SLICE_X57Y7          FDCE (Hold_fdce_C_D)         0.107     1.557    u_counter_up_down/U_Clk_Div_10Hz/div_counter_reg[2]
  -------------------------------------------------------------------
                         required time                         -1.557    
                         arrival time                           2.050    
  -------------------------------------------------------------------
                         slack                                  0.493    





Pulse Width Checks
--------------------------------------------------------------------------------------
Clock Name:         sys_clk_pin
Waveform(ns):       { 0.000 5.000 }
Period(ns):         10.000
Sources:            { clk }

Check Type        Corner  Lib Pin  Reference Pin  Required(ns)  Actual(ns)  Slack(ns)  Location       Pin
Min Period        n/a     BUFG/I   n/a            2.155         10.000      7.845      BUFGCTRL_X0Y0  clk_IBUF_BUFG_inst/I
Min Period        n/a     FDCE/C   n/a            1.000         10.000      9.000      SLICE_X60Y21   U_FndController/U_Clk_Div_1Khz/div_counter_reg[0]/C
Min Period        n/a     FDCE/C   n/a            1.000         10.000      9.000      SLICE_X61Y22   U_FndController/U_Clk_Div_1Khz/div_counter_reg[10]/C
Min Period        n/a     FDCE/C   n/a            1.000         10.000      9.000      SLICE_X61Y22   U_FndController/U_Clk_Div_1Khz/div_counter_reg[11]/C
Min Period        n/a     FDCE/C   n/a            1.000         10.000      9.000      SLICE_X61Y22   U_FndController/U_Clk_Div_1Khz/div_counter_reg[12]/C
Min Period        n/a     FDCE/C   n/a            1.000         10.000      9.000      SLICE_X61Y23   U_FndController/U_Clk_Div_1Khz/div_counter_reg[13]/C
Min Period        n/a     FDCE/C   n/a            1.000         10.000      9.000      SLICE_X61Y23   U_FndController/U_Clk_Div_1Khz/div_counter_reg[14]/C
Min Period        n/a     FDCE/C   n/a            1.000         10.000      9.000      SLICE_X61Y23   U_FndController/U_Clk_Div_1Khz/div_counter_reg[15]/C
Min Period        n/a     FDCE/C   n/a            1.000         10.000      9.000      SLICE_X61Y23   U_FndController/U_Clk_Div_1Khz/div_counter_reg[16]/C
Min Period        n/a     FDCE/C   n/a            1.000         10.000      9.000      SLICE_X61Y20   U_FndController/U_Clk_Div_1Khz/div_counter_reg[1]/C
Low Pulse Width   Slow    FDCE/C   n/a            0.500         5.000       4.500      SLICE_X61Y20   U_FndController/U_Clk_Div_1Khz/div_counter_reg[1]/C
Low Pulse Width   Slow    FDCE/C   n/a            0.500         5.000       4.500      SLICE_X61Y20   U_FndController/U_Clk_Div_1Khz/div_counter_reg[2]/C
Low Pulse Width   Slow    FDCE/C   n/a            0.500         5.000       4.500      SLICE_X61Y20   U_FndController/U_Clk_Div_1Khz/div_counter_reg[3]/C
Low Pulse Width   Slow    FDCE/C   n/a            0.500         5.000       4.500      SLICE_X61Y20   U_FndController/U_Clk_Div_1Khz/div_counter_reg[4]/C
Low Pulse Width   Slow    FDCE/C   n/a            0.500         5.000       4.500      SLICE_X60Y19   U_FndController/U_Clk_Div_1Khz/tick_reg/C
Low Pulse Width   Slow    FDCE/C   n/a            0.500         5.000       4.500      SLICE_X60Y19   U_FndController/U_Conter_2big/count_reg[0]/C
Low Pulse Width   Slow    FDCE/C   n/a            0.500         5.000       4.500      SLICE_X60Y19   U_FndController/U_Conter_2big/count_reg[1]/C
Low Pulse Width   Slow    FDCE/C   n/a            0.500         5.000       4.500      SLICE_X60Y21   U_FndController/U_Clk_Div_1Khz/div_counter_reg[0]/C
Low Pulse Width   Fast    FDCE/C   n/a            0.500         5.000       4.500      SLICE_X61Y23   U_FndController/U_Clk_Div_1Khz/div_counter_reg[13]/C
Low Pulse Width   Fast    FDCE/C   n/a            0.500         5.000       4.500      SLICE_X61Y23   U_FndController/U_Clk_Div_1Khz/div_counter_reg[14]/C
High Pulse Width  Slow    FDCE/C   n/a            0.500         5.000       4.500      SLICE_X61Y22   U_FndController/U_Clk_Div_1Khz/div_counter_reg[10]/C
High Pulse Width  Slow    FDCE/C   n/a            0.500         5.000       4.500      SLICE_X61Y22   U_FndController/U_Clk_Div_1Khz/div_counter_reg[11]/C
High Pulse Width  Slow    FDCE/C   n/a            0.500         5.000       4.500      SLICE_X61Y22   U_FndController/U_Clk_Div_1Khz/div_counter_reg[12]/C
High Pulse Width  Slow    FDCE/C   n/a            0.500         5.000       4.500      SLICE_X61Y23   U_FndController/U_Clk_Div_1Khz/div_counter_reg[13]/C
High Pulse Width  Slow    FDCE/C   n/a            0.500         5.000       4.500      SLICE_X61Y23   U_FndController/U_Clk_Div_1Khz/div_counter_reg[14]/C
High Pulse Width  Slow    FDCE/C   n/a            0.500         5.000       4.500      SLICE_X61Y23   U_FndController/U_Clk_Div_1Khz/div_counter_reg[15]/C
High Pulse Width  Slow    FDCE/C   n/a            0.500         5.000       4.500      SLICE_X61Y23   U_FndController/U_Clk_Div_1Khz/div_counter_reg[16]/C
High Pulse Width  Slow    FDCE/C   n/a            0.500         5.000       4.500      SLICE_X57Y10   u_counter_up_down/U_Clk_Div_10Hz/div_counter_reg[10]/C
High Pulse Width  Slow    FDCE/C   n/a            0.500         5.000       4.500      SLICE_X57Y9    u_counter_up_down/U_Clk_Div_10Hz/div_counter_reg[11]/C
High Pulse Width  Slow    FDCE/C   n/a            0.500         5.000       4.500      SLICE_X57Y9    u_counter_up_down/U_Clk_Div_10Hz/div_counter_reg[12]/C



