Copyright 1986-2020 Xilinx, Inc. All Rights Reserved.
-----------------------------------------------------------------------------------------------------------------------------------------------------------------------------------------------
| Tool Version : Vivado v.2020.2 (win64) Build 3064766 Wed Nov 18 09:12:45 MST 2020
| Date         : Mon Mar 31 09:58:31 2025
| Host         : DESKTOP-7CFQ9ND running 64-bit major release  (build 9200)
| Command      : report_timing_summary -max_paths 10 -file Real_Top_timing_summary_routed.rpt -pb Real_Top_timing_summary_routed.pb -rpx Real_Top_timing_summary_routed.rpx -warn_on_violation
| Design       : Real_Top
| Device       : 7a35t-cpg236
| Speed File   : -1  PRODUCTION 1.23 2018-06-13
-----------------------------------------------------------------------------------------------------------------------------------------------------------------------------------------------

Timing Summary Report

------------------------------------------------------------------------------------------------
| Timer Settings
| --------------
------------------------------------------------------------------------------------------------

  Enable Multi Corner Analysis               :  Yes
  Enable Pessimism Removal                   :  Yes
  Pessimism Removal Resolution               :  Nearest Common Node
  Enable Input Delay Default Clock           :  No
  Enable Preset / Clear Arcs                 :  No
  Disable Flight Delays                      :  No
  Ignore I/O Paths                           :  No
  Timing Early Launch at Borrowing Latches   :  No
  Borrow Time for Max Delay Exceptions       :  Yes
  Merge Timing Exceptions                    :  Yes

  Corner  Analyze    Analyze    
  Name    Max Paths  Min Paths  
  ------  ---------  ---------  
  Slow    Yes        Yes        
  Fast    Yes        Yes        



check_timing report

Table of Contents
-----------------
1. checking no_clock (187)
2. checking constant_clock (0)
3. checking pulse_width_clock (0)
4. checking unconstrained_internal_endpoints (122)
5. checking no_input_delay (8)
6. checking no_output_delay (15)
7. checking multiple_clock (0)
8. checking generated_clocks (0)
9. checking loops (0)
10. checking partial_input_delay (0)
11. checking partial_output_delay (0)
12. checking latch_loops (0)

1. checking no_clock (187)
--------------------------
 There are 3 register/latch pins with no clock driven by root clock pin: U_Fnd_Ctrl/U_Clk_Divider/r_clk_reg/Q (HIGH)

 There are 8 register/latch pins with no clock driven by root clock pin: U_UART/U_Uart_FSM/U_BAUD_Tick_Gen/tick_reg_reg/Q (HIGH)

 There are 8 register/latch pins with no clock driven by root clock pin: U_UART/U_Uart_FSM/U_Uart_rx/FSM_sequential_state_reg[0]/Q (HIGH)

 There are 8 register/latch pins with no clock driven by root clock pin: U_UART/U_Uart_FSM/U_Uart_rx/FSM_sequential_state_reg[1]/Q (HIGH)

 There are 8 register/latch pins with no clock driven by root clock pin: U_UART/U_Uart_FSM/U_Uart_rx/bit_count_reg_reg[0]/Q (HIGH)

 There are 8 register/latch pins with no clock driven by root clock pin: U_UART/U_Uart_FSM/U_Uart_rx/bit_count_reg_reg[1]/Q (HIGH)

 There are 8 register/latch pins with no clock driven by root clock pin: U_UART/U_Uart_FSM/U_Uart_rx/bit_count_reg_reg[2]/Q (HIGH)

 There are 8 register/latch pins with no clock driven by root clock pin: U_UART/U_Uart_FSM/U_Uart_rx/tick_count_reg_reg[0]/Q (HIGH)

 There are 8 register/latch pins with no clock driven by root clock pin: U_UART/U_Uart_FSM/U_Uart_rx/tick_count_reg_reg[1]/Q (HIGH)

 There are 8 register/latch pins with no clock driven by root clock pin: U_UART/U_Uart_FSM/U_Uart_rx/tick_count_reg_reg[2]/Q (HIGH)

 There are 8 register/latch pins with no clock driven by root clock pin: U_UART/U_Uart_FSM/U_Uart_rx/tick_count_reg_reg[3]/Q (HIGH)

 There are 8 register/latch pins with no clock driven by root clock pin: U_UART/U_Uart_FSM/U_Uart_rx/tick_count_reg_reg[4]/Q (HIGH)

 There are 8 register/latch pins with no clock driven by root clock pin: u_top_stopwatch/U_Btn_Clear_DB/r_1khz_reg/Q (HIGH)

 There are 8 register/latch pins with no clock driven by root clock pin: u_top_stopwatch/U_Btn_Hour_DB/r_1khz_reg/Q (HIGH)

 There are 8 register/latch pins with no clock driven by root clock pin: u_top_stopwatch/U_Btn_Min_DB/r_1khz_reg/Q (HIGH)

 There are 8 register/latch pins with no clock driven by root clock pin: u_top_stopwatch/U_Btn_Run_DB/r_1khz_reg/Q (HIGH)

 There are 8 register/latch pins with no clock driven by root clock pin: u_top_stopwatch/U_Btn_Sec_DB/r_1khz_reg/Q (HIGH)

 There are 28 register/latch pins with no clock driven by root clock pin: u_univ_cu/u_uart_cu/mode_sel_reg[0]/Q (HIGH)

 There are 28 register/latch pins with no clock driven by root clock pin: u_univ_cu/u_uart_cu/mode_sel_reg[1]/Q (HIGH)


2. checking constant_clock (0)
------------------------------
 There are 0 register/latch pins with constant_clock.


3. checking pulse_width_clock (0)
---------------------------------
 There are 0 register/latch pins which need pulse_width check


4. checking unconstrained_internal_endpoints (122)
--------------------------------------------------
 There are 122 pins that are not constrained for maximum delay. (HIGH)

 There are 0 pins that are not constrained for maximum delay due to constant clock.


5. checking no_input_delay (8)
------------------------------
 There are 8 input ports with no input delay specified. (HIGH)

 There are 0 input ports with no input delay but user has a false path constraint.


6. checking no_output_delay (15)
--------------------------------
 There are 15 ports with no output delay specified. (HIGH)

 There are 0 ports with no output delay but user has a false path constraint

 There are 0 ports with no output delay but with a timing clock defined on it or propagating through it


7. checking multiple_clock (0)
------------------------------
 There are 0 register/latch pins with multiple clocks.


8. checking generated_clocks (0)
--------------------------------
 There are 0 generated clocks that are not connected to a clock source.


9. checking loops (0)
---------------------
 There are 0 combinational loops in the design.


10. checking partial_input_delay (0)
------------------------------------
 There are 0 input ports with partial input delay specified.


11. checking partial_output_delay (0)
-------------------------------------
 There are 0 ports with partial output delay specified.


12. checking latch_loops (0)
----------------------------
 There are 0 combinational latch loops in the design through latch input



------------------------------------------------------------------------------------------------
| Design Timing Summary
| ---------------------
------------------------------------------------------------------------------------------------

    WNS(ns)      TNS(ns)  TNS Failing Endpoints  TNS Total Endpoints      WHS(ns)      THS(ns)  THS Failing Endpoints  THS Total Endpoints     WPWS(ns)     TPWS(ns)  TPWS Failing Endpoints  TPWS Total Endpoints  
    -------      -------  ---------------------  -------------------      -------      -------  ---------------------  -------------------     --------     --------  ----------------------  --------------------  
    -12.914      -48.333                      4                  758        0.101        0.000                      0                  758        3.750        0.000                       0                   494  


Timing constraints are not met.


------------------------------------------------------------------------------------------------
| Clock Summary
| -------------
------------------------------------------------------------------------------------------------

Clock        Waveform(ns)       Period(ns)      Frequency(MHz)
-----        ------------       ----------      --------------
sys_clk_pin  {0.000 5.000}      10.000          100.000         


------------------------------------------------------------------------------------------------
| Intra Clock Table
| -----------------
------------------------------------------------------------------------------------------------

Clock             WNS(ns)      TNS(ns)  TNS Failing Endpoints  TNS Total Endpoints      WHS(ns)      THS(ns)  THS Failing Endpoints  THS Total Endpoints     WPWS(ns)     TPWS(ns)  TPWS Failing Endpoints  TPWS Total Endpoints  
-----             -------      -------  ---------------------  -------------------      -------      -------  ---------------------  -------------------     --------     --------  ----------------------  --------------------  
sys_clk_pin       -12.914      -48.333                      4                  758        0.101        0.000                      0                  758        3.750        0.000                       0                   494  


------------------------------------------------------------------------------------------------
| Inter Clock Table
| -----------------
------------------------------------------------------------------------------------------------

From Clock    To Clock          WNS(ns)      TNS(ns)  TNS Failing Endpoints  TNS Total Endpoints      WHS(ns)      THS(ns)  THS Failing Endpoints  THS Total Endpoints  
----------    --------          -------      -------  ---------------------  -------------------      -------      -------  ---------------------  -------------------  


------------------------------------------------------------------------------------------------
| Other Path Groups Table
| -----------------------
------------------------------------------------------------------------------------------------

Path Group    From Clock    To Clock          WNS(ns)      TNS(ns)  TNS Failing Endpoints  TNS Total Endpoints      WHS(ns)      THS(ns)  THS Failing Endpoints  THS Total Endpoints  
----------    ----------    --------          -------      -------  ---------------------  -------------------      -------      -------  ---------------------  -------------------  


------------------------------------------------------------------------------------------------
| Timing Details
| --------------
------------------------------------------------------------------------------------------------


---------------------------------------------------------------------------------------------------
From Clock:  sys_clk_pin
  To Clock:  sys_clk_pin

Setup :            4  Failing Endpoints,  Worst Slack      -12.914ns,  Total Violation      -48.333ns
Hold  :            0  Failing Endpoints,  Worst Slack        0.101ns,  Total Violation        0.000ns
PW    :            0  Failing Endpoints,  Worst Slack        3.750ns,  Total Violation        0.000ns
---------------------------------------------------------------------------------------------------


Max Delay Paths
--------------------------------------------------------------------------------------
Slack (VIOLATED) :        -12.914ns  (required time - arrival time)
  Source:                 u_HC_SR04_module/U_senor_cu/data_reg_reg[7]_replica/C
                            (rising edge-triggered cell FDCE clocked by sys_clk_pin  {rise@0.000ns fall@5.000ns period=10.000ns})
  Destination:            u_uart_clock/uclock_Tx/data_reg_reg[2]/D
                            (rising edge-triggered cell FDCE clocked by sys_clk_pin  {rise@0.000ns fall@5.000ns period=10.000ns})
  Path Group:             sys_clk_pin
  Path Type:              Setup (Max at Slow Process Corner)
  Requirement:            10.000ns  (sys_clk_pin rise@10.000ns - sys_clk_pin rise@0.000ns)
  Data Path Delay:        22.877ns  (logic 10.448ns (45.670%)  route 12.429ns (54.330%))
  Logic Levels:           37  (CARRY4=17 LUT2=2 LUT3=4 LUT4=1 LUT5=3 LUT6=7 MUXF7=2 MUXF8=1)
  Clock Path Skew:        -0.033ns (DCD - SCD + CPR)
    Destination Clock Delay (DCD):    4.792ns = ( 14.792 - 10.000 ) 
    Source Clock Delay      (SCD):    5.085ns
    Clock Pessimism Removal (CPR):    0.260ns
  Clock Uncertainty:      0.035ns  ((TSJ^2 + TIJ^2)^1/2 + DJ) / 2 + PE
    Total System Jitter     (TSJ):    0.071ns
    Total Input Jitter      (TIJ):    0.000ns
    Discrete Jitter          (DJ):    0.000ns
    Phase Error              (PE):    0.000ns

    Location             Delay type                Incr(ns)  Path(ns)    Netlist Resource(s)
  -------------------------------------------------------------------    -------------------
                         (clock sys_clk_pin rise edge)
                                                      0.000     0.000 r  
    W5                                                0.000     0.000 r  clk (IN)
                         net (fo=0)                   0.000     0.000    clk
    W5                   IBUF (Prop_ibuf_I_O)         1.458     1.458 r  clk_IBUF_inst/O
                         net (fo=1, routed)           1.967     3.425    clk_IBUF
    BUFGCTRL_X0Y0        BUFG (Prop_bufg_I_O)         0.096     3.521 r  clk_IBUF_BUFG_inst/O
                         net (fo=493, routed)         1.564     5.085    u_HC_SR04_module/U_senor_cu/clk
    SLICE_X9Y36          FDCE                                         r  u_HC_SR04_module/U_senor_cu/data_reg_reg[7]_replica/C
  -------------------------------------------------------------------    -------------------
    SLICE_X9Y36          FDCE (Prop_fdce_C_Q)         0.456     5.541 r  u_HC_SR04_module/U_senor_cu/data_reg_reg[7]_replica/Q
                         net (fo=18, routed)          0.670     6.211    u_HC_SR04_module/U_senor_cu/data_reg[7]_repN
    SLICE_X8Y37          LUT3 (Prop_lut3_I0_O)        0.124     6.335 r  u_HC_SR04_module/U_senor_cu/o_data__1_carry__0_i_2/O
                         net (fo=1, routed)           0.473     6.808    u_HC_SR04_module/U_senor_cu/o_data__1_carry__0_i_2_n_0
    SLICE_X9Y38          CARRY4 (Prop_carry4_DI[2]_CO[3])
                                                      0.398     7.206 r  u_HC_SR04_module/U_senor_cu/o_data__1_carry__0/CO[3]
                         net (fo=1, routed)           0.000     7.206    u_HC_SR04_module/U_senor_cu/o_data__1_carry__0_n_0
    SLICE_X9Y39          CARRY4 (Prop_carry4_CI_CO[3])
                                                      0.114     7.320 r  u_HC_SR04_module/U_senor_cu/o_data__1_carry__1/CO[3]
                         net (fo=1, routed)           0.000     7.320    u_HC_SR04_module/U_senor_cu/o_data__1_carry__1_n_0
    SLICE_X9Y40          CARRY4 (Prop_carry4_CI_CO[3])
                                                      0.114     7.434 r  u_HC_SR04_module/U_senor_cu/o_data__1_carry__2/CO[3]
                         net (fo=1, routed)           0.000     7.434    u_HC_SR04_module/U_senor_cu/o_data__1_carry__2_n_0
    SLICE_X9Y41          CARRY4 (Prop_carry4_CI_O[0])
                                                      0.222     7.656 r  u_HC_SR04_module/U_senor_cu/o_data__1_carry__3/O[0]
                         net (fo=3, routed)           0.667     8.324    u_HC_SR04_module/U_senor_cu/o_data__1_carry__3_n_7
    SLICE_X6Y41          LUT3 (Prop_lut3_I2_O)        0.299     8.623 r  u_HC_SR04_module/U_senor_cu/o_data__55_carry__2_i_2/O
                         net (fo=1, routed)           0.568     9.191    u_HC_SR04_module/U_senor_cu/o_data__55_carry__2_i_2_n_0
    SLICE_X7Y41          CARRY4 (Prop_carry4_DI[2]_CO[3])
                                                      0.398     9.589 r  u_HC_SR04_module/U_senor_cu/o_data__55_carry__2/CO[3]
                         net (fo=1, routed)           0.000     9.589    u_HC_SR04_module/U_senor_cu/o_data__55_carry__2_n_0
    SLICE_X7Y42          CARRY4 (Prop_carry4_CI_O[1])
                                                      0.334     9.923 f  u_HC_SR04_module/U_senor_cu/o_data__55_carry__3/O[1]
                         net (fo=26, routed)          0.608    10.530    u_HC_SR04_module/U_senor_cu/o_data__55_carry__3_n_6
    SLICE_X6Y42          LUT3 (Prop_lut3_I1_O)        0.303    10.833 r  u_HC_SR04_module/U_senor_cu/o_data__104_carry__0_i_1/O
                         net (fo=1, routed)           0.582    11.416    u_HC_SR04_module/U_senor_cu/o_data__104_carry__0_i_1_n_0
    SLICE_X8Y42          CARRY4 (Prop_carry4_DI[3]_CO[3])
                                                      0.396    11.812 r  u_HC_SR04_module/U_senor_cu/o_data__104_carry__0/CO[3]
                         net (fo=1, routed)           0.000    11.812    u_HC_SR04_module/U_senor_cu/o_data__104_carry__0_n_0
    SLICE_X8Y43          CARRY4 (Prop_carry4_CI_O[0])
                                                      0.219    12.031 r  u_HC_SR04_module/U_senor_cu/o_data__104_carry__1/O[0]
                         net (fo=3, routed)           0.647    12.678    u_HC_SR04_module/U_senor_cu/o_data__104_carry__1_n_7
    SLICE_X10Y42         LUT4 (Prop_lut4_I1_O)        0.295    12.973 r  u_HC_SR04_module/U_senor_cu/o_data__141_carry__1_i_5/O
                         net (fo=1, routed)           0.000    12.973    u_HC_SR04_module/U_senor_cu/o_data__141_carry__1_i_5_n_0
    SLICE_X10Y42         CARRY4 (Prop_carry4_S[3]_CO[3])
                                                      0.376    13.349 r  u_HC_SR04_module/U_senor_cu/o_data__141_carry__1/CO[3]
                         net (fo=1, routed)           0.000    13.349    u_HC_SR04_module/U_senor_cu/o_data__141_carry__1_n_0
    SLICE_X10Y43         CARRY4 (Prop_carry4_CI_CO[2])
                                                      0.229    13.578 r  u_HC_SR04_module/U_senor_cu/o_data__141_carry__2/CO[2]
                         net (fo=53, routed)          0.577    14.155    u_HC_SR04_module/U_senor_cu/o_data__141_carry__2_n_1
    SLICE_X12Y43         LUT6 (Prop_lut6_I3_O)        0.310    14.465 r  u_HC_SR04_module/U_senor_cu/o3_reg[6]_i_11/O
                         net (fo=48, routed)          0.658    15.122    u_HC_SR04_module/U_senor_cu/o3_reg[6]_i_11_n_0
    SLICE_X11Y42         LUT5 (Prop_lut5_I2_O)        0.124    15.246 r  u_HC_SR04_module/U_senor_cu/data_reg[3]_i_141/O
                         net (fo=1, routed)           0.000    15.246    u_HC_SR04_module/U_senor_cu/data_reg[3]_i_141_n_0
    SLICE_X11Y42         CARRY4 (Prop_carry4_S[2]_CO[3])
                                                      0.398    15.644 r  u_HC_SR04_module/U_senor_cu/data_reg_reg[3]_i_126/CO[3]
                         net (fo=1, routed)           0.000    15.644    u_HC_SR04_module/U_senor_cu/data_reg_reg[3]_i_126_n_0
    SLICE_X11Y43         CARRY4 (Prop_carry4_CI_O[2])
                                                      0.239    15.883 r  u_HC_SR04_module/U_senor_cu/data_reg_reg[3]_i_102/O[2]
                         net (fo=5, routed)           0.770    16.654    u_HC_SR04_module/U_senor_cu/data_reg_reg[3]_i_102_n_5
    SLICE_X12Y42         LUT6 (Prop_lut6_I5_O)        0.302    16.956 r  u_HC_SR04_module/U_senor_cu/data_reg[3]_i_104/O
                         net (fo=2, routed)           0.416    17.372    u_HC_SR04_module/U_senor_cu/data_reg[3]_i_104_n_0
    SLICE_X13Y43         LUT6 (Prop_lut6_I0_O)        0.124    17.496 r  u_HC_SR04_module/U_senor_cu/data_reg[3]_i_75/O
                         net (fo=1, routed)           0.643    18.139    u_HC_SR04_module/U_senor_cu/data_reg[3]_i_75_n_0
    SLICE_X9Y44          CARRY4 (Prop_carry4_DI[1]_CO[3])
                                                      0.507    18.646 r  u_HC_SR04_module/U_senor_cu/data_reg_reg[3]_i_34/CO[3]
                         net (fo=1, routed)           0.000    18.646    u_HC_SR04_module/U_senor_cu/data_reg_reg[3]_i_34_n_0
    SLICE_X9Y45          CARRY4 (Prop_carry4_CI_O[3])
                                                      0.313    18.959 r  u_HC_SR04_module/U_senor_cu/data_reg_reg[3]_i_15/O[3]
                         net (fo=12, routed)          0.884    19.843    u_uart_clock/uclock_Tx/O[1]
    SLICE_X11Y45         LUT3 (Prop_lut3_I0_O)        0.306    20.149 r  u_uart_clock/uclock_Tx/data_reg[0]_i_104/O
                         net (fo=1, routed)           0.568    20.717    u_uart_clock/uclock_Tx/data_reg[0]_i_104_n_0
    SLICE_X8Y46          CARRY4 (Prop_carry4_DI[0]_CO[3])
                                                      0.550    21.267 r  u_uart_clock/uclock_Tx/data_reg_reg[0]_i_52/CO[3]
                         net (fo=1, routed)           0.000    21.267    u_uart_clock/uclock_Tx/data_reg_reg[0]_i_52_n_0
    SLICE_X8Y47          CARRY4 (Prop_carry4_CI_O[2])
                                                      0.239    21.506 r  u_uart_clock/uclock_Tx/data_reg_reg[0]_i_26/O[2]
                         net (fo=8, routed)           0.639    22.144    u_uart_clock_n_5
    SLICE_X10Y47         LUT2 (Prop_lut2_I1_O)        0.301    22.445 r  data_reg[0]_i_50/O
                         net (fo=1, routed)           0.000    22.445    u_HC_SR04_module/U_senor_cu/data_reg[0]_i_17_0[1]
    SLICE_X10Y47         CARRY4 (Prop_carry4_S[1]_CO[1])
                                                      0.492    22.937 f  u_HC_SR04_module/U_senor_cu/data_reg_reg[0]_i_25/CO[1]
                         net (fo=7, routed)           0.472    23.410    u_uart_clock/uclock_Tx/data_reg[0]_i_9_0[0]
    SLICE_X8Y48          LUT2 (Prop_lut2_I1_O)        0.332    23.742 r  u_uart_clock/uclock_Tx/data_reg[3]_i_120/O
                         net (fo=18, routed)          0.726    24.467    u_uart_clock/uclock_Tx/data_reg[3]_i_120_n_0
    SLICE_X12Y47         LUT6 (Prop_lut6_I4_O)        0.124    24.591 r  u_uart_clock/uclock_Tx/data_reg[2]_i_64/O
                         net (fo=1, routed)           0.161    24.752    u_uart_clock/uclock_Tx/data_reg[2]_i_64_n_0
    SLICE_X12Y47         LUT5 (Prop_lut5_I1_O)        0.124    24.876 r  u_uart_clock/uclock_Tx/data_reg[2]_i_57_comp/O
                         net (fo=3, routed)           0.710    25.586    u_uart_clock/uclock_Tx/data_reg[2]_i_57_n_0
    SLICE_X13Y47         LUT6 (Prop_lut6_I1_O)        0.124    25.710 r  u_uart_clock/uclock_Tx/data_reg[2]_i_52/O
                         net (fo=1, routed)           0.000    25.710    u_uart_clock/uclock_Tx/data_reg[2]_i_52_n_0
    SLICE_X13Y47         MUXF7 (Prop_muxf7_I0_O)      0.212    25.922 r  u_uart_clock/uclock_Tx/data_reg_reg[2]_i_49/O
                         net (fo=1, routed)           0.000    25.922    u_uart_clock/uclock_Tx/data_reg_reg[2]_i_49_n_0
    SLICE_X13Y47         MUXF8 (Prop_muxf8_I1_O)      0.094    26.016 r  u_uart_clock/uclock_Tx/data_reg_reg[2]_i_29/O
                         net (fo=1, routed)           0.408    26.424    u_uart_clock/uclock_Tx/w_o_data100_2[2]
    SLICE_X13Y48         LUT6 (Prop_lut6_I0_O)        0.316    26.740 r  u_uart_clock/uclock_Tx/data_reg[2]_i_17/O
                         net (fo=1, routed)           0.295    27.036    u_uart_clock/uclock_Tx/data_reg[2]_i_17_n_0
    SLICE_X13Y49         LUT6 (Prop_lut6_I5_O)        0.124    27.160 r  u_uart_clock/uclock_Tx/data_reg[2]_i_8/O
                         net (fo=1, routed)           0.000    27.160    u_uart_clock/uclock_Tx/data_reg[2]_i_8_n_0
    SLICE_X13Y49         MUXF7 (Prop_muxf7_I1_O)      0.217    27.377 r  u_uart_clock/uclock_Tx/data_reg_reg[2]_i_3/O
                         net (fo=1, routed)           0.287    27.663    u_uart_clock/uclock_Tx/data_reg_reg[2]_i_3_n_0
    SLICE_X15Y49         LUT5 (Prop_lut5_I2_O)        0.299    27.962 r  u_uart_clock/uclock_Tx/data_reg[2]_i_1__0/O
                         net (fo=1, routed)           0.000    27.962    u_uart_clock/uclock_Tx/data_reg[2]_i_1__0_n_0
    SLICE_X15Y49         FDCE                                         r  u_uart_clock/uclock_Tx/data_reg_reg[2]/D
  -------------------------------------------------------------------    -------------------

                         (clock sys_clk_pin rise edge)
                                                     10.000    10.000 r  
    W5                                                0.000    10.000 r  clk (IN)
                         net (fo=0)                   0.000    10.000    clk
    W5                   IBUF (Prop_ibuf_I_O)         1.388    11.388 r  clk_IBUF_inst/O
                         net (fo=1, routed)           1.862    13.250    clk_IBUF
    BUFGCTRL_X0Y0        BUFG (Prop_bufg_I_O)         0.091    13.341 r  clk_IBUF_BUFG_inst/O
                         net (fo=493, routed)         1.451    14.792    u_uart_clock/uclock_Tx/clk
    SLICE_X15Y49         FDCE                                         r  u_uart_clock/uclock_Tx/data_reg_reg[2]/C
                         clock pessimism              0.260    15.052    
                         clock uncertainty           -0.035    15.017    
    SLICE_X15Y49         FDCE (Setup_fdce_C_D)        0.031    15.048    u_uart_clock/uclock_Tx/data_reg_reg[2]
  -------------------------------------------------------------------
                         required time                         15.048    
                         arrival time                         -27.962    
  -------------------------------------------------------------------
                         slack                                -12.914    

Slack (VIOLATED) :        -12.777ns  (required time - arrival time)
  Source:                 u_HC_SR04_module/U_senor_cu/data_reg_reg[7]_replica/C
                            (rising edge-triggered cell FDCE clocked by sys_clk_pin  {rise@0.000ns fall@5.000ns period=10.000ns})
  Destination:            u_uart_clock/uclock_Tx/data_reg_reg[3]/D
                            (rising edge-triggered cell FDCE clocked by sys_clk_pin  {rise@0.000ns fall@5.000ns period=10.000ns})
  Path Group:             sys_clk_pin
  Path Type:              Setup (Max at Slow Process Corner)
  Requirement:            10.000ns  (sys_clk_pin rise@10.000ns - sys_clk_pin rise@0.000ns)
  Data Path Delay:        22.773ns  (logic 9.775ns (42.924%)  route 12.998ns (57.076%))
  Logic Levels:           35  (CARRY4=17 LUT2=2 LUT3=5 LUT4=1 LUT5=1 LUT6=8 MUXF7=1)
  Clock Path Skew:        -0.033ns (DCD - SCD + CPR)
    Destination Clock Delay (DCD):    4.792ns = ( 14.792 - 10.000 ) 
    Source Clock Delay      (SCD):    5.085ns
    Clock Pessimism Removal (CPR):    0.260ns
  Clock Uncertainty:      0.035ns  ((TSJ^2 + TIJ^2)^1/2 + DJ) / 2 + PE
    Total System Jitter     (TSJ):    0.071ns
    Total Input Jitter      (TIJ):    0.000ns
    Discrete Jitter          (DJ):    0.000ns
    Phase Error              (PE):    0.000ns

    Location             Delay type                Incr(ns)  Path(ns)    Netlist Resource(s)
  -------------------------------------------------------------------    -------------------
                         (clock sys_clk_pin rise edge)
                                                      0.000     0.000 r  
    W5                                                0.000     0.000 r  clk (IN)
                         net (fo=0)                   0.000     0.000    clk
    W5                   IBUF (Prop_ibuf_I_O)         1.458     1.458 r  clk_IBUF_inst/O
                         net (fo=1, routed)           1.967     3.425    clk_IBUF
    BUFGCTRL_X0Y0        BUFG (Prop_bufg_I_O)         0.096     3.521 r  clk_IBUF_BUFG_inst/O
                         net (fo=493, routed)         1.564     5.085    u_HC_SR04_module/U_senor_cu/clk
    SLICE_X9Y36          FDCE                                         r  u_HC_SR04_module/U_senor_cu/data_reg_reg[7]_replica/C
  -------------------------------------------------------------------    -------------------
    SLICE_X9Y36          FDCE (Prop_fdce_C_Q)         0.456     5.541 r  u_HC_SR04_module/U_senor_cu/data_reg_reg[7]_replica/Q
                         net (fo=18, routed)          0.670     6.211    u_HC_SR04_module/U_senor_cu/data_reg[7]_repN
    SLICE_X8Y37          LUT3 (Prop_lut3_I0_O)        0.124     6.335 r  u_HC_SR04_module/U_senor_cu/o_data__1_carry__0_i_2/O
                         net (fo=1, routed)           0.473     6.808    u_HC_SR04_module/U_senor_cu/o_data__1_carry__0_i_2_n_0
    SLICE_X9Y38          CARRY4 (Prop_carry4_DI[2]_CO[3])
                                                      0.398     7.206 r  u_HC_SR04_module/U_senor_cu/o_data__1_carry__0/CO[3]
                         net (fo=1, routed)           0.000     7.206    u_HC_SR04_module/U_senor_cu/o_data__1_carry__0_n_0
    SLICE_X9Y39          CARRY4 (Prop_carry4_CI_CO[3])
                                                      0.114     7.320 r  u_HC_SR04_module/U_senor_cu/o_data__1_carry__1/CO[3]
                         net (fo=1, routed)           0.000     7.320    u_HC_SR04_module/U_senor_cu/o_data__1_carry__1_n_0
    SLICE_X9Y40          CARRY4 (Prop_carry4_CI_CO[3])
                                                      0.114     7.434 r  u_HC_SR04_module/U_senor_cu/o_data__1_carry__2/CO[3]
                         net (fo=1, routed)           0.000     7.434    u_HC_SR04_module/U_senor_cu/o_data__1_carry__2_n_0
    SLICE_X9Y41          CARRY4 (Prop_carry4_CI_O[0])
                                                      0.222     7.656 r  u_HC_SR04_module/U_senor_cu/o_data__1_carry__3/O[0]
                         net (fo=3, routed)           0.667     8.324    u_HC_SR04_module/U_senor_cu/o_data__1_carry__3_n_7
    SLICE_X6Y41          LUT3 (Prop_lut3_I2_O)        0.299     8.623 r  u_HC_SR04_module/U_senor_cu/o_data__55_carry__2_i_2/O
                         net (fo=1, routed)           0.568     9.191    u_HC_SR04_module/U_senor_cu/o_data__55_carry__2_i_2_n_0
    SLICE_X7Y41          CARRY4 (Prop_carry4_DI[2]_CO[3])
                                                      0.398     9.589 r  u_HC_SR04_module/U_senor_cu/o_data__55_carry__2/CO[3]
                         net (fo=1, routed)           0.000     9.589    u_HC_SR04_module/U_senor_cu/o_data__55_carry__2_n_0
    SLICE_X7Y42          CARRY4 (Prop_carry4_CI_O[1])
                                                      0.334     9.923 f  u_HC_SR04_module/U_senor_cu/o_data__55_carry__3/O[1]
                         net (fo=26, routed)          0.608    10.530    u_HC_SR04_module/U_senor_cu/o_data__55_carry__3_n_6
    SLICE_X6Y42          LUT3 (Prop_lut3_I1_O)        0.303    10.833 r  u_HC_SR04_module/U_senor_cu/o_data__104_carry__0_i_1/O
                         net (fo=1, routed)           0.582    11.416    u_HC_SR04_module/U_senor_cu/o_data__104_carry__0_i_1_n_0
    SLICE_X8Y42          CARRY4 (Prop_carry4_DI[3]_CO[3])
                                                      0.396    11.812 r  u_HC_SR04_module/U_senor_cu/o_data__104_carry__0/CO[3]
                         net (fo=1, routed)           0.000    11.812    u_HC_SR04_module/U_senor_cu/o_data__104_carry__0_n_0
    SLICE_X8Y43          CARRY4 (Prop_carry4_CI_O[0])
                                                      0.219    12.031 r  u_HC_SR04_module/U_senor_cu/o_data__104_carry__1/O[0]
                         net (fo=3, routed)           0.647    12.678    u_HC_SR04_module/U_senor_cu/o_data__104_carry__1_n_7
    SLICE_X10Y42         LUT4 (Prop_lut4_I1_O)        0.295    12.973 r  u_HC_SR04_module/U_senor_cu/o_data__141_carry__1_i_5/O
                         net (fo=1, routed)           0.000    12.973    u_HC_SR04_module/U_senor_cu/o_data__141_carry__1_i_5_n_0
    SLICE_X10Y42         CARRY4 (Prop_carry4_S[3]_CO[3])
                                                      0.376    13.349 r  u_HC_SR04_module/U_senor_cu/o_data__141_carry__1/CO[3]
                         net (fo=1, routed)           0.000    13.349    u_HC_SR04_module/U_senor_cu/o_data__141_carry__1_n_0
    SLICE_X10Y43         CARRY4 (Prop_carry4_CI_CO[2])
                                                      0.229    13.578 r  u_HC_SR04_module/U_senor_cu/o_data__141_carry__2/CO[2]
                         net (fo=53, routed)          0.577    14.155    u_HC_SR04_module/U_senor_cu/o_data__141_carry__2_n_1
    SLICE_X12Y43         LUT6 (Prop_lut6_I3_O)        0.310    14.465 r  u_HC_SR04_module/U_senor_cu/o3_reg[6]_i_11/O
                         net (fo=48, routed)          0.658    15.122    u_HC_SR04_module/U_senor_cu/o3_reg[6]_i_11_n_0
    SLICE_X11Y42         LUT5 (Prop_lut5_I2_O)        0.124    15.246 r  u_HC_SR04_module/U_senor_cu/data_reg[3]_i_141/O
                         net (fo=1, routed)           0.000    15.246    u_HC_SR04_module/U_senor_cu/data_reg[3]_i_141_n_0
    SLICE_X11Y42         CARRY4 (Prop_carry4_S[2]_CO[3])
                                                      0.398    15.644 r  u_HC_SR04_module/U_senor_cu/data_reg_reg[3]_i_126/CO[3]
                         net (fo=1, routed)           0.000    15.644    u_HC_SR04_module/U_senor_cu/data_reg_reg[3]_i_126_n_0
    SLICE_X11Y43         CARRY4 (Prop_carry4_CI_O[2])
                                                      0.239    15.883 r  u_HC_SR04_module/U_senor_cu/data_reg_reg[3]_i_102/O[2]
                         net (fo=5, routed)           0.770    16.654    u_HC_SR04_module/U_senor_cu/data_reg_reg[3]_i_102_n_5
    SLICE_X12Y42         LUT6 (Prop_lut6_I5_O)        0.302    16.956 r  u_HC_SR04_module/U_senor_cu/data_reg[3]_i_104/O
                         net (fo=2, routed)           0.416    17.372    u_HC_SR04_module/U_senor_cu/data_reg[3]_i_104_n_0
    SLICE_X13Y43         LUT6 (Prop_lut6_I0_O)        0.124    17.496 r  u_HC_SR04_module/U_senor_cu/data_reg[3]_i_75/O
                         net (fo=1, routed)           0.643    18.139    u_HC_SR04_module/U_senor_cu/data_reg[3]_i_75_n_0
    SLICE_X9Y44          CARRY4 (Prop_carry4_DI[1]_CO[3])
                                                      0.507    18.646 r  u_HC_SR04_module/U_senor_cu/data_reg_reg[3]_i_34/CO[3]
                         net (fo=1, routed)           0.000    18.646    u_HC_SR04_module/U_senor_cu/data_reg_reg[3]_i_34_n_0
    SLICE_X9Y45          CARRY4 (Prop_carry4_CI_O[3])
                                                      0.313    18.959 r  u_HC_SR04_module/U_senor_cu/data_reg_reg[3]_i_15/O[3]
                         net (fo=12, routed)          0.884    19.843    u_uart_clock/uclock_Tx/O[1]
    SLICE_X11Y45         LUT3 (Prop_lut3_I0_O)        0.306    20.149 r  u_uart_clock/uclock_Tx/data_reg[0]_i_104/O
                         net (fo=1, routed)           0.568    20.717    u_uart_clock/uclock_Tx/data_reg[0]_i_104_n_0
    SLICE_X8Y46          CARRY4 (Prop_carry4_DI[0]_CO[3])
                                                      0.550    21.267 r  u_uart_clock/uclock_Tx/data_reg_reg[0]_i_52/CO[3]
                         net (fo=1, routed)           0.000    21.267    u_uart_clock/uclock_Tx/data_reg_reg[0]_i_52_n_0
    SLICE_X8Y47          CARRY4 (Prop_carry4_CI_O[2])
                                                      0.239    21.506 r  u_uart_clock/uclock_Tx/data_reg_reg[0]_i_26/O[2]
                         net (fo=8, routed)           0.639    22.144    u_uart_clock_n_5
    SLICE_X10Y47         LUT2 (Prop_lut2_I1_O)        0.301    22.445 r  data_reg[0]_i_50/O
                         net (fo=1, routed)           0.000    22.445    u_HC_SR04_module/U_senor_cu/data_reg[0]_i_17_0[1]
    SLICE_X10Y47         CARRY4 (Prop_carry4_S[1]_CO[1])
                                                      0.492    22.937 f  u_HC_SR04_module/U_senor_cu/data_reg_reg[0]_i_25/CO[1]
                         net (fo=7, routed)           0.472    23.410    u_uart_clock/uclock_Tx/data_reg[0]_i_9_0[0]
    SLICE_X8Y48          LUT2 (Prop_lut2_I1_O)        0.332    23.742 r  u_uart_clock/uclock_Tx/data_reg[3]_i_120/O
                         net (fo=18, routed)          0.739    24.481    u_uart_clock/uclock_Tx/data_reg[3]_i_120_n_0
    SLICE_X12Y48         LUT6 (Prop_lut6_I2_O)        0.124    24.605 r  u_uart_clock/uclock_Tx/data_reg[3]_i_92/O
                         net (fo=1, routed)           0.343    24.948    u_uart_clock/uclock_Tx/data_reg[3]_i_92_n_0
    SLICE_X13Y48         LUT6 (Prop_lut6_I5_O)        0.124    25.072 r  u_uart_clock/uclock_Tx/data_reg[3]_i_62/O
                         net (fo=2, routed)           0.447    25.518    u_uart_clock/uclock_Tx/data_reg[3]_i_62_n_0
    SLICE_X15Y49         LUT3 (Prop_lut3_I2_O)        0.124    25.642 r  u_uart_clock/uclock_Tx/data_reg[3]_i_30/O
                         net (fo=1, routed)           0.590    26.232    u_uart_clock/uclock_Tx/data_reg[3]_i_30_n_0
    SLICE_X14Y48         LUT6 (Prop_lut6_I1_O)        0.124    26.356 r  u_uart_clock/uclock_Tx/data_reg[3]_i_14/O
                         net (fo=2, routed)           0.634    26.990    u_uart_clock/uclock_Tx/data_reg[3]_i_14_n_0
    SLICE_X15Y48         LUT6 (Prop_lut6_I0_O)        0.124    27.114 r  u_uart_clock/uclock_Tx/data_reg[3]_i_6/O
                         net (fo=1, routed)           0.403    27.517    u_uart_clock/uclock_Tx/data_reg[3]_i_6_n_0
    SLICE_X15Y48         LUT6 (Prop_lut6_I0_O)        0.124    27.641 r  u_uart_clock/uclock_Tx/data_reg[3]_i_3/O
                         net (fo=1, routed)           0.000    27.641    u_uart_clock/uclock_Tx/data_reg[3]_i_3_n_0
    SLICE_X15Y48         MUXF7 (Prop_muxf7_I1_O)      0.217    27.858 r  u_uart_clock/uclock_Tx/data_reg_reg[3]_i_1/O
                         net (fo=1, routed)           0.000    27.858    u_uart_clock/uclock_Tx/data_reg_reg[3]_i_1_n_0
    SLICE_X15Y48         FDCE                                         r  u_uart_clock/uclock_Tx/data_reg_reg[3]/D
  -------------------------------------------------------------------    -------------------

                         (clock sys_clk_pin rise edge)
                                                     10.000    10.000 r  
    W5                                                0.000    10.000 r  clk (IN)
                         net (fo=0)                   0.000    10.000    clk
    W5                   IBUF (Prop_ibuf_I_O)         1.388    11.388 r  clk_IBUF_inst/O
                         net (fo=1, routed)           1.862    13.250    clk_IBUF
    BUFGCTRL_X0Y0        BUFG (Prop_bufg_I_O)         0.091    13.341 r  clk_IBUF_BUFG_inst/O
                         net (fo=493, routed)         1.451    14.792    u_uart_clock/uclock_Tx/clk
    SLICE_X15Y48         FDCE                                         r  u_uart_clock/uclock_Tx/data_reg_reg[3]/C
                         clock pessimism              0.260    15.052    
                         clock uncertainty           -0.035    15.017    
    SLICE_X15Y48         FDCE (Setup_fdce_C_D)        0.064    15.081    u_uart_clock/uclock_Tx/data_reg_reg[3]
  -------------------------------------------------------------------
                         required time                         15.081    
                         arrival time                         -27.858    
  -------------------------------------------------------------------
                         slack                                -12.777    

Slack (VIOLATED) :        -12.727ns  (required time - arrival time)
  Source:                 u_HC_SR04_module/U_senor_cu/data_reg_reg[7]_replica/C
                            (rising edge-triggered cell FDCE clocked by sys_clk_pin  {rise@0.000ns fall@5.000ns period=10.000ns})
  Destination:            u_uart_clock/uclock_Tx/data_reg_reg[1]/D
                            (rising edge-triggered cell FDCE clocked by sys_clk_pin  {rise@0.000ns fall@5.000ns period=10.000ns})
  Path Group:             sys_clk_pin
  Path Type:              Setup (Max at Slow Process Corner)
  Requirement:            10.000ns  (sys_clk_pin rise@10.000ns - sys_clk_pin rise@0.000ns)
  Data Path Delay:        22.771ns  (logic 10.140ns (44.530%)  route 12.631ns (55.470%))
  Logic Levels:           36  (CARRY4=17 LUT2=2 LUT3=4 LUT4=1 LUT5=3 LUT6=6 MUXF7=2 MUXF8=1)
  Clock Path Skew:        -0.033ns (DCD - SCD + CPR)
    Destination Clock Delay (DCD):    4.792ns = ( 14.792 - 10.000 ) 
    Source Clock Delay      (SCD):    5.085ns
    Clock Pessimism Removal (CPR):    0.260ns
  Clock Uncertainty:      0.035ns  ((TSJ^2 + TIJ^2)^1/2 + DJ) / 2 + PE
    Total System Jitter     (TSJ):    0.071ns
    Total Input Jitter      (TIJ):    0.000ns
    Discrete Jitter          (DJ):    0.000ns
    Phase Error              (PE):    0.000ns

    Location             Delay type                Incr(ns)  Path(ns)    Netlist Resource(s)
  -------------------------------------------------------------------    -------------------
                         (clock sys_clk_pin rise edge)
                                                      0.000     0.000 r  
    W5                                                0.000     0.000 r  clk (IN)
                         net (fo=0)                   0.000     0.000    clk
    W5                   IBUF (Prop_ibuf_I_O)         1.458     1.458 r  clk_IBUF_inst/O
                         net (fo=1, routed)           1.967     3.425    clk_IBUF
    BUFGCTRL_X0Y0        BUFG (Prop_bufg_I_O)         0.096     3.521 r  clk_IBUF_BUFG_inst/O
                         net (fo=493, routed)         1.564     5.085    u_HC_SR04_module/U_senor_cu/clk
    SLICE_X9Y36          FDCE                                         r  u_HC_SR04_module/U_senor_cu/data_reg_reg[7]_replica/C
  -------------------------------------------------------------------    -------------------
    SLICE_X9Y36          FDCE (Prop_fdce_C_Q)         0.456     5.541 r  u_HC_SR04_module/U_senor_cu/data_reg_reg[7]_replica/Q
                         net (fo=18, routed)          0.670     6.211    u_HC_SR04_module/U_senor_cu/data_reg[7]_repN
    SLICE_X8Y37          LUT3 (Prop_lut3_I0_O)        0.124     6.335 r  u_HC_SR04_module/U_senor_cu/o_data__1_carry__0_i_2/O
                         net (fo=1, routed)           0.473     6.808    u_HC_SR04_module/U_senor_cu/o_data__1_carry__0_i_2_n_0
    SLICE_X9Y38          CARRY4 (Prop_carry4_DI[2]_CO[3])
                                                      0.398     7.206 r  u_HC_SR04_module/U_senor_cu/o_data__1_carry__0/CO[3]
                         net (fo=1, routed)           0.000     7.206    u_HC_SR04_module/U_senor_cu/o_data__1_carry__0_n_0
    SLICE_X9Y39          CARRY4 (Prop_carry4_CI_CO[3])
                                                      0.114     7.320 r  u_HC_SR04_module/U_senor_cu/o_data__1_carry__1/CO[3]
                         net (fo=1, routed)           0.000     7.320    u_HC_SR04_module/U_senor_cu/o_data__1_carry__1_n_0
    SLICE_X9Y40          CARRY4 (Prop_carry4_CI_CO[3])
                                                      0.114     7.434 r  u_HC_SR04_module/U_senor_cu/o_data__1_carry__2/CO[3]
                         net (fo=1, routed)           0.000     7.434    u_HC_SR04_module/U_senor_cu/o_data__1_carry__2_n_0
    SLICE_X9Y41          CARRY4 (Prop_carry4_CI_O[0])
                                                      0.222     7.656 r  u_HC_SR04_module/U_senor_cu/o_data__1_carry__3/O[0]
                         net (fo=3, routed)           0.667     8.324    u_HC_SR04_module/U_senor_cu/o_data__1_carry__3_n_7
    SLICE_X6Y41          LUT3 (Prop_lut3_I2_O)        0.299     8.623 r  u_HC_SR04_module/U_senor_cu/o_data__55_carry__2_i_2/O
                         net (fo=1, routed)           0.568     9.191    u_HC_SR04_module/U_senor_cu/o_data__55_carry__2_i_2_n_0
    SLICE_X7Y41          CARRY4 (Prop_carry4_DI[2]_CO[3])
                                                      0.398     9.589 r  u_HC_SR04_module/U_senor_cu/o_data__55_carry__2/CO[3]
                         net (fo=1, routed)           0.000     9.589    u_HC_SR04_module/U_senor_cu/o_data__55_carry__2_n_0
    SLICE_X7Y42          CARRY4 (Prop_carry4_CI_O[1])
                                                      0.334     9.923 f  u_HC_SR04_module/U_senor_cu/o_data__55_carry__3/O[1]
                         net (fo=26, routed)          0.608    10.530    u_HC_SR04_module/U_senor_cu/o_data__55_carry__3_n_6
    SLICE_X6Y42          LUT3 (Prop_lut3_I1_O)        0.303    10.833 r  u_HC_SR04_module/U_senor_cu/o_data__104_carry__0_i_1/O
                         net (fo=1, routed)           0.582    11.416    u_HC_SR04_module/U_senor_cu/o_data__104_carry__0_i_1_n_0
    SLICE_X8Y42          CARRY4 (Prop_carry4_DI[3]_CO[3])
                                                      0.396    11.812 r  u_HC_SR04_module/U_senor_cu/o_data__104_carry__0/CO[3]
                         net (fo=1, routed)           0.000    11.812    u_HC_SR04_module/U_senor_cu/o_data__104_carry__0_n_0
    SLICE_X8Y43          CARRY4 (Prop_carry4_CI_O[0])
                                                      0.219    12.031 r  u_HC_SR04_module/U_senor_cu/o_data__104_carry__1/O[0]
                         net (fo=3, routed)           0.647    12.678    u_HC_SR04_module/U_senor_cu/o_data__104_carry__1_n_7
    SLICE_X10Y42         LUT4 (Prop_lut4_I1_O)        0.295    12.973 r  u_HC_SR04_module/U_senor_cu/o_data__141_carry__1_i_5/O
                         net (fo=1, routed)           0.000    12.973    u_HC_SR04_module/U_senor_cu/o_data__141_carry__1_i_5_n_0
    SLICE_X10Y42         CARRY4 (Prop_carry4_S[3]_CO[3])
                                                      0.376    13.349 r  u_HC_SR04_module/U_senor_cu/o_data__141_carry__1/CO[3]
                         net (fo=1, routed)           0.000    13.349    u_HC_SR04_module/U_senor_cu/o_data__141_carry__1_n_0
    SLICE_X10Y43         CARRY4 (Prop_carry4_CI_CO[2])
                                                      0.229    13.578 r  u_HC_SR04_module/U_senor_cu/o_data__141_carry__2/CO[2]
                         net (fo=53, routed)          0.577    14.155    u_HC_SR04_module/U_senor_cu/o_data__141_carry__2_n_1
    SLICE_X12Y43         LUT6 (Prop_lut6_I3_O)        0.310    14.465 r  u_HC_SR04_module/U_senor_cu/o3_reg[6]_i_11/O
                         net (fo=48, routed)          0.658    15.122    u_HC_SR04_module/U_senor_cu/o3_reg[6]_i_11_n_0
    SLICE_X11Y42         LUT5 (Prop_lut5_I2_O)        0.124    15.246 r  u_HC_SR04_module/U_senor_cu/data_reg[3]_i_141/O
                         net (fo=1, routed)           0.000    15.246    u_HC_SR04_module/U_senor_cu/data_reg[3]_i_141_n_0
    SLICE_X11Y42         CARRY4 (Prop_carry4_S[2]_CO[3])
                                                      0.398    15.644 r  u_HC_SR04_module/U_senor_cu/data_reg_reg[3]_i_126/CO[3]
                         net (fo=1, routed)           0.000    15.644    u_HC_SR04_module/U_senor_cu/data_reg_reg[3]_i_126_n_0
    SLICE_X11Y43         CARRY4 (Prop_carry4_CI_O[2])
                                                      0.239    15.883 r  u_HC_SR04_module/U_senor_cu/data_reg_reg[3]_i_102/O[2]
                         net (fo=5, routed)           0.770    16.654    u_HC_SR04_module/U_senor_cu/data_reg_reg[3]_i_102_n_5
    SLICE_X12Y42         LUT6 (Prop_lut6_I5_O)        0.302    16.956 r  u_HC_SR04_module/U_senor_cu/data_reg[3]_i_104/O
                         net (fo=2, routed)           0.416    17.372    u_HC_SR04_module/U_senor_cu/data_reg[3]_i_104_n_0
    SLICE_X13Y43         LUT6 (Prop_lut6_I0_O)        0.124    17.496 r  u_HC_SR04_module/U_senor_cu/data_reg[3]_i_75/O
                         net (fo=1, routed)           0.643    18.139    u_HC_SR04_module/U_senor_cu/data_reg[3]_i_75_n_0
    SLICE_X9Y44          CARRY4 (Prop_carry4_DI[1]_CO[3])
                                                      0.507    18.646 r  u_HC_SR04_module/U_senor_cu/data_reg_reg[3]_i_34/CO[3]
                         net (fo=1, routed)           0.000    18.646    u_HC_SR04_module/U_senor_cu/data_reg_reg[3]_i_34_n_0
    SLICE_X9Y45          CARRY4 (Prop_carry4_CI_O[3])
                                                      0.313    18.959 r  u_HC_SR04_module/U_senor_cu/data_reg_reg[3]_i_15/O[3]
                         net (fo=12, routed)          0.884    19.843    u_uart_clock/uclock_Tx/O[1]
    SLICE_X11Y45         LUT3 (Prop_lut3_I0_O)        0.306    20.149 r  u_uart_clock/uclock_Tx/data_reg[0]_i_104/O
                         net (fo=1, routed)           0.568    20.717    u_uart_clock/uclock_Tx/data_reg[0]_i_104_n_0
    SLICE_X8Y46          CARRY4 (Prop_carry4_DI[0]_CO[3])
                                                      0.550    21.267 r  u_uart_clock/uclock_Tx/data_reg_reg[0]_i_52/CO[3]
                         net (fo=1, routed)           0.000    21.267    u_uart_clock/uclock_Tx/data_reg_reg[0]_i_52_n_0
    SLICE_X8Y47          CARRY4 (Prop_carry4_CI_O[2])
                                                      0.239    21.506 r  u_uart_clock/uclock_Tx/data_reg_reg[0]_i_26/O[2]
                         net (fo=8, routed)           0.639    22.144    u_uart_clock_n_5
    SLICE_X10Y47         LUT2 (Prop_lut2_I1_O)        0.301    22.445 r  data_reg[0]_i_50/O
                         net (fo=1, routed)           0.000    22.445    u_HC_SR04_module/U_senor_cu/data_reg[0]_i_17_0[1]
    SLICE_X10Y47         CARRY4 (Prop_carry4_S[1]_CO[1])
                                                      0.492    22.937 f  u_HC_SR04_module/U_senor_cu/data_reg_reg[0]_i_25/CO[1]
                         net (fo=7, routed)           0.472    23.410    u_uart_clock/uclock_Tx/data_reg[0]_i_9_0[0]
    SLICE_X8Y48          LUT2 (Prop_lut2_I1_O)        0.332    23.742 r  u_uart_clock/uclock_Tx/data_reg[3]_i_120/O
                         net (fo=18, routed)          0.655    24.396    u_uart_clock/uclock_Tx/data_reg[3]_i_120_n_0
    SLICE_X9Y50          LUT6 (Prop_lut6_I4_O)        0.124    24.520 r  u_uart_clock/uclock_Tx/data_reg[1]_i_62/O
                         net (fo=1, routed)           0.310    24.831    u_uart_clock/uclock_Tx/data_reg[1]_i_62_n_0
    SLICE_X8Y48          LUT5 (Prop_lut5_I1_O)        0.124    24.955 r  u_uart_clock/uclock_Tx/data_reg[1]_i_56_comp/O
                         net (fo=3, routed)           0.925    25.880    u_uart_clock/uclock_Tx/data_reg[1]_i_56_n_0
    SLICE_X12Y50         LUT6 (Prop_lut6_I0_O)        0.124    26.004 r  u_uart_clock/uclock_Tx/data_reg[1]_i_52/O
                         net (fo=1, routed)           0.000    26.004    u_uart_clock/uclock_Tx/data_reg[1]_i_52_n_0
    SLICE_X12Y50         MUXF7 (Prop_muxf7_I0_O)      0.209    26.213 r  u_uart_clock/uclock_Tx/data_reg_reg[1]_i_32/O
                         net (fo=1, routed)           0.000    26.213    u_uart_clock/uclock_Tx/data_reg_reg[1]_i_32_n_0
    SLICE_X12Y50         MUXF8 (Prop_muxf8_I1_O)      0.088    26.301 r  u_uart_clock/uclock_Tx/data_reg_reg[1]_i_17/O
                         net (fo=2, routed)           0.304    26.605    u_uart_clock/uclock_Tx/w_o_data100_2[1]
    SLICE_X15Y50         LUT5 (Prop_lut5_I0_O)        0.319    26.924 r  u_uart_clock/uclock_Tx/data_reg[1]_i_8/O
                         net (fo=1, routed)           0.594    27.519    u_uart_clock/uclock_Tx/data_reg[1]_i_8_n_0
    SLICE_X14Y49         LUT6 (Prop_lut6_I0_O)        0.124    27.643 r  u_uart_clock/uclock_Tx/data_reg[1]_i_3/O
                         net (fo=1, routed)           0.000    27.643    u_uart_clock/uclock_Tx/data_reg[1]_i_3_n_0
    SLICE_X14Y49         MUXF7 (Prop_muxf7_I1_O)      0.214    27.857 r  u_uart_clock/uclock_Tx/data_reg_reg[1]_i_1/O
                         net (fo=1, routed)           0.000    27.857    u_uart_clock/uclock_Tx/data_reg_reg[1]_i_1_n_0
    SLICE_X14Y49         FDCE                                         r  u_uart_clock/uclock_Tx/data_reg_reg[1]/D
  -------------------------------------------------------------------    -------------------

                         (clock sys_clk_pin rise edge)
                                                     10.000    10.000 r  
    W5                                                0.000    10.000 r  clk (IN)
                         net (fo=0)                   0.000    10.000    clk
    W5                   IBUF (Prop_ibuf_I_O)         1.388    11.388 r  clk_IBUF_inst/O
                         net (fo=1, routed)           1.862    13.250    clk_IBUF
    BUFGCTRL_X0Y0        BUFG (Prop_bufg_I_O)         0.091    13.341 r  clk_IBUF_BUFG_inst/O
                         net (fo=493, routed)         1.451    14.792    u_uart_clock/uclock_Tx/clk
    SLICE_X14Y49         FDCE                                         r  u_uart_clock/uclock_Tx/data_reg_reg[1]/C
                         clock pessimism              0.260    15.052    
                         clock uncertainty           -0.035    15.017    
    SLICE_X14Y49         FDCE (Setup_fdce_C_D)        0.113    15.130    u_uart_clock/uclock_Tx/data_reg_reg[1]
  -------------------------------------------------------------------
                         required time                         15.130    
                         arrival time                         -27.857    
  -------------------------------------------------------------------
                         slack                                -12.727    

Slack (VIOLATED) :        -9.915ns  (required time - arrival time)
  Source:                 u_HC_SR04_module/U_senor_cu/data_reg_reg[7]_replica/C
                            (rising edge-triggered cell FDCE clocked by sys_clk_pin  {rise@0.000ns fall@5.000ns period=10.000ns})
  Destination:            u_uart_clock/uclock_Tx/data_reg_reg[0]/D
                            (rising edge-triggered cell FDCE clocked by sys_clk_pin  {rise@0.000ns fall@5.000ns period=10.000ns})
  Path Group:             sys_clk_pin
  Path Type:              Setup (Max at Slow Process Corner)
  Requirement:            10.000ns  (sys_clk_pin rise@10.000ns - sys_clk_pin rise@0.000ns)
  Data Path Delay:        19.835ns  (logic 9.186ns (46.312%)  route 10.649ns (53.688%))
  Logic Levels:           31  (CARRY4=17 LUT2=1 LUT3=4 LUT4=1 LUT5=3 LUT6=5)
  Clock Path Skew:        -0.124ns (DCD - SCD + CPR)
    Destination Clock Delay (DCD):    4.782ns = ( 14.782 - 10.000 ) 
    Source Clock Delay      (SCD):    5.085ns
    Clock Pessimism Removal (CPR):    0.180ns
  Clock Uncertainty:      0.035ns  ((TSJ^2 + TIJ^2)^1/2 + DJ) / 2 + PE
    Total System Jitter     (TSJ):    0.071ns
    Total Input Jitter      (TIJ):    0.000ns
    Discrete Jitter          (DJ):    0.000ns
    Phase Error              (PE):    0.000ns

    Location             Delay type                Incr(ns)  Path(ns)    Netlist Resource(s)
  -------------------------------------------------------------------    -------------------
                         (clock sys_clk_pin rise edge)
                                                      0.000     0.000 r  
    W5                                                0.000     0.000 r  clk (IN)
                         net (fo=0)                   0.000     0.000    clk
    W5                   IBUF (Prop_ibuf_I_O)         1.458     1.458 r  clk_IBUF_inst/O
                         net (fo=1, routed)           1.967     3.425    clk_IBUF
    BUFGCTRL_X0Y0        BUFG (Prop_bufg_I_O)         0.096     3.521 r  clk_IBUF_BUFG_inst/O
                         net (fo=493, routed)         1.564     5.085    u_HC_SR04_module/U_senor_cu/clk
    SLICE_X9Y36          FDCE                                         r  u_HC_SR04_module/U_senor_cu/data_reg_reg[7]_replica/C
  -------------------------------------------------------------------    -------------------
    SLICE_X9Y36          FDCE (Prop_fdce_C_Q)         0.456     5.541 r  u_HC_SR04_module/U_senor_cu/data_reg_reg[7]_replica/Q
                         net (fo=18, routed)          0.670     6.211    u_HC_SR04_module/U_senor_cu/data_reg[7]_repN
    SLICE_X8Y37          LUT3 (Prop_lut3_I0_O)        0.124     6.335 r  u_HC_SR04_module/U_senor_cu/o_data__1_carry__0_i_2/O
                         net (fo=1, routed)           0.473     6.808    u_HC_SR04_module/U_senor_cu/o_data__1_carry__0_i_2_n_0
    SLICE_X9Y38          CARRY4 (Prop_carry4_DI[2]_CO[3])
                                                      0.398     7.206 r  u_HC_SR04_module/U_senor_cu/o_data__1_carry__0/CO[3]
                         net (fo=1, routed)           0.000     7.206    u_HC_SR04_module/U_senor_cu/o_data__1_carry__0_n_0
    SLICE_X9Y39          CARRY4 (Prop_carry4_CI_CO[3])
                                                      0.114     7.320 r  u_HC_SR04_module/U_senor_cu/o_data__1_carry__1/CO[3]
                         net (fo=1, routed)           0.000     7.320    u_HC_SR04_module/U_senor_cu/o_data__1_carry__1_n_0
    SLICE_X9Y40          CARRY4 (Prop_carry4_CI_CO[3])
                                                      0.114     7.434 r  u_HC_SR04_module/U_senor_cu/o_data__1_carry__2/CO[3]
                         net (fo=1, routed)           0.000     7.434    u_HC_SR04_module/U_senor_cu/o_data__1_carry__2_n_0
    SLICE_X9Y41          CARRY4 (Prop_carry4_CI_O[0])
                                                      0.222     7.656 r  u_HC_SR04_module/U_senor_cu/o_data__1_carry__3/O[0]
                         net (fo=3, routed)           0.667     8.324    u_HC_SR04_module/U_senor_cu/o_data__1_carry__3_n_7
    SLICE_X6Y41          LUT3 (Prop_lut3_I2_O)        0.299     8.623 r  u_HC_SR04_module/U_senor_cu/o_data__55_carry__2_i_2/O
                         net (fo=1, routed)           0.568     9.191    u_HC_SR04_module/U_senor_cu/o_data__55_carry__2_i_2_n_0
    SLICE_X7Y41          CARRY4 (Prop_carry4_DI[2]_CO[3])
                                                      0.398     9.589 r  u_HC_SR04_module/U_senor_cu/o_data__55_carry__2/CO[3]
                         net (fo=1, routed)           0.000     9.589    u_HC_SR04_module/U_senor_cu/o_data__55_carry__2_n_0
    SLICE_X7Y42          CARRY4 (Prop_carry4_CI_O[1])
                                                      0.334     9.923 f  u_HC_SR04_module/U_senor_cu/o_data__55_carry__3/O[1]
                         net (fo=26, routed)          0.608    10.530    u_HC_SR04_module/U_senor_cu/o_data__55_carry__3_n_6
    SLICE_X6Y42          LUT3 (Prop_lut3_I1_O)        0.303    10.833 r  u_HC_SR04_module/U_senor_cu/o_data__104_carry__0_i_1/O
                         net (fo=1, routed)           0.582    11.416    u_HC_SR04_module/U_senor_cu/o_data__104_carry__0_i_1_n_0
    SLICE_X8Y42          CARRY4 (Prop_carry4_DI[3]_CO[3])
                                                      0.396    11.812 r  u_HC_SR04_module/U_senor_cu/o_data__104_carry__0/CO[3]
                         net (fo=1, routed)           0.000    11.812    u_HC_SR04_module/U_senor_cu/o_data__104_carry__0_n_0
    SLICE_X8Y43          CARRY4 (Prop_carry4_CI_O[0])
                                                      0.219    12.031 r  u_HC_SR04_module/U_senor_cu/o_data__104_carry__1/O[0]
                         net (fo=3, routed)           0.647    12.678    u_HC_SR04_module/U_senor_cu/o_data__104_carry__1_n_7
    SLICE_X10Y42         LUT4 (Prop_lut4_I1_O)        0.295    12.973 r  u_HC_SR04_module/U_senor_cu/o_data__141_carry__1_i_5/O
                         net (fo=1, routed)           0.000    12.973    u_HC_SR04_module/U_senor_cu/o_data__141_carry__1_i_5_n_0
    SLICE_X10Y42         CARRY4 (Prop_carry4_S[3]_CO[3])
                                                      0.376    13.349 r  u_HC_SR04_module/U_senor_cu/o_data__141_carry__1/CO[3]
                         net (fo=1, routed)           0.000    13.349    u_HC_SR04_module/U_senor_cu/o_data__141_carry__1_n_0
    SLICE_X10Y43         CARRY4 (Prop_carry4_CI_CO[2])
                                                      0.229    13.578 r  u_HC_SR04_module/U_senor_cu/o_data__141_carry__2/CO[2]
                         net (fo=53, routed)          0.577    14.155    u_HC_SR04_module/U_senor_cu/o_data__141_carry__2_n_1
    SLICE_X12Y43         LUT6 (Prop_lut6_I3_O)        0.310    14.465 r  u_HC_SR04_module/U_senor_cu/o3_reg[6]_i_11/O
                         net (fo=48, routed)          0.658    15.122    u_HC_SR04_module/U_senor_cu/o3_reg[6]_i_11_n_0
    SLICE_X11Y42         LUT5 (Prop_lut5_I2_O)        0.124    15.246 r  u_HC_SR04_module/U_senor_cu/data_reg[3]_i_141/O
                         net (fo=1, routed)           0.000    15.246    u_HC_SR04_module/U_senor_cu/data_reg[3]_i_141_n_0
    SLICE_X11Y42         CARRY4 (Prop_carry4_S[2]_CO[3])
                                                      0.398    15.644 r  u_HC_SR04_module/U_senor_cu/data_reg_reg[3]_i_126/CO[3]
                         net (fo=1, routed)           0.000    15.644    u_HC_SR04_module/U_senor_cu/data_reg_reg[3]_i_126_n_0
    SLICE_X11Y43         CARRY4 (Prop_carry4_CI_O[2])
                                                      0.239    15.883 r  u_HC_SR04_module/U_senor_cu/data_reg_reg[3]_i_102/O[2]
                         net (fo=5, routed)           0.770    16.654    u_HC_SR04_module/U_senor_cu/data_reg_reg[3]_i_102_n_5
    SLICE_X12Y42         LUT6 (Prop_lut6_I5_O)        0.302    16.956 r  u_HC_SR04_module/U_senor_cu/data_reg[3]_i_104/O
                         net (fo=2, routed)           0.416    17.372    u_HC_SR04_module/U_senor_cu/data_reg[3]_i_104_n_0
    SLICE_X13Y43         LUT6 (Prop_lut6_I0_O)        0.124    17.496 r  u_HC_SR04_module/U_senor_cu/data_reg[3]_i_75/O
                         net (fo=1, routed)           0.643    18.139    u_HC_SR04_module/U_senor_cu/data_reg[3]_i_75_n_0
    SLICE_X9Y44          CARRY4 (Prop_carry4_DI[1]_CO[3])
                                                      0.507    18.646 r  u_HC_SR04_module/U_senor_cu/data_reg_reg[3]_i_34/CO[3]
                         net (fo=1, routed)           0.000    18.646    u_HC_SR04_module/U_senor_cu/data_reg_reg[3]_i_34_n_0
    SLICE_X9Y45          CARRY4 (Prop_carry4_CI_O[3])
                                                      0.313    18.959 r  u_HC_SR04_module/U_senor_cu/data_reg_reg[3]_i_15/O[3]
                         net (fo=12, routed)          0.884    19.843    u_uart_clock/uclock_Tx/O[1]
    SLICE_X11Y45         LUT3 (Prop_lut3_I0_O)        0.306    20.149 r  u_uart_clock/uclock_Tx/data_reg[0]_i_104/O
                         net (fo=1, routed)           0.568    20.717    u_uart_clock/uclock_Tx/data_reg[0]_i_104_n_0
    SLICE_X8Y46          CARRY4 (Prop_carry4_DI[0]_CO[3])
                                                      0.550    21.267 r  u_uart_clock/uclock_Tx/data_reg_reg[0]_i_52/CO[3]
                         net (fo=1, routed)           0.000    21.267    u_uart_clock/uclock_Tx/data_reg_reg[0]_i_52_n_0
    SLICE_X8Y47          CARRY4 (Prop_carry4_CI_O[2])
                                                      0.239    21.506 r  u_uart_clock/uclock_Tx/data_reg_reg[0]_i_26/O[2]
                         net (fo=8, routed)           0.639    22.144    u_uart_clock_n_5
    SLICE_X10Y47         LUT2 (Prop_lut2_I1_O)        0.301    22.445 r  data_reg[0]_i_50/O
                         net (fo=1, routed)           0.000    22.445    u_HC_SR04_module/U_senor_cu/data_reg[0]_i_17_0[1]
    SLICE_X10Y47         CARRY4 (Prop_carry4_S[1]_CO[1])
                                                      0.492    22.937 r  u_HC_SR04_module/U_senor_cu/data_reg_reg[0]_i_25/CO[1]
                         net (fo=7, routed)           0.500    23.437    u_uart_clock/uclock_Tx/data_reg[0]_i_9_0[0]
    SLICE_X14Y47         LUT5 (Prop_lut5_I1_O)        0.332    23.769 r  u_uart_clock/uclock_Tx/data_reg[0]_i_17/O
                         net (fo=1, routed)           0.446    24.215    u_uart_clock/uclock_Tx/data_reg[0]_i_17_n_0
    SLICE_X14Y50         LUT6 (Prop_lut6_I0_O)        0.124    24.339 r  u_uart_clock/uclock_Tx/data_reg[0]_i_9/O
                         net (fo=1, routed)           0.162    24.501    u_uart_clock/uclock_Tx/data_reg[0]_i_9_n_0
    SLICE_X14Y50         LUT6 (Prop_lut6_I1_O)        0.124    24.625 r  u_uart_clock/uclock_Tx/data_reg[0]_i_3/O
                         net (fo=1, routed)           0.171    24.796    u_uart_clock/uclock_Tx/data_reg[0]_i_3_n_0
    SLICE_X14Y50         LUT5 (Prop_lut5_I2_O)        0.124    24.920 r  u_uart_clock/uclock_Tx/data_reg[0]_i_1/O
                         net (fo=1, routed)           0.000    24.920    u_uart_clock/uclock_Tx/data_reg[0]_i_1_n_0
    SLICE_X14Y50         FDCE                                         r  u_uart_clock/uclock_Tx/data_reg_reg[0]/D
  -------------------------------------------------------------------    -------------------

                         (clock sys_clk_pin rise edge)
                                                     10.000    10.000 r  
    W5                                                0.000    10.000 r  clk (IN)
                         net (fo=0)                   0.000    10.000    clk
    W5                   IBUF (Prop_ibuf_I_O)         1.388    11.388 r  clk_IBUF_inst/O
                         net (fo=1, routed)           1.862    13.250    clk_IBUF
    BUFGCTRL_X0Y0        BUFG (Prop_bufg_I_O)         0.091    13.341 r  clk_IBUF_BUFG_inst/O
                         net (fo=493, routed)         1.441    14.782    u_uart_clock/uclock_Tx/clk
    SLICE_X14Y50         FDCE                                         r  u_uart_clock/uclock_Tx/data_reg_reg[0]/C
                         clock pessimism              0.180    14.962    
                         clock uncertainty           -0.035    14.926    
    SLICE_X14Y50         FDCE (Setup_fdce_C_D)        0.079    15.005    u_uart_clock/uclock_Tx/data_reg_reg[0]
  -------------------------------------------------------------------
                         required time                         15.005    
                         arrival time                         -24.920    
  -------------------------------------------------------------------
                         slack                                 -9.915    

Slack (MET) :             1.112ns  (required time - arrival time)
  Source:                 u_DHT11_module/u_sen/tick_count_reg[1]/C
                            (rising edge-triggered cell FDCE clocked by sys_clk_pin  {rise@0.000ns fall@5.000ns period=10.000ns})
  Destination:            u_DHT11_module/u_sen/FSM_sequential_state_reg[1]/CE
                            (rising edge-triggered cell FDCE clocked by sys_clk_pin  {rise@0.000ns fall@5.000ns period=10.000ns})
  Path Group:             sys_clk_pin
  Path Type:              Setup (Max at Slow Process Corner)
  Requirement:            10.000ns  (sys_clk_pin rise@10.000ns - sys_clk_pin rise@0.000ns)
  Data Path Delay:        8.609ns  (logic 2.631ns (30.561%)  route 5.978ns (69.439%))
  Logic Levels:           7  (CARRY4=2 LUT3=1 LUT5=1 LUT6=3)
  Clock Path Skew:        -0.039ns (DCD - SCD + CPR)
    Destination Clock Delay (DCD):    4.848ns = ( 14.848 - 10.000 ) 
    Source Clock Delay      (SCD):    5.145ns
    Clock Pessimism Removal (CPR):    0.258ns
  Clock Uncertainty:      0.035ns  ((TSJ^2 + TIJ^2)^1/2 + DJ) / 2 + PE
    Total System Jitter     (TSJ):    0.071ns
    Total Input Jitter      (TIJ):    0.000ns
    Discrete Jitter          (DJ):    0.000ns
    Phase Error              (PE):    0.000ns

    Location             Delay type                Incr(ns)  Path(ns)    Netlist Resource(s)
  -------------------------------------------------------------------    -------------------
                         (clock sys_clk_pin rise edge)
                                                      0.000     0.000 r  
    W5                                                0.000     0.000 r  clk (IN)
                         net (fo=0)                   0.000     0.000    clk
    W5                   IBUF (Prop_ibuf_I_O)         1.458     1.458 r  clk_IBUF_inst/O
                         net (fo=1, routed)           1.967     3.425    clk_IBUF
    BUFGCTRL_X0Y0        BUFG (Prop_bufg_I_O)         0.096     3.521 r  clk_IBUF_BUFG_inst/O
                         net (fo=493, routed)         1.624     5.145    u_DHT11_module/u_sen/clk
    SLICE_X3Y60          FDCE                                         r  u_DHT11_module/u_sen/tick_count_reg[1]/C
  -------------------------------------------------------------------    -------------------
    SLICE_X3Y60          FDCE (Prop_fdce_C_Q)         0.456     5.601 r  u_DHT11_module/u_sen/tick_count_reg[1]/Q
                         net (fo=3, routed)           0.894     6.495    u_DHT11_module/u_sen/tick_count[1]
    SLICE_X4Y57          CARRY4 (Prop_carry4_S[0]_CO[3])
                                                      0.656     7.151 r  u_DHT11_module/u_sen/next1_inferred__0/i__carry/CO[3]
                         net (fo=1, routed)           0.000     7.151    u_DHT11_module/u_sen/next1_inferred__0/i__carry_n_0
    SLICE_X4Y58          CARRY4 (Prop_carry4_CI_O[2])
                                                      0.239     7.390 f  u_DHT11_module/u_sen/next1_inferred__0/i__carry__0/O[2]
                         net (fo=6, routed)           0.975     8.365    u_DHT11_module/u_sen/p_1_in[7]
    SLICE_X6Y59          LUT3 (Prop_lut3_I0_O)        0.330     8.695 f  u_DHT11_module/u_sen/tick_count[7]_i_2/O
                         net (fo=2, routed)           1.164     9.859    u_DHT11_module/u_sen/data0[7]
    SLICE_X3Y57          LUT6 (Prop_lut6_I4_O)        0.348    10.207 f  u_DHT11_module/u_sen/tick_count[14]_i_9/O
                         net (fo=1, routed)           0.638    10.845    u_DHT11_module/u_sen/tick_count[14]_i_9_n_0
    SLICE_X3Y58          LUT6 (Prop_lut6_I5_O)        0.124    10.969 f  u_DHT11_module/u_sen/tick_count[14]_i_3/O
                         net (fo=17, routed)          0.919    11.888    u_DHT11_module/u_sen/tick_count[14]_i_3_n_0
    SLICE_X6Y57          LUT5 (Prop_lut5_I2_O)        0.150    12.038 r  u_DHT11_module/u_sen/FSM_sequential_state[3]_i_6/O
                         net (fo=1, routed)           0.816    12.854    u_DHT11_module/u_sen/FSM_sequential_state[3]_i_6_n_0
    SLICE_X5Y56          LUT6 (Prop_lut6_I5_O)        0.328    13.182 r  u_DHT11_module/u_sen/FSM_sequential_state[3]_i_1/O
                         net (fo=4, routed)           0.572    13.754    u_DHT11_module/u_sen/FSM_sequential_state[3]_i_1_n_0
    SLICE_X4Y56          FDCE                                         r  u_DHT11_module/u_sen/FSM_sequential_state_reg[1]/CE
  -------------------------------------------------------------------    -------------------

                         (clock sys_clk_pin rise edge)
                                                     10.000    10.000 r  
    W5                                                0.000    10.000 r  clk (IN)
                         net (fo=0)                   0.000    10.000    clk
    W5                   IBUF (Prop_ibuf_I_O)         1.388    11.388 r  clk_IBUF_inst/O
                         net (fo=1, routed)           1.862    13.250    clk_IBUF
    BUFGCTRL_X0Y0        BUFG (Prop_bufg_I_O)         0.091    13.341 r  clk_IBUF_BUFG_inst/O
                         net (fo=493, routed)         1.507    14.848    u_DHT11_module/u_sen/clk
    SLICE_X4Y56          FDCE                                         r  u_DHT11_module/u_sen/FSM_sequential_state_reg[1]/C
                         clock pessimism              0.258    15.106    
                         clock uncertainty           -0.035    15.071    
    SLICE_X4Y56          FDCE (Setup_fdce_C_CE)      -0.205    14.866    u_DHT11_module/u_sen/FSM_sequential_state_reg[1]
  -------------------------------------------------------------------
                         required time                         14.866    
                         arrival time                         -13.754    
  -------------------------------------------------------------------
                         slack                                  1.112    

Slack (MET) :             1.112ns  (required time - arrival time)
  Source:                 u_DHT11_module/u_sen/tick_count_reg[1]/C
                            (rising edge-triggered cell FDCE clocked by sys_clk_pin  {rise@0.000ns fall@5.000ns period=10.000ns})
  Destination:            u_DHT11_module/u_sen/FSM_sequential_state_reg[2]/CE
                            (rising edge-triggered cell FDCE clocked by sys_clk_pin  {rise@0.000ns fall@5.000ns period=10.000ns})
  Path Group:             sys_clk_pin
  Path Type:              Setup (Max at Slow Process Corner)
  Requirement:            10.000ns  (sys_clk_pin rise@10.000ns - sys_clk_pin rise@0.000ns)
  Data Path Delay:        8.609ns  (logic 2.631ns (30.561%)  route 5.978ns (69.439%))
  Logic Levels:           7  (CARRY4=2 LUT3=1 LUT5=1 LUT6=3)
  Clock Path Skew:        -0.039ns (DCD - SCD + CPR)
    Destination Clock Delay (DCD):    4.848ns = ( 14.848 - 10.000 ) 
    Source Clock Delay      (SCD):    5.145ns
    Clock Pessimism Removal (CPR):    0.258ns
  Clock Uncertainty:      0.035ns  ((TSJ^2 + TIJ^2)^1/2 + DJ) / 2 + PE
    Total System Jitter     (TSJ):    0.071ns
    Total Input Jitter      (TIJ):    0.000ns
    Discrete Jitter          (DJ):    0.000ns
    Phase Error              (PE):    0.000ns

    Location             Delay type                Incr(ns)  Path(ns)    Netlist Resource(s)
  -------------------------------------------------------------------    -------------------
                         (clock sys_clk_pin rise edge)
                                                      0.000     0.000 r  
    W5                                                0.000     0.000 r  clk (IN)
                         net (fo=0)                   0.000     0.000    clk
    W5                   IBUF (Prop_ibuf_I_O)         1.458     1.458 r  clk_IBUF_inst/O
                         net (fo=1, routed)           1.967     3.425    clk_IBUF
    BUFGCTRL_X0Y0        BUFG (Prop_bufg_I_O)         0.096     3.521 r  clk_IBUF_BUFG_inst/O
                         net (fo=493, routed)         1.624     5.145    u_DHT11_module/u_sen/clk
    SLICE_X3Y60          FDCE                                         r  u_DHT11_module/u_sen/tick_count_reg[1]/C
  -------------------------------------------------------------------    -------------------
    SLICE_X3Y60          FDCE (Prop_fdce_C_Q)         0.456     5.601 r  u_DHT11_module/u_sen/tick_count_reg[1]/Q
                         net (fo=3, routed)           0.894     6.495    u_DHT11_module/u_sen/tick_count[1]
    SLICE_X4Y57          CARRY4 (Prop_carry4_S[0]_CO[3])
                                                      0.656     7.151 r  u_DHT11_module/u_sen/next1_inferred__0/i__carry/CO[3]
                         net (fo=1, routed)           0.000     7.151    u_DHT11_module/u_sen/next1_inferred__0/i__carry_n_0
    SLICE_X4Y58          CARRY4 (Prop_carry4_CI_O[2])
                                                      0.239     7.390 f  u_DHT11_module/u_sen/next1_inferred__0/i__carry__0/O[2]
                         net (fo=6, routed)           0.975     8.365    u_DHT11_module/u_sen/p_1_in[7]
    SLICE_X6Y59          LUT3 (Prop_lut3_I0_O)        0.330     8.695 f  u_DHT11_module/u_sen/tick_count[7]_i_2/O
                         net (fo=2, routed)           1.164     9.859    u_DHT11_module/u_sen/data0[7]
    SLICE_X3Y57          LUT6 (Prop_lut6_I4_O)        0.348    10.207 f  u_DHT11_module/u_sen/tick_count[14]_i_9/O
                         net (fo=1, routed)           0.638    10.845    u_DHT11_module/u_sen/tick_count[14]_i_9_n_0
    SLICE_X3Y58          LUT6 (Prop_lut6_I5_O)        0.124    10.969 f  u_DHT11_module/u_sen/tick_count[14]_i_3/O
                         net (fo=17, routed)          0.919    11.888    u_DHT11_module/u_sen/tick_count[14]_i_3_n_0
    SLICE_X6Y57          LUT5 (Prop_lut5_I2_O)        0.150    12.038 r  u_DHT11_module/u_sen/FSM_sequential_state[3]_i_6/O
                         net (fo=1, routed)           0.816    12.854    u_DHT11_module/u_sen/FSM_sequential_state[3]_i_6_n_0
    SLICE_X5Y56          LUT6 (Prop_lut6_I5_O)        0.328    13.182 r  u_DHT11_module/u_sen/FSM_sequential_state[3]_i_1/O
                         net (fo=4, routed)           0.572    13.754    u_DHT11_module/u_sen/FSM_sequential_state[3]_i_1_n_0
    SLICE_X4Y56          FDCE                                         r  u_DHT11_module/u_sen/FSM_sequential_state_reg[2]/CE
  -------------------------------------------------------------------    -------------------

                         (clock sys_clk_pin rise edge)
                                                     10.000    10.000 r  
    W5                                                0.000    10.000 r  clk (IN)
                         net (fo=0)                   0.000    10.000    clk
    W5                   IBUF (Prop_ibuf_I_O)         1.388    11.388 r  clk_IBUF_inst/O
                         net (fo=1, routed)           1.862    13.250    clk_IBUF
    BUFGCTRL_X0Y0        BUFG (Prop_bufg_I_O)         0.091    13.341 r  clk_IBUF_BUFG_inst/O
                         net (fo=493, routed)         1.507    14.848    u_DHT11_module/u_sen/clk
    SLICE_X4Y56          FDCE                                         r  u_DHT11_module/u_sen/FSM_sequential_state_reg[2]/C
                         clock pessimism              0.258    15.106    
                         clock uncertainty           -0.035    15.071    
    SLICE_X4Y56          FDCE (Setup_fdce_C_CE)      -0.205    14.866    u_DHT11_module/u_sen/FSM_sequential_state_reg[2]
  -------------------------------------------------------------------
                         required time                         14.866    
                         arrival time                         -13.754    
  -------------------------------------------------------------------
                         slack                                  1.112    

Slack (MET) :             1.112ns  (required time - arrival time)
  Source:                 u_DHT11_module/u_sen/tick_count_reg[1]/C
                            (rising edge-triggered cell FDCE clocked by sys_clk_pin  {rise@0.000ns fall@5.000ns period=10.000ns})
  Destination:            u_DHT11_module/u_sen/FSM_sequential_state_reg[3]/CE
                            (rising edge-triggered cell FDCE clocked by sys_clk_pin  {rise@0.000ns fall@5.000ns period=10.000ns})
  Path Group:             sys_clk_pin
  Path Type:              Setup (Max at Slow Process Corner)
  Requirement:            10.000ns  (sys_clk_pin rise@10.000ns - sys_clk_pin rise@0.000ns)
  Data Path Delay:        8.609ns  (logic 2.631ns (30.561%)  route 5.978ns (69.439%))
  Logic Levels:           7  (CARRY4=2 LUT3=1 LUT5=1 LUT6=3)
  Clock Path Skew:        -0.039ns (DCD - SCD + CPR)
    Destination Clock Delay (DCD):    4.848ns = ( 14.848 - 10.000 ) 
    Source Clock Delay      (SCD):    5.145ns
    Clock Pessimism Removal (CPR):    0.258ns
  Clock Uncertainty:      0.035ns  ((TSJ^2 + TIJ^2)^1/2 + DJ) / 2 + PE
    Total System Jitter     (TSJ):    0.071ns
    Total Input Jitter      (TIJ):    0.000ns
    Discrete Jitter          (DJ):    0.000ns
    Phase Error              (PE):    0.000ns

    Location             Delay type                Incr(ns)  Path(ns)    Netlist Resource(s)
  -------------------------------------------------------------------    -------------------
                         (clock sys_clk_pin rise edge)
                                                      0.000     0.000 r  
    W5                                                0.000     0.000 r  clk (IN)
                         net (fo=0)                   0.000     0.000    clk
    W5                   IBUF (Prop_ibuf_I_O)         1.458     1.458 r  clk_IBUF_inst/O
                         net (fo=1, routed)           1.967     3.425    clk_IBUF
    BUFGCTRL_X0Y0        BUFG (Prop_bufg_I_O)         0.096     3.521 r  clk_IBUF_BUFG_inst/O
                         net (fo=493, routed)         1.624     5.145    u_DHT11_module/u_sen/clk
    SLICE_X3Y60          FDCE                                         r  u_DHT11_module/u_sen/tick_count_reg[1]/C
  -------------------------------------------------------------------    -------------------
    SLICE_X3Y60          FDCE (Prop_fdce_C_Q)         0.456     5.601 r  u_DHT11_module/u_sen/tick_count_reg[1]/Q
                         net (fo=3, routed)           0.894     6.495    u_DHT11_module/u_sen/tick_count[1]
    SLICE_X4Y57          CARRY4 (Prop_carry4_S[0]_CO[3])
                                                      0.656     7.151 r  u_DHT11_module/u_sen/next1_inferred__0/i__carry/CO[3]
                         net (fo=1, routed)           0.000     7.151    u_DHT11_module/u_sen/next1_inferred__0/i__carry_n_0
    SLICE_X4Y58          CARRY4 (Prop_carry4_CI_O[2])
                                                      0.239     7.390 f  u_DHT11_module/u_sen/next1_inferred__0/i__carry__0/O[2]
                         net (fo=6, routed)           0.975     8.365    u_DHT11_module/u_sen/p_1_in[7]
    SLICE_X6Y59          LUT3 (Prop_lut3_I0_O)        0.330     8.695 f  u_DHT11_module/u_sen/tick_count[7]_i_2/O
                         net (fo=2, routed)           1.164     9.859    u_DHT11_module/u_sen/data0[7]
    SLICE_X3Y57          LUT6 (Prop_lut6_I4_O)        0.348    10.207 f  u_DHT11_module/u_sen/tick_count[14]_i_9/O
                         net (fo=1, routed)           0.638    10.845    u_DHT11_module/u_sen/tick_count[14]_i_9_n_0
    SLICE_X3Y58          LUT6 (Prop_lut6_I5_O)        0.124    10.969 f  u_DHT11_module/u_sen/tick_count[14]_i_3/O
                         net (fo=17, routed)          0.919    11.888    u_DHT11_module/u_sen/tick_count[14]_i_3_n_0
    SLICE_X6Y57          LUT5 (Prop_lut5_I2_O)        0.150    12.038 r  u_DHT11_module/u_sen/FSM_sequential_state[3]_i_6/O
                         net (fo=1, routed)           0.816    12.854    u_DHT11_module/u_sen/FSM_sequential_state[3]_i_6_n_0
    SLICE_X5Y56          LUT6 (Prop_lut6_I5_O)        0.328    13.182 r  u_DHT11_module/u_sen/FSM_sequential_state[3]_i_1/O
                         net (fo=4, routed)           0.572    13.754    u_DHT11_module/u_sen/FSM_sequential_state[3]_i_1_n_0
    SLICE_X4Y56          FDCE                                         r  u_DHT11_module/u_sen/FSM_sequential_state_reg[3]/CE
  -------------------------------------------------------------------    -------------------

                         (clock sys_clk_pin rise edge)
                                                     10.000    10.000 r  
    W5                                                0.000    10.000 r  clk (IN)
                         net (fo=0)                   0.000    10.000    clk
    W5                   IBUF (Prop_ibuf_I_O)         1.388    11.388 r  clk_IBUF_inst/O
                         net (fo=1, routed)           1.862    13.250    clk_IBUF
    BUFGCTRL_X0Y0        BUFG (Prop_bufg_I_O)         0.091    13.341 r  clk_IBUF_BUFG_inst/O
                         net (fo=493, routed)         1.507    14.848    u_DHT11_module/u_sen/clk
    SLICE_X4Y56          FDCE                                         r  u_DHT11_module/u_sen/FSM_sequential_state_reg[3]/C
                         clock pessimism              0.258    15.106    
                         clock uncertainty           -0.035    15.071    
    SLICE_X4Y56          FDCE (Setup_fdce_C_CE)      -0.205    14.866    u_DHT11_module/u_sen/FSM_sequential_state_reg[3]
  -------------------------------------------------------------------
                         required time                         14.866    
                         arrival time                         -13.754    
  -------------------------------------------------------------------
                         slack                                  1.112    

Slack (MET) :             1.294ns  (required time - arrival time)
  Source:                 u_DHT11_module/u_sen/tick_count_reg[1]/C
                            (rising edge-triggered cell FDCE clocked by sys_clk_pin  {rise@0.000ns fall@5.000ns period=10.000ns})
  Destination:            u_DHT11_module/u_sen/FSM_sequential_state_reg[0]/CE
                            (rising edge-triggered cell FDCE clocked by sys_clk_pin  {rise@0.000ns fall@5.000ns period=10.000ns})
  Path Group:             sys_clk_pin
  Path Type:              Setup (Max at Slow Process Corner)
  Requirement:            10.000ns  (sys_clk_pin rise@10.000ns - sys_clk_pin rise@0.000ns)
  Data Path Delay:        8.427ns  (logic 2.631ns (31.223%)  route 5.796ns (68.777%))
  Logic Levels:           7  (CARRY4=2 LUT3=1 LUT5=1 LUT6=3)
  Clock Path Skew:        -0.039ns (DCD - SCD + CPR)
    Destination Clock Delay (DCD):    4.848ns = ( 14.848 - 10.000 ) 
    Source Clock Delay      (SCD):    5.145ns
    Clock Pessimism Removal (CPR):    0.258ns
  Clock Uncertainty:      0.035ns  ((TSJ^2 + TIJ^2)^1/2 + DJ) / 2 + PE
    Total System Jitter     (TSJ):    0.071ns
    Total Input Jitter      (TIJ):    0.000ns
    Discrete Jitter          (DJ):    0.000ns
    Phase Error              (PE):    0.000ns

    Location             Delay type                Incr(ns)  Path(ns)    Netlist Resource(s)
  -------------------------------------------------------------------    -------------------
                         (clock sys_clk_pin rise edge)
                                                      0.000     0.000 r  
    W5                                                0.000     0.000 r  clk (IN)
                         net (fo=0)                   0.000     0.000    clk
    W5                   IBUF (Prop_ibuf_I_O)         1.458     1.458 r  clk_IBUF_inst/O
                         net (fo=1, routed)           1.967     3.425    clk_IBUF
    BUFGCTRL_X0Y0        BUFG (Prop_bufg_I_O)         0.096     3.521 r  clk_IBUF_BUFG_inst/O
                         net (fo=493, routed)         1.624     5.145    u_DHT11_module/u_sen/clk
    SLICE_X3Y60          FDCE                                         r  u_DHT11_module/u_sen/tick_count_reg[1]/C
  -------------------------------------------------------------------    -------------------
    SLICE_X3Y60          FDCE (Prop_fdce_C_Q)         0.456     5.601 r  u_DHT11_module/u_sen/tick_count_reg[1]/Q
                         net (fo=3, routed)           0.894     6.495    u_DHT11_module/u_sen/tick_count[1]
    SLICE_X4Y57          CARRY4 (Prop_carry4_S[0]_CO[3])
                                                      0.656     7.151 r  u_DHT11_module/u_sen/next1_inferred__0/i__carry/CO[3]
                         net (fo=1, routed)           0.000     7.151    u_DHT11_module/u_sen/next1_inferred__0/i__carry_n_0
    SLICE_X4Y58          CARRY4 (Prop_carry4_CI_O[2])
                                                      0.239     7.390 f  u_DHT11_module/u_sen/next1_inferred__0/i__carry__0/O[2]
                         net (fo=6, routed)           0.975     8.365    u_DHT11_module/u_sen/p_1_in[7]
    SLICE_X6Y59          LUT3 (Prop_lut3_I0_O)        0.330     8.695 f  u_DHT11_module/u_sen/tick_count[7]_i_2/O
                         net (fo=2, routed)           1.164     9.859    u_DHT11_module/u_sen/data0[7]
    SLICE_X3Y57          LUT6 (Prop_lut6_I4_O)        0.348    10.207 f  u_DHT11_module/u_sen/tick_count[14]_i_9/O
                         net (fo=1, routed)           0.638    10.845    u_DHT11_module/u_sen/tick_count[14]_i_9_n_0
    SLICE_X3Y58          LUT6 (Prop_lut6_I5_O)        0.124    10.969 f  u_DHT11_module/u_sen/tick_count[14]_i_3/O
                         net (fo=17, routed)          0.919    11.888    u_DHT11_module/u_sen/tick_count[14]_i_3_n_0
    SLICE_X6Y57          LUT5 (Prop_lut5_I2_O)        0.150    12.038 r  u_DHT11_module/u_sen/FSM_sequential_state[3]_i_6/O
                         net (fo=1, routed)           0.816    12.854    u_DHT11_module/u_sen/FSM_sequential_state[3]_i_6_n_0
    SLICE_X5Y56          LUT6 (Prop_lut6_I5_O)        0.328    13.182 r  u_DHT11_module/u_sen/FSM_sequential_state[3]_i_1/O
                         net (fo=4, routed)           0.390    13.571    u_DHT11_module/u_sen/FSM_sequential_state[3]_i_1_n_0
    SLICE_X5Y56          FDCE                                         r  u_DHT11_module/u_sen/FSM_sequential_state_reg[0]/CE
  -------------------------------------------------------------------    -------------------

                         (clock sys_clk_pin rise edge)
                                                     10.000    10.000 r  
    W5                                                0.000    10.000 r  clk (IN)
                         net (fo=0)                   0.000    10.000    clk
    W5                   IBUF (Prop_ibuf_I_O)         1.388    11.388 r  clk_IBUF_inst/O
                         net (fo=1, routed)           1.862    13.250    clk_IBUF
    BUFGCTRL_X0Y0        BUFG (Prop_bufg_I_O)         0.091    13.341 r  clk_IBUF_BUFG_inst/O
                         net (fo=493, routed)         1.507    14.848    u_DHT11_module/u_sen/clk
    SLICE_X5Y56          FDCE                                         r  u_DHT11_module/u_sen/FSM_sequential_state_reg[0]/C
                         clock pessimism              0.258    15.106    
                         clock uncertainty           -0.035    15.071    
    SLICE_X5Y56          FDCE (Setup_fdce_C_CE)      -0.205    14.866    u_DHT11_module/u_sen/FSM_sequential_state_reg[0]
  -------------------------------------------------------------------
                         required time                         14.866    
                         arrival time                         -13.571    
  -------------------------------------------------------------------
                         slack                                  1.294    

Slack (MET) :             1.777ns  (required time - arrival time)
  Source:                 u_DHT11_module/u_sen/tick_count_reg[1]/C
                            (rising edge-triggered cell FDCE clocked by sys_clk_pin  {rise@0.000ns fall@5.000ns period=10.000ns})
  Destination:            u_DHT11_module/u_sen/tick_count_reg[13]/D
                            (rising edge-triggered cell FDCE clocked by sys_clk_pin  {rise@0.000ns fall@5.000ns period=10.000ns})
  Path Group:             sys_clk_pin
  Path Type:              Setup (Max at Slow Process Corner)
  Requirement:            10.000ns  (sys_clk_pin rise@10.000ns - sys_clk_pin rise@0.000ns)
  Data Path Delay:        8.216ns  (logic 2.583ns (31.438%)  route 5.633ns (68.562%))
  Logic Levels:           9  (CARRY4=3 LUT4=2 LUT5=1 LUT6=3)
  Clock Path Skew:        0.000ns (DCD - SCD + CPR)
    Destination Clock Delay (DCD):    4.848ns = ( 14.848 - 10.000 ) 
    Source Clock Delay      (SCD):    5.145ns
    Clock Pessimism Removal (CPR):    0.297ns
  Clock Uncertainty:      0.035ns  ((TSJ^2 + TIJ^2)^1/2 + DJ) / 2 + PE
    Total System Jitter     (TSJ):    0.071ns
    Total Input Jitter      (TIJ):    0.000ns
    Discrete Jitter          (DJ):    0.000ns
    Phase Error              (PE):    0.000ns

    Location             Delay type                Incr(ns)  Path(ns)    Netlist Resource(s)
  -------------------------------------------------------------------    -------------------
                         (clock sys_clk_pin rise edge)
                                                      0.000     0.000 r  
    W5                                                0.000     0.000 r  clk (IN)
                         net (fo=0)                   0.000     0.000    clk
    W5                   IBUF (Prop_ibuf_I_O)         1.458     1.458 r  clk_IBUF_inst/O
                         net (fo=1, routed)           1.967     3.425    clk_IBUF
    BUFGCTRL_X0Y0        BUFG (Prop_bufg_I_O)         0.096     3.521 r  clk_IBUF_BUFG_inst/O
                         net (fo=493, routed)         1.624     5.145    u_DHT11_module/u_sen/clk
    SLICE_X3Y60          FDCE                                         r  u_DHT11_module/u_sen/tick_count_reg[1]/C
  -------------------------------------------------------------------    -------------------
    SLICE_X3Y60          FDCE (Prop_fdce_C_Q)         0.456     5.601 r  u_DHT11_module/u_sen/tick_count_reg[1]/Q
                         net (fo=3, routed)           0.894     6.495    u_DHT11_module/u_sen/tick_count[1]
    SLICE_X4Y57          CARRY4 (Prop_carry4_S[0]_CO[3])
                                                      0.656     7.151 r  u_DHT11_module/u_sen/next1_inferred__0/i__carry/CO[3]
                         net (fo=1, routed)           0.000     7.151    u_DHT11_module/u_sen/next1_inferred__0/i__carry_n_0
    SLICE_X4Y58          CARRY4 (Prop_carry4_CI_CO[3])
                                                      0.114     7.265 r  u_DHT11_module/u_sen/next1_inferred__0/i__carry__0/CO[3]
                         net (fo=1, routed)           0.000     7.265    u_DHT11_module/u_sen/next1_inferred__0/i__carry__0_n_0
    SLICE_X4Y59          CARRY4 (Prop_carry4_CI_O[2])
                                                      0.239     7.504 f  u_DHT11_module/u_sen/next1_inferred__0/i__carry__1/O[2]
                         net (fo=4, routed)           0.849     8.353    u_DHT11_module/u_sen/p_1_in[11]
    SLICE_X3Y59          LUT5 (Prop_lut5_I1_O)        0.302     8.655 f  u_DHT11_module/u_sen/data_reg_i_7/O
                         net (fo=2, routed)           0.485     9.140    u_DHT11_module/u_sen/data_reg_i_7_n_0
    SLICE_X3Y59          LUT4 (Prop_lut4_I3_O)        0.118     9.258 f  u_DHT11_module/u_sen/FSM_sequential_state[3]_i_14/O
                         net (fo=3, routed)           0.817    10.074    u_DHT11_module/u_sen/FSM_sequential_state[3]_i_14_n_0
    SLICE_X3Y58          LUT4 (Prop_lut4_I3_O)        0.326    10.400 f  u_DHT11_module/u_sen/FSM_sequential_state[3]_i_7/O
                         net (fo=2, routed)           0.587    10.988    u_DHT11_module/u_sen/FSM_sequential_state[3]_i_7_n_0
    SLICE_X7Y58          LUT6 (Prop_lut6_I0_O)        0.124    11.112 r  u_DHT11_module/u_sen/tick_count[15]_i_13/O
                         net (fo=1, routed)           0.685    11.796    u_DHT11_module/u_sen/tick_count[15]_i_13_n_0
    SLICE_X7Y58          LUT6 (Prop_lut6_I5_O)        0.124    11.920 r  u_DHT11_module/u_sen/tick_count[15]_i_7/O
                         net (fo=16, routed)          1.317    13.237    u_DHT11_module/u_sen/tick_count[15]_i_7_n_0
    SLICE_X3Y60          LUT6 (Prop_lut6_I0_O)        0.124    13.361 r  u_DHT11_module/u_sen/tick_count[13]_i_1/O
                         net (fo=1, routed)           0.000    13.361    u_DHT11_module/u_sen/tick_count[13]_i_1_n_0
    SLICE_X3Y60          FDCE                                         r  u_DHT11_module/u_sen/tick_count_reg[13]/D
  -------------------------------------------------------------------    -------------------

                         (clock sys_clk_pin rise edge)
                                                     10.000    10.000 r  
    W5                                                0.000    10.000 r  clk (IN)
                         net (fo=0)                   0.000    10.000    clk
    W5                   IBUF (Prop_ibuf_I_O)         1.388    11.388 r  clk_IBUF_inst/O
                         net (fo=1, routed)           1.862    13.250    clk_IBUF
    BUFGCTRL_X0Y0        BUFG (Prop_bufg_I_O)         0.091    13.341 r  clk_IBUF_BUFG_inst/O
                         net (fo=493, routed)         1.507    14.848    u_DHT11_module/u_sen/clk
    SLICE_X3Y60          FDCE                                         r  u_DHT11_module/u_sen/tick_count_reg[13]/C
                         clock pessimism              0.297    15.145    
                         clock uncertainty           -0.035    15.110    
    SLICE_X3Y60          FDCE (Setup_fdce_C_D)        0.029    15.139    u_DHT11_module/u_sen/tick_count_reg[13]
  -------------------------------------------------------------------
                         required time                         15.139    
                         arrival time                         -13.361    
  -------------------------------------------------------------------
                         slack                                  1.777    

Slack (MET) :             1.872ns  (required time - arrival time)
  Source:                 u_DHT11_module/u_sen/tick_count_reg[1]/C
                            (rising edge-triggered cell FDCE clocked by sys_clk_pin  {rise@0.000ns fall@5.000ns period=10.000ns})
  Destination:            u_DHT11_module/u_sen/data_reg_reg/CE
                            (rising edge-triggered cell FDPE clocked by sys_clk_pin  {rise@0.000ns fall@5.000ns period=10.000ns})
  Path Group:             sys_clk_pin
  Path Type:              Setup (Max at Slow Process Corner)
  Requirement:            10.000ns  (sys_clk_pin rise@10.000ns - sys_clk_pin rise@0.000ns)
  Data Path Delay:        7.848ns  (logic 2.401ns (30.594%)  route 5.447ns (69.406%))
  Logic Levels:           7  (CARRY4=2 LUT2=1 LUT3=1 LUT6=3)
  Clock Path Skew:        -0.040ns (DCD - SCD + CPR)
    Destination Clock Delay (DCD):    4.847ns = ( 14.847 - 10.000 ) 
    Source Clock Delay      (SCD):    5.145ns
    Clock Pessimism Removal (CPR):    0.258ns
  Clock Uncertainty:      0.035ns  ((TSJ^2 + TIJ^2)^1/2 + DJ) / 2 + PE
    Total System Jitter     (TSJ):    0.071ns
    Total Input Jitter      (TIJ):    0.000ns
    Discrete Jitter          (DJ):    0.000ns
    Phase Error              (PE):    0.000ns

    Location             Delay type                Incr(ns)  Path(ns)    Netlist Resource(s)
  -------------------------------------------------------------------    -------------------
                         (clock sys_clk_pin rise edge)
                                                      0.000     0.000 r  
    W5                                                0.000     0.000 r  clk (IN)
                         net (fo=0)                   0.000     0.000    clk
    W5                   IBUF (Prop_ibuf_I_O)         1.458     1.458 r  clk_IBUF_inst/O
                         net (fo=1, routed)           1.967     3.425    clk_IBUF
    BUFGCTRL_X0Y0        BUFG (Prop_bufg_I_O)         0.096     3.521 r  clk_IBUF_BUFG_inst/O
                         net (fo=493, routed)         1.624     5.145    u_DHT11_module/u_sen/clk
    SLICE_X3Y60          FDCE                                         r  u_DHT11_module/u_sen/tick_count_reg[1]/C
  -------------------------------------------------------------------    -------------------
    SLICE_X3Y60          FDCE (Prop_fdce_C_Q)         0.456     5.601 r  u_DHT11_module/u_sen/tick_count_reg[1]/Q
                         net (fo=3, routed)           0.894     6.495    u_DHT11_module/u_sen/tick_count[1]
    SLICE_X4Y57          CARRY4 (Prop_carry4_S[0]_CO[3])
                                                      0.656     7.151 r  u_DHT11_module/u_sen/next1_inferred__0/i__carry/CO[3]
                         net (fo=1, routed)           0.000     7.151    u_DHT11_module/u_sen/next1_inferred__0/i__carry_n_0
    SLICE_X4Y58          CARRY4 (Prop_carry4_CI_O[2])
                                                      0.239     7.390 f  u_DHT11_module/u_sen/next1_inferred__0/i__carry__0/O[2]
                         net (fo=6, routed)           0.975     8.365    u_DHT11_module/u_sen/p_1_in[7]
    SLICE_X6Y59          LUT3 (Prop_lut3_I0_O)        0.330     8.695 f  u_DHT11_module/u_sen/tick_count[7]_i_2/O
                         net (fo=2, routed)           1.164     9.859    u_DHT11_module/u_sen/data0[7]
    SLICE_X3Y57          LUT6 (Prop_lut6_I4_O)        0.348    10.207 f  u_DHT11_module/u_sen/tick_count[14]_i_9/O
                         net (fo=1, routed)           0.638    10.845    u_DHT11_module/u_sen/tick_count[14]_i_9_n_0
    SLICE_X3Y58          LUT6 (Prop_lut6_I5_O)        0.124    10.969 f  u_DHT11_module/u_sen/tick_count[14]_i_3/O
                         net (fo=17, routed)          0.919    11.888    u_DHT11_module/u_sen/tick_count[14]_i_3_n_0
    SLICE_X6Y57          LUT2 (Prop_lut2_I0_O)        0.124    12.012 r  u_DHT11_module/u_sen/data_reg_i_3/O
                         net (fo=1, routed)           0.288    12.300    u_DHT11_module/u_sen/data_reg_i_3_n_0
    SLICE_X5Y57          LUT6 (Prop_lut6_I5_O)        0.124    12.424 r  u_DHT11_module/u_sen/data_reg_i_1/O
                         net (fo=1, routed)           0.568    12.993    u_DHT11_module/u_sen/data_reg_i_1_n_0
    SLICE_X4Y57          FDPE                                         r  u_DHT11_module/u_sen/data_reg_reg/CE
  -------------------------------------------------------------------    -------------------

                         (clock sys_clk_pin rise edge)
                                                     10.000    10.000 r  
    W5                                                0.000    10.000 r  clk (IN)
                         net (fo=0)                   0.000    10.000    clk
    W5                   IBUF (Prop_ibuf_I_O)         1.388    11.388 r  clk_IBUF_inst/O
                         net (fo=1, routed)           1.862    13.250    clk_IBUF
    BUFGCTRL_X0Y0        BUFG (Prop_bufg_I_O)         0.091    13.341 r  clk_IBUF_BUFG_inst/O
                         net (fo=493, routed)         1.506    14.847    u_DHT11_module/u_sen/clk
    SLICE_X4Y57          FDPE                                         r  u_DHT11_module/u_sen/data_reg_reg/C
                         clock pessimism              0.258    15.105    
                         clock uncertainty           -0.035    15.070    
    SLICE_X4Y57          FDPE (Setup_fdpe_C_CE)      -0.205    14.865    u_DHT11_module/u_sen/data_reg_reg
  -------------------------------------------------------------------
                         required time                         14.865    
                         arrival time                         -12.993    
  -------------------------------------------------------------------
                         slack                                  1.872    





Min Delay Paths
--------------------------------------------------------------------------------------
Slack (MET) :             0.101ns  (arrival time - required time)
  Source:                 u_uart_clock/uclock_Tx/data_reg_reg[6]/C
                            (rising edge-triggered cell FDCE clocked by sys_clk_pin  {rise@0.000ns fall@5.000ns period=10.000ns})
  Destination:            u_uart_clock/utx2/uregister/ram_reg_0_15_6_7/RAMA/I
                            (rising edge-triggered cell RAMD32 clocked by sys_clk_pin  {rise@0.000ns fall@5.000ns period=10.000ns})
  Path Group:             sys_clk_pin
  Path Type:              Hold (Min at Fast Process Corner)
  Requirement:            0.000ns  (sys_clk_pin rise@0.000ns - sys_clk_pin rise@0.000ns)
  Data Path Delay:        0.264ns  (logic 0.164ns (62.120%)  route 0.100ns (37.880%))
  Logic Levels:           0  
  Clock Path Skew:        0.016ns (DCD - SCD - CPR)
    Destination Clock Delay (DCD):    1.961ns
    Source Clock Delay      (SCD):    1.447ns
    Clock Pessimism Removal (CPR):    0.498ns

    Location             Delay type                Incr(ns)  Path(ns)    Netlist Resource(s)
  -------------------------------------------------------------------    -------------------
                         (clock sys_clk_pin rise edge)
                                                      0.000     0.000 r  
    W5                                                0.000     0.000 r  clk (IN)
                         net (fo=0)                   0.000     0.000    clk
    W5                   IBUF (Prop_ibuf_I_O)         0.226     0.226 r  clk_IBUF_inst/O
                         net (fo=1, routed)           0.631     0.858    clk_IBUF
    BUFGCTRL_X0Y0        BUFG (Prop_bufg_I_O)         0.026     0.884 r  clk_IBUF_BUFG_inst/O
                         net (fo=493, routed)         0.564     1.447    u_uart_clock/uclock_Tx/clk
    SLICE_X14Y54         FDCE                                         r  u_uart_clock/uclock_Tx/data_reg_reg[6]/C
  -------------------------------------------------------------------    -------------------
    SLICE_X14Y54         FDCE (Prop_fdce_C_Q)         0.164     1.611 r  u_uart_clock/uclock_Tx/data_reg_reg[6]/Q
                         net (fo=1, routed)           0.100     1.711    u_uart_clock/utx2/uregister/ram_reg_0_15_6_7/DIA0
    SLICE_X12Y54         RAMD32                                       r  u_uart_clock/utx2/uregister/ram_reg_0_15_6_7/RAMA/I
  -------------------------------------------------------------------    -------------------

                         (clock sys_clk_pin rise edge)
                                                      0.000     0.000 r  
    W5                                                0.000     0.000 r  clk (IN)
                         net (fo=0)                   0.000     0.000    clk
    W5                   IBUF (Prop_ibuf_I_O)         0.414     0.414 r  clk_IBUF_inst/O
                         net (fo=1, routed)           0.685     1.099    clk_IBUF
    BUFGCTRL_X0Y0        BUFG (Prop_bufg_I_O)         0.029     1.128 r  clk_IBUF_BUFG_inst/O
                         net (fo=493, routed)         0.833     1.961    u_uart_clock/utx2/uregister/ram_reg_0_15_6_7/WCLK
    SLICE_X12Y54         RAMD32                                       r  u_uart_clock/utx2/uregister/ram_reg_0_15_6_7/RAMA/CLK
                         clock pessimism             -0.498     1.463    
    SLICE_X12Y54         RAMD32 (Hold_ramd32_CLK_I)
                                                      0.147     1.610    u_uart_clock/utx2/uregister/ram_reg_0_15_6_7/RAMA
  -------------------------------------------------------------------
                         required time                         -1.610    
                         arrival time                           1.711    
  -------------------------------------------------------------------
                         slack                                  0.101    

Slack (MET) :             0.102ns  (arrival time - required time)
  Source:                 u_top_stopwatch/U_StopWatch_dp/U_Time_Hour/count_reg_reg[0]/C
                            (rising edge-triggered cell FDCE clocked by sys_clk_pin  {rise@0.000ns fall@5.000ns period=10.000ns})
  Destination:            u_top_stopwatch/U_StopWatch_dp/U_Time_Hour/count_reg_reg[3]/D
                            (rising edge-triggered cell FDCE clocked by sys_clk_pin  {rise@0.000ns fall@5.000ns period=10.000ns})
  Path Group:             sys_clk_pin
  Path Type:              Hold (Min at Fast Process Corner)
  Requirement:            0.000ns  (sys_clk_pin rise@0.000ns - sys_clk_pin rise@0.000ns)
  Data Path Delay:        0.465ns  (logic 0.209ns (44.953%)  route 0.256ns (55.047%))
  Logic Levels:           1  (LUT6=1)
  Clock Path Skew:        0.271ns (DCD - SCD - CPR)
    Destination Clock Delay (DCD):    1.992ns
    Source Clock Delay      (SCD):    1.477ns
    Clock Pessimism Removal (CPR):    0.244ns

    Location             Delay type                Incr(ns)  Path(ns)    Netlist Resource(s)
  -------------------------------------------------------------------    -------------------
                         (clock sys_clk_pin rise edge)
                                                      0.000     0.000 r  
    W5                                                0.000     0.000 r  clk (IN)
                         net (fo=0)                   0.000     0.000    clk
    W5                   IBUF (Prop_ibuf_I_O)         0.226     0.226 r  clk_IBUF_inst/O
                         net (fo=1, routed)           0.631     0.858    clk_IBUF
    BUFGCTRL_X0Y0        BUFG (Prop_bufg_I_O)         0.026     0.884 r  clk_IBUF_BUFG_inst/O
                         net (fo=493, routed)         0.594     1.477    u_top_stopwatch/U_StopWatch_dp/U_Time_Hour/clk
    SLICE_X2Y52          FDCE                                         r  u_top_stopwatch/U_StopWatch_dp/U_Time_Hour/count_reg_reg[0]/C
  -------------------------------------------------------------------    -------------------
    SLICE_X2Y52          FDCE (Prop_fdce_C_Q)         0.164     1.641 r  u_top_stopwatch/U_StopWatch_dp/U_Time_Hour/count_reg_reg[0]/Q
                         net (fo=6, routed)           0.256     1.897    u_top_stopwatch/U_StopWatch_dp/U_Time_Hour/count_reg_reg[4]_0[0]
    SLICE_X4Y49          LUT6 (Prop_lut6_I2_O)        0.045     1.942 r  u_top_stopwatch/U_StopWatch_dp/U_Time_Hour/count_reg[3]_i_1__2/O
                         net (fo=1, routed)           0.000     1.942    u_top_stopwatch/U_StopWatch_dp/U_Time_Hour/count_next[3]
    SLICE_X4Y49          FDCE                                         r  u_top_stopwatch/U_StopWatch_dp/U_Time_Hour/count_reg_reg[3]/D
  -------------------------------------------------------------------    -------------------

                         (clock sys_clk_pin rise edge)
                                                      0.000     0.000 r  
    W5                                                0.000     0.000 r  clk (IN)
                         net (fo=0)                   0.000     0.000    clk
    W5                   IBUF (Prop_ibuf_I_O)         0.414     0.414 r  clk_IBUF_inst/O
                         net (fo=1, routed)           0.685     1.099    clk_IBUF
    BUFGCTRL_X0Y0        BUFG (Prop_bufg_I_O)         0.029     1.128 r  clk_IBUF_BUFG_inst/O
                         net (fo=493, routed)         0.865     1.992    u_top_stopwatch/U_StopWatch_dp/U_Time_Hour/clk
    SLICE_X4Y49          FDCE                                         r  u_top_stopwatch/U_StopWatch_dp/U_Time_Hour/count_reg_reg[3]/C
                         clock pessimism             -0.244     1.748    
    SLICE_X4Y49          FDCE (Hold_fdce_C_D)         0.092     1.840    u_top_stopwatch/U_StopWatch_dp/U_Time_Hour/count_reg_reg[3]
  -------------------------------------------------------------------
                         required time                         -1.840    
                         arrival time                           1.942    
  -------------------------------------------------------------------
                         slack                                  0.102    

Slack (MET) :             0.113ns  (arrival time - required time)
  Source:                 u_uart_clock/utx2/ufifo_cu/w_ptr_reg[2]/C
                            (rising edge-triggered cell FDCE clocked by sys_clk_pin  {rise@0.000ns fall@5.000ns period=10.000ns})
  Destination:            u_uart_clock/utx2/uregister/ram_reg_0_15_6_7/RAMA/WADR2
                            (rising edge-triggered cell RAMD32 clocked by sys_clk_pin  {rise@0.000ns fall@5.000ns period=10.000ns})
  Path Group:             sys_clk_pin
  Path Type:              Hold (Min at Fast Process Corner)
  Requirement:            0.000ns  (sys_clk_pin rise@0.000ns - sys_clk_pin rise@0.000ns)
  Data Path Delay:        0.380ns  (logic 0.141ns (37.074%)  route 0.239ns (62.926%))
  Logic Levels:           0  
  Clock Path Skew:        0.013ns (DCD - SCD - CPR)
    Destination Clock Delay (DCD):    1.961ns
    Source Clock Delay      (SCD):    1.447ns
    Clock Pessimism Removal (CPR):    0.501ns

    Location             Delay type                Incr(ns)  Path(ns)    Netlist Resource(s)
  -------------------------------------------------------------------    -------------------
                         (clock sys_clk_pin rise edge)
                                                      0.000     0.000 r  
    W5                                                0.000     0.000 r  clk (IN)
                         net (fo=0)                   0.000     0.000    clk
    W5                   IBUF (Prop_ibuf_I_O)         0.226     0.226 r  clk_IBUF_inst/O
                         net (fo=1, routed)           0.631     0.858    clk_IBUF
    BUFGCTRL_X0Y0        BUFG (Prop_bufg_I_O)         0.026     0.884 r  clk_IBUF_BUFG_inst/O
                         net (fo=493, routed)         0.564     1.447    u_uart_clock/utx2/ufifo_cu/clk
    SLICE_X13Y54         FDCE                                         r  u_uart_clock/utx2/ufifo_cu/w_ptr_reg[2]/C
  -------------------------------------------------------------------    -------------------
    SLICE_X13Y54         FDCE (Prop_fdce_C_Q)         0.141     1.588 r  u_uart_clock/utx2/ufifo_cu/w_ptr_reg[2]/Q
                         net (fo=21, routed)          0.239     1.828    u_uart_clock/utx2/uregister/ram_reg_0_15_6_7/ADDRD2
    SLICE_X12Y54         RAMD32                                       r  u_uart_clock/utx2/uregister/ram_reg_0_15_6_7/RAMA/WADR2
  -------------------------------------------------------------------    -------------------

                         (clock sys_clk_pin rise edge)
                                                      0.000     0.000 r  
    W5                                                0.000     0.000 r  clk (IN)
                         net (fo=0)                   0.000     0.000    clk
    W5                   IBUF (Prop_ibuf_I_O)         0.414     0.414 r  clk_IBUF_inst/O
                         net (fo=1, routed)           0.685     1.099    clk_IBUF
    BUFGCTRL_X0Y0        BUFG (Prop_bufg_I_O)         0.029     1.128 r  clk_IBUF_BUFG_inst/O
                         net (fo=493, routed)         0.833     1.961    u_uart_clock/utx2/uregister/ram_reg_0_15_6_7/WCLK
    SLICE_X12Y54         RAMD32                                       r  u_uart_clock/utx2/uregister/ram_reg_0_15_6_7/RAMA/CLK
                         clock pessimism             -0.501     1.460    
    SLICE_X12Y54         RAMD32 (Hold_ramd32_CLK_WADR2)
                                                      0.254     1.714    u_uart_clock/utx2/uregister/ram_reg_0_15_6_7/RAMA
  -------------------------------------------------------------------
                         required time                         -1.714    
                         arrival time                           1.828    
  -------------------------------------------------------------------
                         slack                                  0.113    

Slack (MET) :             0.113ns  (arrival time - required time)
  Source:                 u_uart_clock/utx2/ufifo_cu/w_ptr_reg[2]/C
                            (rising edge-triggered cell FDCE clocked by sys_clk_pin  {rise@0.000ns fall@5.000ns period=10.000ns})
  Destination:            u_uart_clock/utx2/uregister/ram_reg_0_15_6_7/RAMA_D1/WADR2
                            (rising edge-triggered cell RAMD32 clocked by sys_clk_pin  {rise@0.000ns fall@5.000ns period=10.000ns})
  Path Group:             sys_clk_pin
  Path Type:              Hold (Min at Fast Process Corner)
  Requirement:            0.000ns  (sys_clk_pin rise@0.000ns - sys_clk_pin rise@0.000ns)
  Data Path Delay:        0.380ns  (logic 0.141ns (37.074%)  route 0.239ns (62.926%))
  Logic Levels:           0  
  Clock Path Skew:        0.013ns (DCD - SCD - CPR)
    Destination Clock Delay (DCD):    1.961ns
    Source Clock Delay      (SCD):    1.447ns
    Clock Pessimism Removal (CPR):    0.501ns

    Location             Delay type                Incr(ns)  Path(ns)    Netlist Resource(s)
  -------------------------------------------------------------------    -------------------
                         (clock sys_clk_pin rise edge)
                                                      0.000     0.000 r  
    W5                                                0.000     0.000 r  clk (IN)
                         net (fo=0)                   0.000     0.000    clk
    W5                   IBUF (Prop_ibuf_I_O)         0.226     0.226 r  clk_IBUF_inst/O
                         net (fo=1, routed)           0.631     0.858    clk_IBUF
    BUFGCTRL_X0Y0        BUFG (Prop_bufg_I_O)         0.026     0.884 r  clk_IBUF_BUFG_inst/O
                         net (fo=493, routed)         0.564     1.447    u_uart_clock/utx2/ufifo_cu/clk
    SLICE_X13Y54         FDCE                                         r  u_uart_clock/utx2/ufifo_cu/w_ptr_reg[2]/C
  -------------------------------------------------------------------    -------------------
    SLICE_X13Y54         FDCE (Prop_fdce_C_Q)         0.141     1.588 r  u_uart_clock/utx2/ufifo_cu/w_ptr_reg[2]/Q
                         net (fo=21, routed)          0.239     1.828    u_uart_clock/utx2/uregister/ram_reg_0_15_6_7/ADDRD2
    SLICE_X12Y54         RAMD32                                       r  u_uart_clock/utx2/uregister/ram_reg_0_15_6_7/RAMA_D1/WADR2
  -------------------------------------------------------------------    -------------------

                         (clock sys_clk_pin rise edge)
                                                      0.000     0.000 r  
    W5                                                0.000     0.000 r  clk (IN)
                         net (fo=0)                   0.000     0.000    clk
    W5                   IBUF (Prop_ibuf_I_O)         0.414     0.414 r  clk_IBUF_inst/O
                         net (fo=1, routed)           0.685     1.099    clk_IBUF
    BUFGCTRL_X0Y0        BUFG (Prop_bufg_I_O)         0.029     1.128 r  clk_IBUF_BUFG_inst/O
                         net (fo=493, routed)         0.833     1.961    u_uart_clock/utx2/uregister/ram_reg_0_15_6_7/WCLK
    SLICE_X12Y54         RAMD32                                       r  u_uart_clock/utx2/uregister/ram_reg_0_15_6_7/RAMA_D1/CLK
                         clock pessimism             -0.501     1.460    
    SLICE_X12Y54         RAMD32 (Hold_ramd32_CLK_WADR2)
                                                      0.254     1.714    u_uart_clock/utx2/uregister/ram_reg_0_15_6_7/RAMA_D1
  -------------------------------------------------------------------
                         required time                         -1.714    
                         arrival time                           1.828    
  -------------------------------------------------------------------
                         slack                                  0.113    

Slack (MET) :             0.113ns  (arrival time - required time)
  Source:                 u_uart_clock/utx2/ufifo_cu/w_ptr_reg[2]/C
                            (rising edge-triggered cell FDCE clocked by sys_clk_pin  {rise@0.000ns fall@5.000ns period=10.000ns})
  Destination:            u_uart_clock/utx2/uregister/ram_reg_0_15_6_7/RAMB/WADR2
                            (rising edge-triggered cell RAMD32 clocked by sys_clk_pin  {rise@0.000ns fall@5.000ns period=10.000ns})
  Path Group:             sys_clk_pin
  Path Type:              Hold (Min at Fast Process Corner)
  Requirement:            0.000ns  (sys_clk_pin rise@0.000ns - sys_clk_pin rise@0.000ns)
  Data Path Delay:        0.380ns  (logic 0.141ns (37.074%)  route 0.239ns (62.926%))
  Logic Levels:           0  
  Clock Path Skew:        0.013ns (DCD - SCD - CPR)
    Destination Clock Delay (DCD):    1.961ns
    Source Clock Delay      (SCD):    1.447ns
    Clock Pessimism Removal (CPR):    0.501ns

    Location             Delay type                Incr(ns)  Path(ns)    Netlist Resource(s)
  -------------------------------------------------------------------    -------------------
                         (clock sys_clk_pin rise edge)
                                                      0.000     0.000 r  
    W5                                                0.000     0.000 r  clk (IN)
                         net (fo=0)                   0.000     0.000    clk
    W5                   IBUF (Prop_ibuf_I_O)         0.226     0.226 r  clk_IBUF_inst/O
                         net (fo=1, routed)           0.631     0.858    clk_IBUF
    BUFGCTRL_X0Y0        BUFG (Prop_bufg_I_O)         0.026     0.884 r  clk_IBUF_BUFG_inst/O
                         net (fo=493, routed)         0.564     1.447    u_uart_clock/utx2/ufifo_cu/clk
    SLICE_X13Y54         FDCE                                         r  u_uart_clock/utx2/ufifo_cu/w_ptr_reg[2]/C
  -------------------------------------------------------------------    -------------------
    SLICE_X13Y54         FDCE (Prop_fdce_C_Q)         0.141     1.588 r  u_uart_clock/utx2/ufifo_cu/w_ptr_reg[2]/Q
                         net (fo=21, routed)          0.239     1.828    u_uart_clock/utx2/uregister/ram_reg_0_15_6_7/ADDRD2
    SLICE_X12Y54         RAMD32                                       r  u_uart_clock/utx2/uregister/ram_reg_0_15_6_7/RAMB/WADR2
  -------------------------------------------------------------------    -------------------

                         (clock sys_clk_pin rise edge)
                                                      0.000     0.000 r  
    W5                                                0.000     0.000 r  clk (IN)
                         net (fo=0)                   0.000     0.000    clk
    W5                   IBUF (Prop_ibuf_I_O)         0.414     0.414 r  clk_IBUF_inst/O
                         net (fo=1, routed)           0.685     1.099    clk_IBUF
    BUFGCTRL_X0Y0        BUFG (Prop_bufg_I_O)         0.029     1.128 r  clk_IBUF_BUFG_inst/O
                         net (fo=493, routed)         0.833     1.961    u_uart_clock/utx2/uregister/ram_reg_0_15_6_7/WCLK
    SLICE_X12Y54         RAMD32                                       r  u_uart_clock/utx2/uregister/ram_reg_0_15_6_7/RAMB/CLK
                         clock pessimism             -0.501     1.460    
    SLICE_X12Y54         RAMD32 (Hold_ramd32_CLK_WADR2)
                                                      0.254     1.714    u_uart_clock/utx2/uregister/ram_reg_0_15_6_7/RAMB
  -------------------------------------------------------------------
                         required time                         -1.714    
                         arrival time                           1.828    
  -------------------------------------------------------------------
                         slack                                  0.113    

Slack (MET) :             0.113ns  (arrival time - required time)
  Source:                 u_uart_clock/utx2/ufifo_cu/w_ptr_reg[2]/C
                            (rising edge-triggered cell FDCE clocked by sys_clk_pin  {rise@0.000ns fall@5.000ns period=10.000ns})
  Destination:            u_uart_clock/utx2/uregister/ram_reg_0_15_6_7/RAMB_D1/WADR2
                            (rising edge-triggered cell RAMD32 clocked by sys_clk_pin  {rise@0.000ns fall@5.000ns period=10.000ns})
  Path Group:             sys_clk_pin
  Path Type:              Hold (Min at Fast Process Corner)
  Requirement:            0.000ns  (sys_clk_pin rise@0.000ns - sys_clk_pin rise@0.000ns)
  Data Path Delay:        0.380ns  (logic 0.141ns (37.074%)  route 0.239ns (62.926%))
  Logic Levels:           0  
  Clock Path Skew:        0.013ns (DCD - SCD - CPR)
    Destination Clock Delay (DCD):    1.961ns
    Source Clock Delay      (SCD):    1.447ns
    Clock Pessimism Removal (CPR):    0.501ns

    Location             Delay type                Incr(ns)  Path(ns)    Netlist Resource(s)
  -------------------------------------------------------------------    -------------------
                         (clock sys_clk_pin rise edge)
                                                      0.000     0.000 r  
    W5                                                0.000     0.000 r  clk (IN)
                         net (fo=0)                   0.000     0.000    clk
    W5                   IBUF (Prop_ibuf_I_O)         0.226     0.226 r  clk_IBUF_inst/O
                         net (fo=1, routed)           0.631     0.858    clk_IBUF
    BUFGCTRL_X0Y0        BUFG (Prop_bufg_I_O)         0.026     0.884 r  clk_IBUF_BUFG_inst/O
                         net (fo=493, routed)         0.564     1.447    u_uart_clock/utx2/ufifo_cu/clk
    SLICE_X13Y54         FDCE                                         r  u_uart_clock/utx2/ufifo_cu/w_ptr_reg[2]/C
  -------------------------------------------------------------------    -------------------
    SLICE_X13Y54         FDCE (Prop_fdce_C_Q)         0.141     1.588 r  u_uart_clock/utx2/ufifo_cu/w_ptr_reg[2]/Q
                         net (fo=21, routed)          0.239     1.828    u_uart_clock/utx2/uregister/ram_reg_0_15_6_7/ADDRD2
    SLICE_X12Y54         RAMD32                                       r  u_uart_clock/utx2/uregister/ram_reg_0_15_6_7/RAMB_D1/WADR2
  -------------------------------------------------------------------    -------------------

                         (clock sys_clk_pin rise edge)
                                                      0.000     0.000 r  
    W5                                                0.000     0.000 r  clk (IN)
                         net (fo=0)                   0.000     0.000    clk
    W5                   IBUF (Prop_ibuf_I_O)         0.414     0.414 r  clk_IBUF_inst/O
                         net (fo=1, routed)           0.685     1.099    clk_IBUF
    BUFGCTRL_X0Y0        BUFG (Prop_bufg_I_O)         0.029     1.128 r  clk_IBUF_BUFG_inst/O
                         net (fo=493, routed)         0.833     1.961    u_uart_clock/utx2/uregister/ram_reg_0_15_6_7/WCLK
    SLICE_X12Y54         RAMD32                                       r  u_uart_clock/utx2/uregister/ram_reg_0_15_6_7/RAMB_D1/CLK
                         clock pessimism             -0.501     1.460    
    SLICE_X12Y54         RAMD32 (Hold_ramd32_CLK_WADR2)
                                                      0.254     1.714    u_uart_clock/utx2/uregister/ram_reg_0_15_6_7/RAMB_D1
  -------------------------------------------------------------------
                         required time                         -1.714    
                         arrival time                           1.828    
  -------------------------------------------------------------------
                         slack                                  0.113    

Slack (MET) :             0.113ns  (arrival time - required time)
  Source:                 u_uart_clock/utx2/ufifo_cu/w_ptr_reg[2]/C
                            (rising edge-triggered cell FDCE clocked by sys_clk_pin  {rise@0.000ns fall@5.000ns period=10.000ns})
  Destination:            u_uart_clock/utx2/uregister/ram_reg_0_15_6_7/RAMC/WADR2
                            (rising edge-triggered cell RAMD32 clocked by sys_clk_pin  {rise@0.000ns fall@5.000ns period=10.000ns})
  Path Group:             sys_clk_pin
  Path Type:              Hold (Min at Fast Process Corner)
  Requirement:            0.000ns  (sys_clk_pin rise@0.000ns - sys_clk_pin rise@0.000ns)
  Data Path Delay:        0.380ns  (logic 0.141ns (37.074%)  route 0.239ns (62.926%))
  Logic Levels:           0  
  Clock Path Skew:        0.013ns (DCD - SCD - CPR)
    Destination Clock Delay (DCD):    1.961ns
    Source Clock Delay      (SCD):    1.447ns
    Clock Pessimism Removal (CPR):    0.501ns

    Location             Delay type                Incr(ns)  Path(ns)    Netlist Resource(s)
  -------------------------------------------------------------------    -------------------
                         (clock sys_clk_pin rise edge)
                                                      0.000     0.000 r  
    W5                                                0.000     0.000 r  clk (IN)
                         net (fo=0)                   0.000     0.000    clk
    W5                   IBUF (Prop_ibuf_I_O)         0.226     0.226 r  clk_IBUF_inst/O
                         net (fo=1, routed)           0.631     0.858    clk_IBUF
    BUFGCTRL_X0Y0        BUFG (Prop_bufg_I_O)         0.026     0.884 r  clk_IBUF_BUFG_inst/O
                         net (fo=493, routed)         0.564     1.447    u_uart_clock/utx2/ufifo_cu/clk
    SLICE_X13Y54         FDCE                                         r  u_uart_clock/utx2/ufifo_cu/w_ptr_reg[2]/C
  -------------------------------------------------------------------    -------------------
    SLICE_X13Y54         FDCE (Prop_fdce_C_Q)         0.141     1.588 r  u_uart_clock/utx2/ufifo_cu/w_ptr_reg[2]/Q
                         net (fo=21, routed)          0.239     1.828    u_uart_clock/utx2/uregister/ram_reg_0_15_6_7/ADDRD2
    SLICE_X12Y54         RAMD32                                       r  u_uart_clock/utx2/uregister/ram_reg_0_15_6_7/RAMC/WADR2
  -------------------------------------------------------------------    -------------------

                         (clock sys_clk_pin rise edge)
                                                      0.000     0.000 r  
    W5                                                0.000     0.000 r  clk (IN)
                         net (fo=0)                   0.000     0.000    clk
    W5                   IBUF (Prop_ibuf_I_O)         0.414     0.414 r  clk_IBUF_inst/O
                         net (fo=1, routed)           0.685     1.099    clk_IBUF
    BUFGCTRL_X0Y0        BUFG (Prop_bufg_I_O)         0.029     1.128 r  clk_IBUF_BUFG_inst/O
                         net (fo=493, routed)         0.833     1.961    u_uart_clock/utx2/uregister/ram_reg_0_15_6_7/WCLK
    SLICE_X12Y54         RAMD32                                       r  u_uart_clock/utx2/uregister/ram_reg_0_15_6_7/RAMC/CLK
                         clock pessimism             -0.501     1.460    
    SLICE_X12Y54         RAMD32 (Hold_ramd32_CLK_WADR2)
                                                      0.254     1.714    u_uart_clock/utx2/uregister/ram_reg_0_15_6_7/RAMC
  -------------------------------------------------------------------
                         required time                         -1.714    
                         arrival time                           1.828    
  -------------------------------------------------------------------
                         slack                                  0.113    

Slack (MET) :             0.113ns  (arrival time - required time)
  Source:                 u_uart_clock/utx2/ufifo_cu/w_ptr_reg[2]/C
                            (rising edge-triggered cell FDCE clocked by sys_clk_pin  {rise@0.000ns fall@5.000ns period=10.000ns})
  Destination:            u_uart_clock/utx2/uregister/ram_reg_0_15_6_7/RAMC_D1/WADR2
                            (rising edge-triggered cell RAMD32 clocked by sys_clk_pin  {rise@0.000ns fall@5.000ns period=10.000ns})
  Path Group:             sys_clk_pin
  Path Type:              Hold (Min at Fast Process Corner)
  Requirement:            0.000ns  (sys_clk_pin rise@0.000ns - sys_clk_pin rise@0.000ns)
  Data Path Delay:        0.380ns  (logic 0.141ns (37.074%)  route 0.239ns (62.926%))
  Logic Levels:           0  
  Clock Path Skew:        0.013ns (DCD - SCD - CPR)
    Destination Clock Delay (DCD):    1.961ns
    Source Clock Delay      (SCD):    1.447ns
    Clock Pessimism Removal (CPR):    0.501ns

    Location             Delay type                Incr(ns)  Path(ns)    Netlist Resource(s)
  -------------------------------------------------------------------    -------------------
                         (clock sys_clk_pin rise edge)
                                                      0.000     0.000 r  
    W5                                                0.000     0.000 r  clk (IN)
                         net (fo=0)                   0.000     0.000    clk
    W5                   IBUF (Prop_ibuf_I_O)         0.226     0.226 r  clk_IBUF_inst/O
                         net (fo=1, routed)           0.631     0.858    clk_IBUF
    BUFGCTRL_X0Y0        BUFG (Prop_bufg_I_O)         0.026     0.884 r  clk_IBUF_BUFG_inst/O
                         net (fo=493, routed)         0.564     1.447    u_uart_clock/utx2/ufifo_cu/clk
    SLICE_X13Y54         FDCE                                         r  u_uart_clock/utx2/ufifo_cu/w_ptr_reg[2]/C
  -------------------------------------------------------------------    -------------------
    SLICE_X13Y54         FDCE (Prop_fdce_C_Q)         0.141     1.588 r  u_uart_clock/utx2/ufifo_cu/w_ptr_reg[2]/Q
                         net (fo=21, routed)          0.239     1.828    u_uart_clock/utx2/uregister/ram_reg_0_15_6_7/ADDRD2
    SLICE_X12Y54         RAMD32                                       r  u_uart_clock/utx2/uregister/ram_reg_0_15_6_7/RAMC_D1/WADR2
  -------------------------------------------------------------------    -------------------

                         (clock sys_clk_pin rise edge)
                                                      0.000     0.000 r  
    W5                                                0.000     0.000 r  clk (IN)
                         net (fo=0)                   0.000     0.000    clk
    W5                   IBUF (Prop_ibuf_I_O)         0.414     0.414 r  clk_IBUF_inst/O
                         net (fo=1, routed)           0.685     1.099    clk_IBUF
    BUFGCTRL_X0Y0        BUFG (Prop_bufg_I_O)         0.029     1.128 r  clk_IBUF_BUFG_inst/O
                         net (fo=493, routed)         0.833     1.961    u_uart_clock/utx2/uregister/ram_reg_0_15_6_7/WCLK
    SLICE_X12Y54         RAMD32                                       r  u_uart_clock/utx2/uregister/ram_reg_0_15_6_7/RAMC_D1/CLK
                         clock pessimism             -0.501     1.460    
    SLICE_X12Y54         RAMD32 (Hold_ramd32_CLK_WADR2)
                                                      0.254     1.714    u_uart_clock/utx2/uregister/ram_reg_0_15_6_7/RAMC_D1
  -------------------------------------------------------------------
                         required time                         -1.714    
                         arrival time                           1.828    
  -------------------------------------------------------------------
                         slack                                  0.113    

Slack (MET) :             0.113ns  (arrival time - required time)
  Source:                 u_uart_clock/utx2/ufifo_cu/w_ptr_reg[2]/C
                            (rising edge-triggered cell FDCE clocked by sys_clk_pin  {rise@0.000ns fall@5.000ns period=10.000ns})
  Destination:            u_uart_clock/utx2/uregister/ram_reg_0_15_6_7/RAMD/ADR2
                            (rising edge-triggered cell RAMS32 clocked by sys_clk_pin  {rise@0.000ns fall@5.000ns period=10.000ns})
  Path Group:             sys_clk_pin
  Path Type:              Hold (Min at Fast Process Corner)
  Requirement:            0.000ns  (sys_clk_pin rise@0.000ns - sys_clk_pin rise@0.000ns)
  Data Path Delay:        0.380ns  (logic 0.141ns (37.074%)  route 0.239ns (62.926%))
  Logic Levels:           0  
  Clock Path Skew:        0.013ns (DCD - SCD - CPR)
    Destination Clock Delay (DCD):    1.961ns
    Source Clock Delay      (SCD):    1.447ns
    Clock Pessimism Removal (CPR):    0.501ns

    Location             Delay type                Incr(ns)  Path(ns)    Netlist Resource(s)
  -------------------------------------------------------------------    -------------------
                         (clock sys_clk_pin rise edge)
                                                      0.000     0.000 r  
    W5                                                0.000     0.000 r  clk (IN)
                         net (fo=0)                   0.000     0.000    clk
    W5                   IBUF (Prop_ibuf_I_O)         0.226     0.226 r  clk_IBUF_inst/O
                         net (fo=1, routed)           0.631     0.858    clk_IBUF
    BUFGCTRL_X0Y0        BUFG (Prop_bufg_I_O)         0.026     0.884 r  clk_IBUF_BUFG_inst/O
                         net (fo=493, routed)         0.564     1.447    u_uart_clock/utx2/ufifo_cu/clk
    SLICE_X13Y54         FDCE                                         r  u_uart_clock/utx2/ufifo_cu/w_ptr_reg[2]/C
  -------------------------------------------------------------------    -------------------
    SLICE_X13Y54         FDCE (Prop_fdce_C_Q)         0.141     1.588 r  u_uart_clock/utx2/ufifo_cu/w_ptr_reg[2]/Q
                         net (fo=21, routed)          0.239     1.828    u_uart_clock/utx2/uregister/ram_reg_0_15_6_7/ADDRD2
    SLICE_X12Y54         RAMS32                                       r  u_uart_clock/utx2/uregister/ram_reg_0_15_6_7/RAMD/ADR2
  -------------------------------------------------------------------    -------------------

                         (clock sys_clk_pin rise edge)
                                                      0.000     0.000 r  
    W5                                                0.000     0.000 r  clk (IN)
                         net (fo=0)                   0.000     0.000    clk
    W5                   IBUF (Prop_ibuf_I_O)         0.414     0.414 r  clk_IBUF_inst/O
                         net (fo=1, routed)           0.685     1.099    clk_IBUF
    BUFGCTRL_X0Y0        BUFG (Prop_bufg_I_O)         0.029     1.128 r  clk_IBUF_BUFG_inst/O
                         net (fo=493, routed)         0.833     1.961    u_uart_clock/utx2/uregister/ram_reg_0_15_6_7/WCLK
    SLICE_X12Y54         RAMS32                                       r  u_uart_clock/utx2/uregister/ram_reg_0_15_6_7/RAMD/CLK
                         clock pessimism             -0.501     1.460    
    SLICE_X12Y54         RAMS32 (Hold_rams32_CLK_ADR2)
                                                      0.254     1.714    u_uart_clock/utx2/uregister/ram_reg_0_15_6_7/RAMD
  -------------------------------------------------------------------
                         required time                         -1.714    
                         arrival time                           1.828    
  -------------------------------------------------------------------
                         slack                                  0.113    

Slack (MET) :             0.113ns  (arrival time - required time)
  Source:                 u_uart_clock/utx2/ufifo_cu/w_ptr_reg[2]/C
                            (rising edge-triggered cell FDCE clocked by sys_clk_pin  {rise@0.000ns fall@5.000ns period=10.000ns})
  Destination:            u_uart_clock/utx2/uregister/ram_reg_0_15_6_7/RAMD_D1/ADR2
                            (rising edge-triggered cell RAMS32 clocked by sys_clk_pin  {rise@0.000ns fall@5.000ns period=10.000ns})
  Path Group:             sys_clk_pin
  Path Type:              Hold (Min at Fast Process Corner)
  Requirement:            0.000ns  (sys_clk_pin rise@0.000ns - sys_clk_pin rise@0.000ns)
  Data Path Delay:        0.380ns  (logic 0.141ns (37.074%)  route 0.239ns (62.926%))
  Logic Levels:           0  
  Clock Path Skew:        0.013ns (DCD - SCD - CPR)
    Destination Clock Delay (DCD):    1.961ns
    Source Clock Delay      (SCD):    1.447ns
    Clock Pessimism Removal (CPR):    0.501ns

    Location             Delay type                Incr(ns)  Path(ns)    Netlist Resource(s)
  -------------------------------------------------------------------    -------------------
                         (clock sys_clk_pin rise edge)
                                                      0.000     0.000 r  
    W5                                                0.000     0.000 r  clk (IN)
                         net (fo=0)                   0.000     0.000    clk
    W5                   IBUF (Prop_ibuf_I_O)         0.226     0.226 r  clk_IBUF_inst/O
                         net (fo=1, routed)           0.631     0.858    clk_IBUF
    BUFGCTRL_X0Y0        BUFG (Prop_bufg_I_O)         0.026     0.884 r  clk_IBUF_BUFG_inst/O
                         net (fo=493, routed)         0.564     1.447    u_uart_clock/utx2/ufifo_cu/clk
    SLICE_X13Y54         FDCE                                         r  u_uart_clock/utx2/ufifo_cu/w_ptr_reg[2]/C
  -------------------------------------------------------------------    -------------------
    SLICE_X13Y54         FDCE (Prop_fdce_C_Q)         0.141     1.588 r  u_uart_clock/utx2/ufifo_cu/w_ptr_reg[2]/Q
                         net (fo=21, routed)          0.239     1.828    u_uart_clock/utx2/uregister/ram_reg_0_15_6_7/ADDRD2
    SLICE_X12Y54         RAMS32                                       r  u_uart_clock/utx2/uregister/ram_reg_0_15_6_7/RAMD_D1/ADR2
  -------------------------------------------------------------------    -------------------

                         (clock sys_clk_pin rise edge)
                                                      0.000     0.000 r  
    W5                                                0.000     0.000 r  clk (IN)
                         net (fo=0)                   0.000     0.000    clk
    W5                   IBUF (Prop_ibuf_I_O)         0.414     0.414 r  clk_IBUF_inst/O
                         net (fo=1, routed)           0.685     1.099    clk_IBUF
    BUFGCTRL_X0Y0        BUFG (Prop_bufg_I_O)         0.029     1.128 r  clk_IBUF_BUFG_inst/O
                         net (fo=493, routed)         0.833     1.961    u_uart_clock/utx2/uregister/ram_reg_0_15_6_7/WCLK
    SLICE_X12Y54         RAMS32                                       r  u_uart_clock/utx2/uregister/ram_reg_0_15_6_7/RAMD_D1/CLK
                         clock pessimism             -0.501     1.460    
    SLICE_X12Y54         RAMS32 (Hold_rams32_CLK_ADR2)
                                                      0.254     1.714    u_uart_clock/utx2/uregister/ram_reg_0_15_6_7/RAMD_D1
  -------------------------------------------------------------------
                         required time                         -1.714    
                         arrival time                           1.828    
  -------------------------------------------------------------------
                         slack                                  0.113    





Pulse Width Checks
--------------------------------------------------------------------------------------
Clock Name:         sys_clk_pin
Waveform(ns):       { 0.000 5.000 }
Period(ns):         10.000
Sources:            { clk }

Check Type        Corner  Lib Pin     Reference Pin  Required(ns)  Actual(ns)  Slack(ns)  Location       Pin
Min Period        n/a     BUFG/I      n/a            2.155         10.000      7.845      BUFGCTRL_X0Y0  clk_IBUF_BUFG_inst/I
Min Period        n/a     FDCE/C      n/a            1.000         10.000      9.000      SLICE_X10Y55   U_Fnd_Ctrl/U_Clk_Divider/r_clk_reg/C
Min Period        n/a     FDCE/C      n/a            1.000         10.000      9.000      SLICE_X4Y17    u_gen_1s/r_counter_reg[21]/C
Min Period        n/a     FDCE/C      n/a            1.000         10.000      9.000      SLICE_X4Y17    u_gen_1s/r_counter_reg[22]/C
Min Period        n/a     FDCE/C      n/a            1.000         10.000      9.000      SLICE_X4Y17    u_gen_1s/r_counter_reg[23]/C
Min Period        n/a     FDCE/C      n/a            1.000         10.000      9.000      SLICE_X4Y17    u_gen_1s/r_counter_reg[24]/C
Min Period        n/a     FDCE/C      n/a            1.000         10.000      9.000      SLICE_X4Y18    u_gen_1s/r_counter_reg[25]/C
Min Period        n/a     FDCE/C      n/a            1.000         10.000      9.000      SLICE_X4Y18    u_gen_1s/r_counter_reg[26]/C
Min Period        n/a     FDCE/C      n/a            1.000         10.000      9.000      SLICE_X6Y13    u_gen_1s/r_counter_reg[2]/C
Min Period        n/a     FDCE/C      n/a            1.000         10.000      9.000      SLICE_X6Y13    u_gen_1s/r_counter_reg[3]/C
Low Pulse Width   Slow    RAMD32/CLK  n/a            1.250         5.000       3.750      SLICE_X12Y53   u_uart_clock/utx2/uregister/ram_reg_0_15_0_5/RAMA/CLK
Low Pulse Width   Fast    RAMD32/CLK  n/a            1.250         5.000       3.750      SLICE_X12Y53   u_uart_clock/utx2/uregister/ram_reg_0_15_0_5/RAMA/CLK
Low Pulse Width   Slow    RAMD32/CLK  n/a            1.250         5.000       3.750      SLICE_X12Y53   u_uart_clock/utx2/uregister/ram_reg_0_15_0_5/RAMA_D1/CLK
Low Pulse Width   Fast    RAMD32/CLK  n/a            1.250         5.000       3.750      SLICE_X12Y53   u_uart_clock/utx2/uregister/ram_reg_0_15_0_5/RAMA_D1/CLK
Low Pulse Width   Slow    RAMD32/CLK  n/a            1.250         5.000       3.750      SLICE_X12Y53   u_uart_clock/utx2/uregister/ram_reg_0_15_0_5/RAMB/CLK
Low Pulse Width   Fast    RAMD32/CLK  n/a            1.250         5.000       3.750      SLICE_X12Y53   u_uart_clock/utx2/uregister/ram_reg_0_15_0_5/RAMB/CLK
Low Pulse Width   Slow    RAMD32/CLK  n/a            1.250         5.000       3.750      SLICE_X12Y53   u_uart_clock/utx2/uregister/ram_reg_0_15_0_5/RAMB_D1/CLK
Low Pulse Width   Fast    RAMD32/CLK  n/a            1.250         5.000       3.750      SLICE_X12Y53   u_uart_clock/utx2/uregister/ram_reg_0_15_0_5/RAMB_D1/CLK
Low Pulse Width   Slow    RAMD32/CLK  n/a            1.250         5.000       3.750      SLICE_X12Y53   u_uart_clock/utx2/uregister/ram_reg_0_15_0_5/RAMC/CLK
Low Pulse Width   Fast    RAMD32/CLK  n/a            1.250         5.000       3.750      SLICE_X12Y53   u_uart_clock/utx2/uregister/ram_reg_0_15_0_5/RAMC/CLK
High Pulse Width  Slow    RAMD32/CLK  n/a            1.250         5.000       3.750      SLICE_X12Y53   u_uart_clock/utx2/uregister/ram_reg_0_15_0_5/RAMA/CLK
High Pulse Width  Slow    RAMD32/CLK  n/a            1.250         5.000       3.750      SLICE_X12Y53   u_uart_clock/utx2/uregister/ram_reg_0_15_0_5/RAMA_D1/CLK
High Pulse Width  Slow    RAMD32/CLK  n/a            1.250         5.000       3.750      SLICE_X12Y53   u_uart_clock/utx2/uregister/ram_reg_0_15_0_5/RAMB/CLK
High Pulse Width  Slow    RAMD32/CLK  n/a            1.250         5.000       3.750      SLICE_X12Y53   u_uart_clock/utx2/uregister/ram_reg_0_15_0_5/RAMB_D1/CLK
High Pulse Width  Slow    RAMD32/CLK  n/a            1.250         5.000       3.750      SLICE_X12Y53   u_uart_clock/utx2/uregister/ram_reg_0_15_0_5/RAMC/CLK
High Pulse Width  Slow    RAMD32/CLK  n/a            1.250         5.000       3.750      SLICE_X12Y53   u_uart_clock/utx2/uregister/ram_reg_0_15_0_5/RAMC_D1/CLK
High Pulse Width  Slow    RAMS32/CLK  n/a            1.250         5.000       3.750      SLICE_X12Y53   u_uart_clock/utx2/uregister/ram_reg_0_15_0_5/RAMD/CLK
High Pulse Width  Slow    RAMS32/CLK  n/a            1.250         5.000       3.750      SLICE_X12Y53   u_uart_clock/utx2/uregister/ram_reg_0_15_0_5/RAMD_D1/CLK
High Pulse Width  Slow    RAMD32/CLK  n/a            1.250         5.000       3.750      SLICE_X12Y54   u_uart_clock/utx2/uregister/ram_reg_0_15_6_7/RAMA/CLK
High Pulse Width  Slow    RAMD32/CLK  n/a            1.250         5.000       3.750      SLICE_X12Y54   u_uart_clock/utx2/uregister/ram_reg_0_15_6_7/RAMA_D1/CLK



