Copyright 1986-2020 Xilinx, Inc. All Rights Reserved.
-----------------------------------------------------------------------------------------------------------------------------------------------------------------------------------------------------------------
| Tool Version : Vivado v.2020.2 (win64) Build 3064766 Wed Nov 18 09:12:45 MST 2020
| Date         : Tue Apr  1 16:23:44 2025
| Host         : DESKTOP-7CFQ9ND running 64-bit major release  (build 9200)
| Command      : report_timing_summary -max_paths 10 -file top_count10000_timing_summary_routed.rpt -pb top_count10000_timing_summary_routed.pb -rpx top_count10000_timing_summary_routed.rpx -warn_on_violation
| Design       : top_count10000
| Device       : 7a35t-cpg236
| Speed File   : -1  PRODUCTION 1.23 2018-06-13
-----------------------------------------------------------------------------------------------------------------------------------------------------------------------------------------------------------------

Timing Summary Report

------------------------------------------------------------------------------------------------
| Timer Settings
| --------------
------------------------------------------------------------------------------------------------

  Enable Multi Corner Analysis               :  Yes
  Enable Pessimism Removal                   :  Yes
  Pessimism Removal Resolution               :  Nearest Common Node
  Enable Input Delay Default Clock           :  No
  Enable Preset / Clear Arcs                 :  No
  Disable Flight Delays                      :  No
  Ignore I/O Paths                           :  No
  Timing Early Launch at Borrowing Latches   :  No
  Borrow Time for Max Delay Exceptions       :  Yes
  Merge Timing Exceptions                    :  Yes

  Corner  Analyze    Analyze    
  Name    Max Paths  Min Paths  
  ------  ---------  ---------  
  Slow    Yes        Yes        
  Fast    Yes        Yes        



check_timing report

Table of Contents
-----------------
1. checking no_clock (0)
2. checking constant_clock (0)
3. checking pulse_width_clock (0)
4. checking unconstrained_internal_endpoints (0)
5. checking no_input_delay (2)
6. checking no_output_delay (12)
7. checking multiple_clock (0)
8. checking generated_clocks (0)
9. checking loops (0)
10. checking partial_input_delay (0)
11. checking partial_output_delay (0)
12. checking latch_loops (0)

1. checking no_clock (0)
------------------------
 There are 0 register/latch pins with no clock.


2. checking constant_clock (0)
------------------------------
 There are 0 register/latch pins with constant_clock.


3. checking pulse_width_clock (0)
---------------------------------
 There are 0 register/latch pins which need pulse_width check


4. checking unconstrained_internal_endpoints (0)
------------------------------------------------
 There are 0 pins that are not constrained for maximum delay.

 There are 0 pins that are not constrained for maximum delay due to constant clock.


5. checking no_input_delay (2)
------------------------------
 There are 2 input ports with no input delay specified. (HIGH)

 There are 0 input ports with no input delay but user has a false path constraint.


6. checking no_output_delay (12)
--------------------------------
 There are 12 ports with no output delay specified. (HIGH)

 There are 0 ports with no output delay but user has a false path constraint

 There are 0 ports with no output delay but with a timing clock defined on it or propagating through it


7. checking multiple_clock (0)
------------------------------
 There are 0 register/latch pins with multiple clocks.


8. checking generated_clocks (0)
--------------------------------
 There are 0 generated clocks that are not connected to a clock source.


9. checking loops (0)
---------------------
 There are 0 combinational loops in the design.


10. checking partial_input_delay (0)
------------------------------------
 There are 0 input ports with partial input delay specified.


11. checking partial_output_delay (0)
-------------------------------------
 There are 0 ports with partial output delay specified.


12. checking latch_loops (0)
----------------------------
 There are 0 combinational latch loops in the design through latch input



------------------------------------------------------------------------------------------------
| Design Timing Summary
| ---------------------
------------------------------------------------------------------------------------------------

    WNS(ns)      TNS(ns)  TNS Failing Endpoints  TNS Total Endpoints      WHS(ns)      THS(ns)  THS Failing Endpoints  THS Total Endpoints     WPWS(ns)     TPWS(ns)  TPWS Failing Endpoints  TPWS Total Endpoints  
    -------      -------  ---------------------  -------------------      -------      -------  ---------------------  -------------------     --------     --------  ----------------------  --------------------  
      4.659        0.000                      0                   70        0.274        0.000                      0                   70        4.500        0.000                       0                    57  


All user specified timing constraints are met.


------------------------------------------------------------------------------------------------
| Clock Summary
| -------------
------------------------------------------------------------------------------------------------

Clock        Waveform(ns)       Period(ns)      Frequency(MHz)
-----        ------------       ----------      --------------
sys_clk_pin  {0.000 5.000}      10.000          100.000         


------------------------------------------------------------------------------------------------
| Intra Clock Table
| -----------------
------------------------------------------------------------------------------------------------

Clock             WNS(ns)      TNS(ns)  TNS Failing Endpoints  TNS Total Endpoints      WHS(ns)      THS(ns)  THS Failing Endpoints  THS Total Endpoints     WPWS(ns)     TPWS(ns)  TPWS Failing Endpoints  TPWS Total Endpoints  
-----             -------      -------  ---------------------  -------------------      -------      -------  ---------------------  -------------------     --------     --------  ----------------------  --------------------  
sys_clk_pin         4.659        0.000                      0                   70        0.274        0.000                      0                   70        4.500        0.000                       0                    57  


------------------------------------------------------------------------------------------------
| Inter Clock Table
| -----------------
------------------------------------------------------------------------------------------------

From Clock    To Clock          WNS(ns)      TNS(ns)  TNS Failing Endpoints  TNS Total Endpoints      WHS(ns)      THS(ns)  THS Failing Endpoints  THS Total Endpoints  
----------    --------          -------      -------  ---------------------  -------------------      -------      -------  ---------------------  -------------------  


------------------------------------------------------------------------------------------------
| Other Path Groups Table
| -----------------------
------------------------------------------------------------------------------------------------

Path Group    From Clock    To Clock          WNS(ns)      TNS(ns)  TNS Failing Endpoints  TNS Total Endpoints      WHS(ns)      THS(ns)  THS Failing Endpoints  THS Total Endpoints  
----------    ----------    --------          -------      -------  ---------------------  -------------------      -------      -------  ---------------------  -------------------  


------------------------------------------------------------------------------------------------
| Timing Details
| --------------
------------------------------------------------------------------------------------------------


---------------------------------------------------------------------------------------------------
From Clock:  sys_clk_pin
  To Clock:  sys_clk_pin

Setup :            0  Failing Endpoints,  Worst Slack        4.659ns,  Total Violation        0.000ns
Hold  :            0  Failing Endpoints,  Worst Slack        0.274ns,  Total Violation        0.000ns
PW    :            0  Failing Endpoints,  Worst Slack        4.500ns,  Total Violation        0.000ns
---------------------------------------------------------------------------------------------------


Max Delay Paths
--------------------------------------------------------------------------------------
Slack (MET) :             4.659ns  (required time - arrival time)
  Source:                 u_counter_10000/u_counter/r_count_reg[2]/C
                            (rising edge-triggered cell FDCE clocked by sys_clk_pin  {rise@0.000ns fall@5.000ns period=10.000ns})
  Destination:            u_counter_10000/u_counter/r_count_reg[6]/D
                            (rising edge-triggered cell FDCE clocked by sys_clk_pin  {rise@0.000ns fall@5.000ns period=10.000ns})
  Path Group:             sys_clk_pin
  Path Type:              Setup (Max at Slow Process Corner)
  Requirement:            10.000ns  (sys_clk_pin rise@10.000ns - sys_clk_pin rise@0.000ns)
  Data Path Delay:        5.312ns  (logic 0.828ns (15.587%)  route 4.484ns (84.413%))
  Logic Levels:           3  (LUT5=1 LUT6=2)
  Clock Path Skew:        -0.025ns (DCD - SCD + CPR)
    Destination Clock Delay (DCD):    4.852ns = ( 14.852 - 10.000 ) 
    Source Clock Delay      (SCD):    5.151ns
    Clock Pessimism Removal (CPR):    0.274ns
  Clock Uncertainty:      0.035ns  ((TSJ^2 + TIJ^2)^1/2 + DJ) / 2 + PE
    Total System Jitter     (TSJ):    0.071ns
    Total Input Jitter      (TIJ):    0.000ns
    Discrete Jitter          (DJ):    0.000ns
    Phase Error              (PE):    0.000ns

    Location             Delay type                Incr(ns)  Path(ns)    Netlist Resource(s)
  -------------------------------------------------------------------    -------------------
                         (clock sys_clk_pin rise edge)
                                                      0.000     0.000 r  
    W5                                                0.000     0.000 r  clk (IN)
                         net (fo=0)                   0.000     0.000    clk
    W5                   IBUF (Prop_ibuf_I_O)         1.458     1.458 r  clk_IBUF_inst/O
                         net (fo=1, routed)           1.967     3.425    clk_IBUF
    BUFGCTRL_X0Y0        BUFG (Prop_bufg_I_O)         0.096     3.521 r  clk_IBUF_BUFG_inst/O
                         net (fo=56, routed)          1.630     5.151    u_counter_10000/u_counter/clk_IBUF_BUFG
    SLICE_X62Y16         FDCE                                         r  u_counter_10000/u_counter/r_count_reg[2]/C
  -------------------------------------------------------------------    -------------------
    SLICE_X62Y16         FDCE (Prop_fdce_C_Q)         0.456     5.607 f  u_counter_10000/u_counter/r_count_reg[2]/Q
                         net (fo=24, routed)          2.650     8.257    u_counter_10000/u_counter/Q[2]
    SLICE_X58Y20         LUT6 (Prop_lut6_I3_O)        0.124     8.381 r  u_counter_10000/u_counter/r_count[13]_i_8/O
                         net (fo=1, routed)           0.500     8.881    u_counter_10000/u_counter/r_count[13]_i_8_n_0
    SLICE_X59Y20         LUT6 (Prop_lut6_I0_O)        0.124     9.005 r  u_counter_10000/u_counter/r_count[13]_i_3/O
                         net (fo=14, routed)          1.334    10.339    u_counter_10000/u_counter/r_count[13]_i_3_n_0
    SLICE_X62Y17         LUT5 (Prop_lut5_I2_O)        0.124    10.463 r  u_counter_10000/u_counter/r_count[6]_i_1/O
                         net (fo=1, routed)           0.000    10.463    u_counter_10000/u_counter/p_0_in[6]
    SLICE_X62Y17         FDCE                                         r  u_counter_10000/u_counter/r_count_reg[6]/D
  -------------------------------------------------------------------    -------------------

                         (clock sys_clk_pin rise edge)
                                                     10.000    10.000 r  
    W5                                                0.000    10.000 r  clk (IN)
                         net (fo=0)                   0.000    10.000    clk
    W5                   IBUF (Prop_ibuf_I_O)         1.388    11.388 r  clk_IBUF_inst/O
                         net (fo=1, routed)           1.862    13.250    clk_IBUF
    BUFGCTRL_X0Y0        BUFG (Prop_bufg_I_O)         0.091    13.341 r  clk_IBUF_BUFG_inst/O
                         net (fo=56, routed)          1.511    14.852    u_counter_10000/u_counter/clk_IBUF_BUFG
    SLICE_X62Y17         FDCE                                         r  u_counter_10000/u_counter/r_count_reg[6]/C
                         clock pessimism              0.274    15.126    
                         clock uncertainty           -0.035    15.091    
    SLICE_X62Y17         FDCE (Setup_fdce_C_D)        0.031    15.122    u_counter_10000/u_counter/r_count_reg[6]
  -------------------------------------------------------------------
                         required time                         15.122    
                         arrival time                         -10.463    
  -------------------------------------------------------------------
                         slack                                  4.659    

Slack (MET) :             4.816ns  (required time - arrival time)
  Source:                 u_counter_10000/u_counter/r_count_reg[2]/C
                            (rising edge-triggered cell FDCE clocked by sys_clk_pin  {rise@0.000ns fall@5.000ns period=10.000ns})
  Destination:            u_counter_10000/u_counter/r_count_reg[11]/D
                            (rising edge-triggered cell FDCE clocked by sys_clk_pin  {rise@0.000ns fall@5.000ns period=10.000ns})
  Path Group:             sys_clk_pin
  Path Type:              Setup (Max at Slow Process Corner)
  Requirement:            10.000ns  (sys_clk_pin rise@10.000ns - sys_clk_pin rise@0.000ns)
  Data Path Delay:        5.150ns  (logic 0.828ns (16.077%)  route 4.322ns (83.923%))
  Logic Levels:           3  (LUT5=1 LUT6=2)
  Clock Path Skew:        -0.027ns (DCD - SCD + CPR)
    Destination Clock Delay (DCD):    4.850ns = ( 14.850 - 10.000 ) 
    Source Clock Delay      (SCD):    5.151ns
    Clock Pessimism Removal (CPR):    0.274ns
  Clock Uncertainty:      0.035ns  ((TSJ^2 + TIJ^2)^1/2 + DJ) / 2 + PE
    Total System Jitter     (TSJ):    0.071ns
    Total Input Jitter      (TIJ):    0.000ns
    Discrete Jitter          (DJ):    0.000ns
    Phase Error              (PE):    0.000ns

    Location             Delay type                Incr(ns)  Path(ns)    Netlist Resource(s)
  -------------------------------------------------------------------    -------------------
                         (clock sys_clk_pin rise edge)
                                                      0.000     0.000 r  
    W5                                                0.000     0.000 r  clk (IN)
                         net (fo=0)                   0.000     0.000    clk
    W5                   IBUF (Prop_ibuf_I_O)         1.458     1.458 r  clk_IBUF_inst/O
                         net (fo=1, routed)           1.967     3.425    clk_IBUF
    BUFGCTRL_X0Y0        BUFG (Prop_bufg_I_O)         0.096     3.521 r  clk_IBUF_BUFG_inst/O
                         net (fo=56, routed)          1.630     5.151    u_counter_10000/u_counter/clk_IBUF_BUFG
    SLICE_X62Y16         FDCE                                         r  u_counter_10000/u_counter/r_count_reg[2]/C
  -------------------------------------------------------------------    -------------------
    SLICE_X62Y16         FDCE (Prop_fdce_C_Q)         0.456     5.607 f  u_counter_10000/u_counter/r_count_reg[2]/Q
                         net (fo=24, routed)          2.650     8.257    u_counter_10000/u_counter/Q[2]
    SLICE_X58Y20         LUT6 (Prop_lut6_I3_O)        0.124     8.381 r  u_counter_10000/u_counter/r_count[13]_i_8/O
                         net (fo=1, routed)           0.500     8.881    u_counter_10000/u_counter/r_count[13]_i_8_n_0
    SLICE_X59Y20         LUT6 (Prop_lut6_I0_O)        0.124     9.005 r  u_counter_10000/u_counter/r_count[13]_i_3/O
                         net (fo=14, routed)          1.172    10.178    u_counter_10000/u_counter/r_count[13]_i_3_n_0
    SLICE_X62Y18         LUT5 (Prop_lut5_I2_O)        0.124    10.302 r  u_counter_10000/u_counter/r_count[11]_i_1/O
                         net (fo=1, routed)           0.000    10.302    u_counter_10000/u_counter/p_0_in[11]
    SLICE_X62Y18         FDCE                                         r  u_counter_10000/u_counter/r_count_reg[11]/D
  -------------------------------------------------------------------    -------------------

                         (clock sys_clk_pin rise edge)
                                                     10.000    10.000 r  
    W5                                                0.000    10.000 r  clk (IN)
                         net (fo=0)                   0.000    10.000    clk
    W5                   IBUF (Prop_ibuf_I_O)         1.388    11.388 r  clk_IBUF_inst/O
                         net (fo=1, routed)           1.862    13.250    clk_IBUF
    BUFGCTRL_X0Y0        BUFG (Prop_bufg_I_O)         0.091    13.341 r  clk_IBUF_BUFG_inst/O
                         net (fo=56, routed)          1.509    14.850    u_counter_10000/u_counter/clk_IBUF_BUFG
    SLICE_X62Y18         FDCE                                         r  u_counter_10000/u_counter/r_count_reg[11]/C
                         clock pessimism              0.274    15.124    
                         clock uncertainty           -0.035    15.089    
    SLICE_X62Y18         FDCE (Setup_fdce_C_D)        0.029    15.118    u_counter_10000/u_counter/r_count_reg[11]
  -------------------------------------------------------------------
                         required time                         15.118    
                         arrival time                         -10.302    
  -------------------------------------------------------------------
                         slack                                  4.816    

Slack (MET) :             4.816ns  (required time - arrival time)
  Source:                 u_counter_10000/u_counter/r_count_reg[2]/C
                            (rising edge-triggered cell FDCE clocked by sys_clk_pin  {rise@0.000ns fall@5.000ns period=10.000ns})
  Destination:            u_counter_10000/u_counter/r_count_reg[7]/D
                            (rising edge-triggered cell FDCE clocked by sys_clk_pin  {rise@0.000ns fall@5.000ns period=10.000ns})
  Path Group:             sys_clk_pin
  Path Type:              Setup (Max at Slow Process Corner)
  Requirement:            10.000ns  (sys_clk_pin rise@10.000ns - sys_clk_pin rise@0.000ns)
  Data Path Delay:        5.154ns  (logic 0.828ns (16.064%)  route 4.326ns (83.936%))
  Logic Levels:           3  (LUT5=1 LUT6=2)
  Clock Path Skew:        -0.025ns (DCD - SCD + CPR)
    Destination Clock Delay (DCD):    4.852ns = ( 14.852 - 10.000 ) 
    Source Clock Delay      (SCD):    5.151ns
    Clock Pessimism Removal (CPR):    0.274ns
  Clock Uncertainty:      0.035ns  ((TSJ^2 + TIJ^2)^1/2 + DJ) / 2 + PE
    Total System Jitter     (TSJ):    0.071ns
    Total Input Jitter      (TIJ):    0.000ns
    Discrete Jitter          (DJ):    0.000ns
    Phase Error              (PE):    0.000ns

    Location             Delay type                Incr(ns)  Path(ns)    Netlist Resource(s)
  -------------------------------------------------------------------    -------------------
                         (clock sys_clk_pin rise edge)
                                                      0.000     0.000 r  
    W5                                                0.000     0.000 r  clk (IN)
                         net (fo=0)                   0.000     0.000    clk
    W5                   IBUF (Prop_ibuf_I_O)         1.458     1.458 r  clk_IBUF_inst/O
                         net (fo=1, routed)           1.967     3.425    clk_IBUF
    BUFGCTRL_X0Y0        BUFG (Prop_bufg_I_O)         0.096     3.521 r  clk_IBUF_BUFG_inst/O
                         net (fo=56, routed)          1.630     5.151    u_counter_10000/u_counter/clk_IBUF_BUFG
    SLICE_X62Y16         FDCE                                         r  u_counter_10000/u_counter/r_count_reg[2]/C
  -------------------------------------------------------------------    -------------------
    SLICE_X62Y16         FDCE (Prop_fdce_C_Q)         0.456     5.607 f  u_counter_10000/u_counter/r_count_reg[2]/Q
                         net (fo=24, routed)          2.650     8.257    u_counter_10000/u_counter/Q[2]
    SLICE_X58Y20         LUT6 (Prop_lut6_I3_O)        0.124     8.381 r  u_counter_10000/u_counter/r_count[13]_i_8/O
                         net (fo=1, routed)           0.500     8.881    u_counter_10000/u_counter/r_count[13]_i_8_n_0
    SLICE_X59Y20         LUT6 (Prop_lut6_I0_O)        0.124     9.005 r  u_counter_10000/u_counter/r_count[13]_i_3/O
                         net (fo=14, routed)          1.176    10.182    u_counter_10000/u_counter/r_count[13]_i_3_n_0
    SLICE_X62Y17         LUT5 (Prop_lut5_I2_O)        0.124    10.306 r  u_counter_10000/u_counter/r_count[7]_i_1/O
                         net (fo=1, routed)           0.000    10.306    u_counter_10000/u_counter/p_0_in[7]
    SLICE_X62Y17         FDCE                                         r  u_counter_10000/u_counter/r_count_reg[7]/D
  -------------------------------------------------------------------    -------------------

                         (clock sys_clk_pin rise edge)
                                                     10.000    10.000 r  
    W5                                                0.000    10.000 r  clk (IN)
                         net (fo=0)                   0.000    10.000    clk
    W5                   IBUF (Prop_ibuf_I_O)         1.388    11.388 r  clk_IBUF_inst/O
                         net (fo=1, routed)           1.862    13.250    clk_IBUF
    BUFGCTRL_X0Y0        BUFG (Prop_bufg_I_O)         0.091    13.341 r  clk_IBUF_BUFG_inst/O
                         net (fo=56, routed)          1.511    14.852    u_counter_10000/u_counter/clk_IBUF_BUFG
    SLICE_X62Y17         FDCE                                         r  u_counter_10000/u_counter/r_count_reg[7]/C
                         clock pessimism              0.274    15.126    
                         clock uncertainty           -0.035    15.091    
    SLICE_X62Y17         FDCE (Setup_fdce_C_D)        0.031    15.122    u_counter_10000/u_counter/r_count_reg[7]
  -------------------------------------------------------------------
                         required time                         15.122    
                         arrival time                         -10.306    
  -------------------------------------------------------------------
                         slack                                  4.816    

Slack (MET) :             4.824ns  (required time - arrival time)
  Source:                 u_counter_10000/u_counter/r_count_reg[2]/C
                            (rising edge-triggered cell FDCE clocked by sys_clk_pin  {rise@0.000ns fall@5.000ns period=10.000ns})
  Destination:            u_counter_10000/u_counter/r_count_reg[8]/D
                            (rising edge-triggered cell FDCE clocked by sys_clk_pin  {rise@0.000ns fall@5.000ns period=10.000ns})
  Path Group:             sys_clk_pin
  Path Type:              Setup (Max at Slow Process Corner)
  Requirement:            10.000ns  (sys_clk_pin rise@10.000ns - sys_clk_pin rise@0.000ns)
  Data Path Delay:        5.147ns  (logic 0.828ns (16.086%)  route 4.319ns (83.914%))
  Logic Levels:           3  (LUT5=1 LUT6=2)
  Clock Path Skew:        -0.025ns (DCD - SCD + CPR)
    Destination Clock Delay (DCD):    4.852ns = ( 14.852 - 10.000 ) 
    Source Clock Delay      (SCD):    5.151ns
    Clock Pessimism Removal (CPR):    0.274ns
  Clock Uncertainty:      0.035ns  ((TSJ^2 + TIJ^2)^1/2 + DJ) / 2 + PE
    Total System Jitter     (TSJ):    0.071ns
    Total Input Jitter      (TIJ):    0.000ns
    Discrete Jitter          (DJ):    0.000ns
    Phase Error              (PE):    0.000ns

    Location             Delay type                Incr(ns)  Path(ns)    Netlist Resource(s)
  -------------------------------------------------------------------    -------------------
                         (clock sys_clk_pin rise edge)
                                                      0.000     0.000 r  
    W5                                                0.000     0.000 r  clk (IN)
                         net (fo=0)                   0.000     0.000    clk
    W5                   IBUF (Prop_ibuf_I_O)         1.458     1.458 r  clk_IBUF_inst/O
                         net (fo=1, routed)           1.967     3.425    clk_IBUF
    BUFGCTRL_X0Y0        BUFG (Prop_bufg_I_O)         0.096     3.521 r  clk_IBUF_BUFG_inst/O
                         net (fo=56, routed)          1.630     5.151    u_counter_10000/u_counter/clk_IBUF_BUFG
    SLICE_X62Y16         FDCE                                         r  u_counter_10000/u_counter/r_count_reg[2]/C
  -------------------------------------------------------------------    -------------------
    SLICE_X62Y16         FDCE (Prop_fdce_C_Q)         0.456     5.607 f  u_counter_10000/u_counter/r_count_reg[2]/Q
                         net (fo=24, routed)          2.650     8.257    u_counter_10000/u_counter/Q[2]
    SLICE_X58Y20         LUT6 (Prop_lut6_I3_O)        0.124     8.381 r  u_counter_10000/u_counter/r_count[13]_i_8/O
                         net (fo=1, routed)           0.500     8.881    u_counter_10000/u_counter/r_count[13]_i_8_n_0
    SLICE_X59Y20         LUT6 (Prop_lut6_I0_O)        0.124     9.005 r  u_counter_10000/u_counter/r_count[13]_i_3/O
                         net (fo=14, routed)          1.170    10.175    u_counter_10000/u_counter/r_count[13]_i_3_n_0
    SLICE_X62Y17         LUT5 (Prop_lut5_I2_O)        0.124    10.299 r  u_counter_10000/u_counter/r_count[8]_i_1/O
                         net (fo=1, routed)           0.000    10.299    u_counter_10000/u_counter/p_0_in[8]
    SLICE_X62Y17         FDCE                                         r  u_counter_10000/u_counter/r_count_reg[8]/D
  -------------------------------------------------------------------    -------------------

                         (clock sys_clk_pin rise edge)
                                                     10.000    10.000 r  
    W5                                                0.000    10.000 r  clk (IN)
                         net (fo=0)                   0.000    10.000    clk
    W5                   IBUF (Prop_ibuf_I_O)         1.388    11.388 r  clk_IBUF_inst/O
                         net (fo=1, routed)           1.862    13.250    clk_IBUF
    BUFGCTRL_X0Y0        BUFG (Prop_bufg_I_O)         0.091    13.341 r  clk_IBUF_BUFG_inst/O
                         net (fo=56, routed)          1.511    14.852    u_counter_10000/u_counter/clk_IBUF_BUFG
    SLICE_X62Y17         FDCE                                         r  u_counter_10000/u_counter/r_count_reg[8]/C
                         clock pessimism              0.274    15.126    
                         clock uncertainty           -0.035    15.091    
    SLICE_X62Y17         FDCE (Setup_fdce_C_D)        0.032    15.123    u_counter_10000/u_counter/r_count_reg[8]
  -------------------------------------------------------------------
                         required time                         15.123    
                         arrival time                         -10.299    
  -------------------------------------------------------------------
                         slack                                  4.824    

Slack (MET) :             4.871ns  (required time - arrival time)
  Source:                 u_counter_10000/u_counter/r_count_reg[2]/C
                            (rising edge-triggered cell FDCE clocked by sys_clk_pin  {rise@0.000ns fall@5.000ns period=10.000ns})
  Destination:            u_counter_10000/u_counter/r_count_reg[5]/D
                            (rising edge-triggered cell FDCE clocked by sys_clk_pin  {rise@0.000ns fall@5.000ns period=10.000ns})
  Path Group:             sys_clk_pin
  Path Type:              Setup (Max at Slow Process Corner)
  Requirement:            10.000ns  (sys_clk_pin rise@10.000ns - sys_clk_pin rise@0.000ns)
  Data Path Delay:        5.097ns  (logic 0.828ns (16.244%)  route 4.269ns (83.756%))
  Logic Levels:           3  (LUT5=1 LUT6=2)
  Clock Path Skew:        -0.025ns (DCD - SCD + CPR)
    Destination Clock Delay (DCD):    4.852ns = ( 14.852 - 10.000 ) 
    Source Clock Delay      (SCD):    5.151ns
    Clock Pessimism Removal (CPR):    0.274ns
  Clock Uncertainty:      0.035ns  ((TSJ^2 + TIJ^2)^1/2 + DJ) / 2 + PE
    Total System Jitter     (TSJ):    0.071ns
    Total Input Jitter      (TIJ):    0.000ns
    Discrete Jitter          (DJ):    0.000ns
    Phase Error              (PE):    0.000ns

    Location             Delay type                Incr(ns)  Path(ns)    Netlist Resource(s)
  -------------------------------------------------------------------    -------------------
                         (clock sys_clk_pin rise edge)
                                                      0.000     0.000 r  
    W5                                                0.000     0.000 r  clk (IN)
                         net (fo=0)                   0.000     0.000    clk
    W5                   IBUF (Prop_ibuf_I_O)         1.458     1.458 r  clk_IBUF_inst/O
                         net (fo=1, routed)           1.967     3.425    clk_IBUF
    BUFGCTRL_X0Y0        BUFG (Prop_bufg_I_O)         0.096     3.521 r  clk_IBUF_BUFG_inst/O
                         net (fo=56, routed)          1.630     5.151    u_counter_10000/u_counter/clk_IBUF_BUFG
    SLICE_X62Y16         FDCE                                         r  u_counter_10000/u_counter/r_count_reg[2]/C
  -------------------------------------------------------------------    -------------------
    SLICE_X62Y16         FDCE (Prop_fdce_C_Q)         0.456     5.607 f  u_counter_10000/u_counter/r_count_reg[2]/Q
                         net (fo=24, routed)          2.650     8.257    u_counter_10000/u_counter/Q[2]
    SLICE_X58Y20         LUT6 (Prop_lut6_I3_O)        0.124     8.381 r  u_counter_10000/u_counter/r_count[13]_i_8/O
                         net (fo=1, routed)           0.500     8.881    u_counter_10000/u_counter/r_count[13]_i_8_n_0
    SLICE_X59Y20         LUT6 (Prop_lut6_I0_O)        0.124     9.005 r  u_counter_10000/u_counter/r_count[13]_i_3/O
                         net (fo=14, routed)          1.120    10.125    u_counter_10000/u_counter/r_count[13]_i_3_n_0
    SLICE_X62Y17         LUT5 (Prop_lut5_I2_O)        0.124    10.249 r  u_counter_10000/u_counter/r_count[5]_i_1/O
                         net (fo=1, routed)           0.000    10.249    u_counter_10000/u_counter/p_0_in[5]
    SLICE_X62Y17         FDCE                                         r  u_counter_10000/u_counter/r_count_reg[5]/D
  -------------------------------------------------------------------    -------------------

                         (clock sys_clk_pin rise edge)
                                                     10.000    10.000 r  
    W5                                                0.000    10.000 r  clk (IN)
                         net (fo=0)                   0.000    10.000    clk
    W5                   IBUF (Prop_ibuf_I_O)         1.388    11.388 r  clk_IBUF_inst/O
                         net (fo=1, routed)           1.862    13.250    clk_IBUF
    BUFGCTRL_X0Y0        BUFG (Prop_bufg_I_O)         0.091    13.341 r  clk_IBUF_BUFG_inst/O
                         net (fo=56, routed)          1.511    14.852    u_counter_10000/u_counter/clk_IBUF_BUFG
    SLICE_X62Y17         FDCE                                         r  u_counter_10000/u_counter/r_count_reg[5]/C
                         clock pessimism              0.274    15.126    
                         clock uncertainty           -0.035    15.091    
    SLICE_X62Y17         FDCE (Setup_fdce_C_D)        0.029    15.120    u_counter_10000/u_counter/r_count_reg[5]
  -------------------------------------------------------------------
                         required time                         15.120    
                         arrival time                         -10.249    
  -------------------------------------------------------------------
                         slack                                  4.871    

Slack (MET) :             4.903ns  (required time - arrival time)
  Source:                 u_counter_10000/u_counter/r_count_reg[2]/C
                            (rising edge-triggered cell FDCE clocked by sys_clk_pin  {rise@0.000ns fall@5.000ns period=10.000ns})
  Destination:            u_counter_10000/u_counter/r_count_reg[2]/D
                            (rising edge-triggered cell FDCE clocked by sys_clk_pin  {rise@0.000ns fall@5.000ns period=10.000ns})
  Path Group:             sys_clk_pin
  Path Type:              Setup (Max at Slow Process Corner)
  Requirement:            10.000ns  (sys_clk_pin rise@10.000ns - sys_clk_pin rise@0.000ns)
  Data Path Delay:        5.091ns  (logic 0.828ns (16.265%)  route 4.263ns (83.735%))
  Logic Levels:           3  (LUT5=1 LUT6=2)
  Clock Path Skew:        0.000ns (DCD - SCD + CPR)
    Destination Clock Delay (DCD):    4.853ns = ( 14.853 - 10.000 ) 
    Source Clock Delay      (SCD):    5.151ns
    Clock Pessimism Removal (CPR):    0.298ns
  Clock Uncertainty:      0.035ns  ((TSJ^2 + TIJ^2)^1/2 + DJ) / 2 + PE
    Total System Jitter     (TSJ):    0.071ns
    Total Input Jitter      (TIJ):    0.000ns
    Discrete Jitter          (DJ):    0.000ns
    Phase Error              (PE):    0.000ns

    Location             Delay type                Incr(ns)  Path(ns)    Netlist Resource(s)
  -------------------------------------------------------------------    -------------------
                         (clock sys_clk_pin rise edge)
                                                      0.000     0.000 r  
    W5                                                0.000     0.000 r  clk (IN)
                         net (fo=0)                   0.000     0.000    clk
    W5                   IBUF (Prop_ibuf_I_O)         1.458     1.458 r  clk_IBUF_inst/O
                         net (fo=1, routed)           1.967     3.425    clk_IBUF
    BUFGCTRL_X0Y0        BUFG (Prop_bufg_I_O)         0.096     3.521 r  clk_IBUF_BUFG_inst/O
                         net (fo=56, routed)          1.630     5.151    u_counter_10000/u_counter/clk_IBUF_BUFG
    SLICE_X62Y16         FDCE                                         r  u_counter_10000/u_counter/r_count_reg[2]/C
  -------------------------------------------------------------------    -------------------
    SLICE_X62Y16         FDCE (Prop_fdce_C_Q)         0.456     5.607 f  u_counter_10000/u_counter/r_count_reg[2]/Q
                         net (fo=24, routed)          2.650     8.257    u_counter_10000/u_counter/Q[2]
    SLICE_X58Y20         LUT6 (Prop_lut6_I3_O)        0.124     8.381 r  u_counter_10000/u_counter/r_count[13]_i_8/O
                         net (fo=1, routed)           0.500     8.881    u_counter_10000/u_counter/r_count[13]_i_8_n_0
    SLICE_X59Y20         LUT6 (Prop_lut6_I0_O)        0.124     9.005 r  u_counter_10000/u_counter/r_count[13]_i_3/O
                         net (fo=14, routed)          1.113    10.118    u_counter_10000/u_counter/r_count[13]_i_3_n_0
    SLICE_X62Y16         LUT5 (Prop_lut5_I2_O)        0.124    10.242 r  u_counter_10000/u_counter/r_count[2]_i_1/O
                         net (fo=1, routed)           0.000    10.242    u_counter_10000/u_counter/p_0_in[2]
    SLICE_X62Y16         FDCE                                         r  u_counter_10000/u_counter/r_count_reg[2]/D
  -------------------------------------------------------------------    -------------------

                         (clock sys_clk_pin rise edge)
                                                     10.000    10.000 r  
    W5                                                0.000    10.000 r  clk (IN)
                         net (fo=0)                   0.000    10.000    clk
    W5                   IBUF (Prop_ibuf_I_O)         1.388    11.388 r  clk_IBUF_inst/O
                         net (fo=1, routed)           1.862    13.250    clk_IBUF
    BUFGCTRL_X0Y0        BUFG (Prop_bufg_I_O)         0.091    13.341 r  clk_IBUF_BUFG_inst/O
                         net (fo=56, routed)          1.512    14.853    u_counter_10000/u_counter/clk_IBUF_BUFG
    SLICE_X62Y16         FDCE                                         r  u_counter_10000/u_counter/r_count_reg[2]/C
                         clock pessimism              0.298    15.151    
                         clock uncertainty           -0.035    15.116    
    SLICE_X62Y16         FDCE (Setup_fdce_C_D)        0.029    15.145    u_counter_10000/u_counter/r_count_reg[2]
  -------------------------------------------------------------------
                         required time                         15.145    
                         arrival time                         -10.242    
  -------------------------------------------------------------------
                         slack                                  4.903    

Slack (MET) :             5.041ns  (required time - arrival time)
  Source:                 u_counter_10000/u_counter/r_count_reg[2]/C
                            (rising edge-triggered cell FDCE clocked by sys_clk_pin  {rise@0.000ns fall@5.000ns period=10.000ns})
  Destination:            u_counter_10000/u_counter/r_count_reg[12]/D
                            (rising edge-triggered cell FDCE clocked by sys_clk_pin  {rise@0.000ns fall@5.000ns period=10.000ns})
  Path Group:             sys_clk_pin
  Path Type:              Setup (Max at Slow Process Corner)
  Requirement:            10.000ns  (sys_clk_pin rise@10.000ns - sys_clk_pin rise@0.000ns)
  Data Path Delay:        4.927ns  (logic 0.828ns (16.805%)  route 4.099ns (83.195%))
  Logic Levels:           3  (LUT5=1 LUT6=2)
  Clock Path Skew:        -0.027ns (DCD - SCD + CPR)
    Destination Clock Delay (DCD):    4.850ns = ( 14.850 - 10.000 ) 
    Source Clock Delay      (SCD):    5.151ns
    Clock Pessimism Removal (CPR):    0.274ns
  Clock Uncertainty:      0.035ns  ((TSJ^2 + TIJ^2)^1/2 + DJ) / 2 + PE
    Total System Jitter     (TSJ):    0.071ns
    Total Input Jitter      (TIJ):    0.000ns
    Discrete Jitter          (DJ):    0.000ns
    Phase Error              (PE):    0.000ns

    Location             Delay type                Incr(ns)  Path(ns)    Netlist Resource(s)
  -------------------------------------------------------------------    -------------------
                         (clock sys_clk_pin rise edge)
                                                      0.000     0.000 r  
    W5                                                0.000     0.000 r  clk (IN)
                         net (fo=0)                   0.000     0.000    clk
    W5                   IBUF (Prop_ibuf_I_O)         1.458     1.458 r  clk_IBUF_inst/O
                         net (fo=1, routed)           1.967     3.425    clk_IBUF
    BUFGCTRL_X0Y0        BUFG (Prop_bufg_I_O)         0.096     3.521 r  clk_IBUF_BUFG_inst/O
                         net (fo=56, routed)          1.630     5.151    u_counter_10000/u_counter/clk_IBUF_BUFG
    SLICE_X62Y16         FDCE                                         r  u_counter_10000/u_counter/r_count_reg[2]/C
  -------------------------------------------------------------------    -------------------
    SLICE_X62Y16         FDCE (Prop_fdce_C_Q)         0.456     5.607 f  u_counter_10000/u_counter/r_count_reg[2]/Q
                         net (fo=24, routed)          2.650     8.257    u_counter_10000/u_counter/Q[2]
    SLICE_X58Y20         LUT6 (Prop_lut6_I3_O)        0.124     8.381 r  u_counter_10000/u_counter/r_count[13]_i_8/O
                         net (fo=1, routed)           0.500     8.881    u_counter_10000/u_counter/r_count[13]_i_8_n_0
    SLICE_X59Y20         LUT6 (Prop_lut6_I0_O)        0.124     9.005 r  u_counter_10000/u_counter/r_count[13]_i_3/O
                         net (fo=14, routed)          0.949     9.954    u_counter_10000/u_counter/r_count[13]_i_3_n_0
    SLICE_X62Y18         LUT5 (Prop_lut5_I2_O)        0.124    10.078 r  u_counter_10000/u_counter/r_count[12]_i_1/O
                         net (fo=1, routed)           0.000    10.078    u_counter_10000/u_counter/p_0_in[12]
    SLICE_X62Y18         FDCE                                         r  u_counter_10000/u_counter/r_count_reg[12]/D
  -------------------------------------------------------------------    -------------------

                         (clock sys_clk_pin rise edge)
                                                     10.000    10.000 r  
    W5                                                0.000    10.000 r  clk (IN)
                         net (fo=0)                   0.000    10.000    clk
    W5                   IBUF (Prop_ibuf_I_O)         1.388    11.388 r  clk_IBUF_inst/O
                         net (fo=1, routed)           1.862    13.250    clk_IBUF
    BUFGCTRL_X0Y0        BUFG (Prop_bufg_I_O)         0.091    13.341 r  clk_IBUF_BUFG_inst/O
                         net (fo=56, routed)          1.509    14.850    u_counter_10000/u_counter/clk_IBUF_BUFG
    SLICE_X62Y18         FDCE                                         r  u_counter_10000/u_counter/r_count_reg[12]/C
                         clock pessimism              0.274    15.124    
                         clock uncertainty           -0.035    15.089    
    SLICE_X62Y18         FDCE (Setup_fdce_C_D)        0.031    15.120    u_counter_10000/u_counter/r_count_reg[12]
  -------------------------------------------------------------------
                         required time                         15.120    
                         arrival time                         -10.078    
  -------------------------------------------------------------------
                         slack                                  5.041    

Slack (MET) :             5.044ns  (required time - arrival time)
  Source:                 u_counter_10000/u_counter/r_count_reg[2]/C
                            (rising edge-triggered cell FDCE clocked by sys_clk_pin  {rise@0.000ns fall@5.000ns period=10.000ns})
  Destination:            u_counter_10000/u_counter/r_count_reg[4]/D
                            (rising edge-triggered cell FDCE clocked by sys_clk_pin  {rise@0.000ns fall@5.000ns period=10.000ns})
  Path Group:             sys_clk_pin
  Path Type:              Setup (Max at Slow Process Corner)
  Requirement:            10.000ns  (sys_clk_pin rise@10.000ns - sys_clk_pin rise@0.000ns)
  Data Path Delay:        4.952ns  (logic 0.828ns (16.722%)  route 4.124ns (83.278%))
  Logic Levels:           3  (LUT5=1 LUT6=2)
  Clock Path Skew:        0.000ns (DCD - SCD + CPR)
    Destination Clock Delay (DCD):    4.853ns = ( 14.853 - 10.000 ) 
    Source Clock Delay      (SCD):    5.151ns
    Clock Pessimism Removal (CPR):    0.298ns
  Clock Uncertainty:      0.035ns  ((TSJ^2 + TIJ^2)^1/2 + DJ) / 2 + PE
    Total System Jitter     (TSJ):    0.071ns
    Total Input Jitter      (TIJ):    0.000ns
    Discrete Jitter          (DJ):    0.000ns
    Phase Error              (PE):    0.000ns

    Location             Delay type                Incr(ns)  Path(ns)    Netlist Resource(s)
  -------------------------------------------------------------------    -------------------
                         (clock sys_clk_pin rise edge)
                                                      0.000     0.000 r  
    W5                                                0.000     0.000 r  clk (IN)
                         net (fo=0)                   0.000     0.000    clk
    W5                   IBUF (Prop_ibuf_I_O)         1.458     1.458 r  clk_IBUF_inst/O
                         net (fo=1, routed)           1.967     3.425    clk_IBUF
    BUFGCTRL_X0Y0        BUFG (Prop_bufg_I_O)         0.096     3.521 r  clk_IBUF_BUFG_inst/O
                         net (fo=56, routed)          1.630     5.151    u_counter_10000/u_counter/clk_IBUF_BUFG
    SLICE_X62Y16         FDCE                                         r  u_counter_10000/u_counter/r_count_reg[2]/C
  -------------------------------------------------------------------    -------------------
    SLICE_X62Y16         FDCE (Prop_fdce_C_Q)         0.456     5.607 f  u_counter_10000/u_counter/r_count_reg[2]/Q
                         net (fo=24, routed)          2.650     8.257    u_counter_10000/u_counter/Q[2]
    SLICE_X58Y20         LUT6 (Prop_lut6_I3_O)        0.124     8.381 r  u_counter_10000/u_counter/r_count[13]_i_8/O
                         net (fo=1, routed)           0.500     8.881    u_counter_10000/u_counter/r_count[13]_i_8_n_0
    SLICE_X59Y20         LUT6 (Prop_lut6_I0_O)        0.124     9.005 r  u_counter_10000/u_counter/r_count[13]_i_3/O
                         net (fo=14, routed)          0.974     9.979    u_counter_10000/u_counter/r_count[13]_i_3_n_0
    SLICE_X62Y16         LUT5 (Prop_lut5_I2_O)        0.124    10.103 r  u_counter_10000/u_counter/r_count[4]_i_1/O
                         net (fo=1, routed)           0.000    10.103    u_counter_10000/u_counter/p_0_in[4]
    SLICE_X62Y16         FDCE                                         r  u_counter_10000/u_counter/r_count_reg[4]/D
  -------------------------------------------------------------------    -------------------

                         (clock sys_clk_pin rise edge)
                                                     10.000    10.000 r  
    W5                                                0.000    10.000 r  clk (IN)
                         net (fo=0)                   0.000    10.000    clk
    W5                   IBUF (Prop_ibuf_I_O)         1.388    11.388 r  clk_IBUF_inst/O
                         net (fo=1, routed)           1.862    13.250    clk_IBUF
    BUFGCTRL_X0Y0        BUFG (Prop_bufg_I_O)         0.091    13.341 r  clk_IBUF_BUFG_inst/O
                         net (fo=56, routed)          1.512    14.853    u_counter_10000/u_counter/clk_IBUF_BUFG
    SLICE_X62Y16         FDCE                                         r  u_counter_10000/u_counter/r_count_reg[4]/C
                         clock pessimism              0.298    15.151    
                         clock uncertainty           -0.035    15.116    
    SLICE_X62Y16         FDCE (Setup_fdce_C_D)        0.031    15.147    u_counter_10000/u_counter/r_count_reg[4]
  -------------------------------------------------------------------
                         required time                         15.147    
                         arrival time                         -10.103    
  -------------------------------------------------------------------
                         slack                                  5.044    

Slack (MET) :             5.190ns  (required time - arrival time)
  Source:                 u_counter_10000/u_counter/r_count_reg[2]/C
                            (rising edge-triggered cell FDCE clocked by sys_clk_pin  {rise@0.000ns fall@5.000ns period=10.000ns})
  Destination:            u_counter_10000/u_counter/r_count_reg[3]/D
                            (rising edge-triggered cell FDCE clocked by sys_clk_pin  {rise@0.000ns fall@5.000ns period=10.000ns})
  Path Group:             sys_clk_pin
  Path Type:              Setup (Max at Slow Process Corner)
  Requirement:            10.000ns  (sys_clk_pin rise@10.000ns - sys_clk_pin rise@0.000ns)
  Data Path Delay:        4.805ns  (logic 0.828ns (17.232%)  route 3.977ns (82.768%))
  Logic Levels:           3  (LUT5=1 LUT6=2)
  Clock Path Skew:        0.000ns (DCD - SCD + CPR)
    Destination Clock Delay (DCD):    4.853ns = ( 14.853 - 10.000 ) 
    Source Clock Delay      (SCD):    5.151ns
    Clock Pessimism Removal (CPR):    0.298ns
  Clock Uncertainty:      0.035ns  ((TSJ^2 + TIJ^2)^1/2 + DJ) / 2 + PE
    Total System Jitter     (TSJ):    0.071ns
    Total Input Jitter      (TIJ):    0.000ns
    Discrete Jitter          (DJ):    0.000ns
    Phase Error              (PE):    0.000ns

    Location             Delay type                Incr(ns)  Path(ns)    Netlist Resource(s)
  -------------------------------------------------------------------    -------------------
                         (clock sys_clk_pin rise edge)
                                                      0.000     0.000 r  
    W5                                                0.000     0.000 r  clk (IN)
                         net (fo=0)                   0.000     0.000    clk
    W5                   IBUF (Prop_ibuf_I_O)         1.458     1.458 r  clk_IBUF_inst/O
                         net (fo=1, routed)           1.967     3.425    clk_IBUF
    BUFGCTRL_X0Y0        BUFG (Prop_bufg_I_O)         0.096     3.521 r  clk_IBUF_BUFG_inst/O
                         net (fo=56, routed)          1.630     5.151    u_counter_10000/u_counter/clk_IBUF_BUFG
    SLICE_X62Y16         FDCE                                         r  u_counter_10000/u_counter/r_count_reg[2]/C
  -------------------------------------------------------------------    -------------------
    SLICE_X62Y16         FDCE (Prop_fdce_C_Q)         0.456     5.607 f  u_counter_10000/u_counter/r_count_reg[2]/Q
                         net (fo=24, routed)          2.650     8.257    u_counter_10000/u_counter/Q[2]
    SLICE_X58Y20         LUT6 (Prop_lut6_I3_O)        0.124     8.381 r  u_counter_10000/u_counter/r_count[13]_i_8/O
                         net (fo=1, routed)           0.500     8.881    u_counter_10000/u_counter/r_count[13]_i_8_n_0
    SLICE_X59Y20         LUT6 (Prop_lut6_I0_O)        0.124     9.005 r  u_counter_10000/u_counter/r_count[13]_i_3/O
                         net (fo=14, routed)          0.827     9.832    u_counter_10000/u_counter/r_count[13]_i_3_n_0
    SLICE_X62Y16         LUT5 (Prop_lut5_I2_O)        0.124     9.956 r  u_counter_10000/u_counter/r_count[3]_i_1/O
                         net (fo=1, routed)           0.000     9.956    u_counter_10000/u_counter/p_0_in[3]
    SLICE_X62Y16         FDCE                                         r  u_counter_10000/u_counter/r_count_reg[3]/D
  -------------------------------------------------------------------    -------------------

                         (clock sys_clk_pin rise edge)
                                                     10.000    10.000 r  
    W5                                                0.000    10.000 r  clk (IN)
                         net (fo=0)                   0.000    10.000    clk
    W5                   IBUF (Prop_ibuf_I_O)         1.388    11.388 r  clk_IBUF_inst/O
                         net (fo=1, routed)           1.862    13.250    clk_IBUF
    BUFGCTRL_X0Y0        BUFG (Prop_bufg_I_O)         0.091    13.341 r  clk_IBUF_BUFG_inst/O
                         net (fo=56, routed)          1.512    14.853    u_counter_10000/u_counter/clk_IBUF_BUFG
    SLICE_X62Y16         FDCE                                         r  u_counter_10000/u_counter/r_count_reg[3]/C
                         clock pessimism              0.298    15.151    
                         clock uncertainty           -0.035    15.116    
    SLICE_X62Y16         FDCE (Setup_fdce_C_D)        0.031    15.147    u_counter_10000/u_counter/r_count_reg[3]
  -------------------------------------------------------------------
                         required time                         15.147    
                         arrival time                          -9.956    
  -------------------------------------------------------------------
                         slack                                  5.190    

Slack (MET) :             5.224ns  (required time - arrival time)
  Source:                 u_counter_10000/u_counter/r_count_reg[2]/C
                            (rising edge-triggered cell FDCE clocked by sys_clk_pin  {rise@0.000ns fall@5.000ns period=10.000ns})
  Destination:            u_counter_10000/u_counter/r_count_reg[13]/D
                            (rising edge-triggered cell FDCE clocked by sys_clk_pin  {rise@0.000ns fall@5.000ns period=10.000ns})
  Path Group:             sys_clk_pin
  Path Type:              Setup (Max at Slow Process Corner)
  Requirement:            10.000ns  (sys_clk_pin rise@10.000ns - sys_clk_pin rise@0.000ns)
  Data Path Delay:        4.742ns  (logic 0.828ns (17.463%)  route 3.914ns (82.537%))
  Logic Levels:           3  (LUT5=1 LUT6=2)
  Clock Path Skew:        -0.028ns (DCD - SCD + CPR)
    Destination Clock Delay (DCD):    4.849ns = ( 14.849 - 10.000 ) 
    Source Clock Delay      (SCD):    5.151ns
    Clock Pessimism Removal (CPR):    0.274ns
  Clock Uncertainty:      0.035ns  ((TSJ^2 + TIJ^2)^1/2 + DJ) / 2 + PE
    Total System Jitter     (TSJ):    0.071ns
    Total Input Jitter      (TIJ):    0.000ns
    Discrete Jitter          (DJ):    0.000ns
    Phase Error              (PE):    0.000ns

    Location             Delay type                Incr(ns)  Path(ns)    Netlist Resource(s)
  -------------------------------------------------------------------    -------------------
                         (clock sys_clk_pin rise edge)
                                                      0.000     0.000 r  
    W5                                                0.000     0.000 r  clk (IN)
                         net (fo=0)                   0.000     0.000    clk
    W5                   IBUF (Prop_ibuf_I_O)         1.458     1.458 r  clk_IBUF_inst/O
                         net (fo=1, routed)           1.967     3.425    clk_IBUF
    BUFGCTRL_X0Y0        BUFG (Prop_bufg_I_O)         0.096     3.521 r  clk_IBUF_BUFG_inst/O
                         net (fo=56, routed)          1.630     5.151    u_counter_10000/u_counter/clk_IBUF_BUFG
    SLICE_X62Y16         FDCE                                         r  u_counter_10000/u_counter/r_count_reg[2]/C
  -------------------------------------------------------------------    -------------------
    SLICE_X62Y16         FDCE (Prop_fdce_C_Q)         0.456     5.607 f  u_counter_10000/u_counter/r_count_reg[2]/Q
                         net (fo=24, routed)          2.650     8.257    u_counter_10000/u_counter/Q[2]
    SLICE_X58Y20         LUT6 (Prop_lut6_I3_O)        0.124     8.381 r  u_counter_10000/u_counter/r_count[13]_i_8/O
                         net (fo=1, routed)           0.500     8.881    u_counter_10000/u_counter/r_count[13]_i_8_n_0
    SLICE_X59Y20         LUT6 (Prop_lut6_I0_O)        0.124     9.005 r  u_counter_10000/u_counter/r_count[13]_i_3/O
                         net (fo=14, routed)          0.764     9.769    u_counter_10000/u_counter/r_count[13]_i_3_n_0
    SLICE_X62Y19         LUT5 (Prop_lut5_I2_O)        0.124     9.893 r  u_counter_10000/u_counter/r_count[13]_i_1/O
                         net (fo=1, routed)           0.000     9.893    u_counter_10000/u_counter/p_0_in[13]
    SLICE_X62Y19         FDCE                                         r  u_counter_10000/u_counter/r_count_reg[13]/D
  -------------------------------------------------------------------    -------------------

                         (clock sys_clk_pin rise edge)
                                                     10.000    10.000 r  
    W5                                                0.000    10.000 r  clk (IN)
                         net (fo=0)                   0.000    10.000    clk
    W5                   IBUF (Prop_ibuf_I_O)         1.388    11.388 r  clk_IBUF_inst/O
                         net (fo=1, routed)           1.862    13.250    clk_IBUF
    BUFGCTRL_X0Y0        BUFG (Prop_bufg_I_O)         0.091    13.341 r  clk_IBUF_BUFG_inst/O
                         net (fo=56, routed)          1.508    14.849    u_counter_10000/u_counter/clk_IBUF_BUFG
    SLICE_X62Y19         FDCE                                         r  u_counter_10000/u_counter/r_count_reg[13]/C
                         clock pessimism              0.274    15.123    
                         clock uncertainty           -0.035    15.088    
    SLICE_X62Y19         FDCE (Setup_fdce_C_D)        0.029    15.117    u_counter_10000/u_counter/r_count_reg[13]
  -------------------------------------------------------------------
                         required time                         15.117    
                         arrival time                          -9.893    
  -------------------------------------------------------------------
                         slack                                  5.224    





Min Delay Paths
--------------------------------------------------------------------------------------
Slack (MET) :             0.274ns  (arrival time - required time)
  Source:                 u_fnd_controller/u_clk_div/div_counter_reg[0]/C
                            (rising edge-triggered cell FDCE clocked by sys_clk_pin  {rise@0.000ns fall@5.000ns period=10.000ns})
  Destination:            u_fnd_controller/u_clk_div/div_counter_reg[0]/D
                            (rising edge-triggered cell FDCE clocked by sys_clk_pin  {rise@0.000ns fall@5.000ns period=10.000ns})
  Path Group:             sys_clk_pin
  Path Type:              Hold (Min at Fast Process Corner)
  Requirement:            0.000ns  (sys_clk_pin rise@0.000ns - sys_clk_pin rise@0.000ns)
  Data Path Delay:        0.365ns  (logic 0.186ns (50.931%)  route 0.179ns (49.069%))
  Logic Levels:           1  (LUT1=1)
  Clock Path Skew:        0.000ns (DCD - SCD - CPR)
    Destination Clock Delay (DCD):    1.960ns
    Source Clock Delay      (SCD):    1.448ns
    Clock Pessimism Removal (CPR):    0.512ns

    Location             Delay type                Incr(ns)  Path(ns)    Netlist Resource(s)
  -------------------------------------------------------------------    -------------------
                         (clock sys_clk_pin rise edge)
                                                      0.000     0.000 r  
    W5                                                0.000     0.000 r  clk (IN)
                         net (fo=0)                   0.000     0.000    clk
    W5                   IBUF (Prop_ibuf_I_O)         0.226     0.226 r  clk_IBUF_inst/O
                         net (fo=1, routed)           0.631     0.858    clk_IBUF
    BUFGCTRL_X0Y0        BUFG (Prop_bufg_I_O)         0.026     0.884 r  clk_IBUF_BUFG_inst/O
                         net (fo=56, routed)          0.565     1.448    u_fnd_controller/u_clk_div/clk_IBUF_BUFG
    SLICE_X57Y12         FDCE                                         r  u_fnd_controller/u_clk_div/div_counter_reg[0]/C
  -------------------------------------------------------------------    -------------------
    SLICE_X57Y12         FDCE (Prop_fdce_C_Q)         0.141     1.589 f  u_fnd_controller/u_clk_div/div_counter_reg[0]/Q
                         net (fo=3, routed)           0.179     1.768    u_fnd_controller/u_clk_div/div_counter_reg_n_0_[0]
    SLICE_X57Y12         LUT1 (Prop_lut1_I0_O)        0.045     1.813 r  u_fnd_controller/u_clk_div/div_counter[0]_i_1/O
                         net (fo=1, routed)           0.000     1.813    u_fnd_controller/u_clk_div/div_counter[0]
    SLICE_X57Y12         FDCE                                         r  u_fnd_controller/u_clk_div/div_counter_reg[0]/D
  -------------------------------------------------------------------    -------------------

                         (clock sys_clk_pin rise edge)
                                                      0.000     0.000 r  
    W5                                                0.000     0.000 r  clk (IN)
                         net (fo=0)                   0.000     0.000    clk
    W5                   IBUF (Prop_ibuf_I_O)         0.414     0.414 r  clk_IBUF_inst/O
                         net (fo=1, routed)           0.685     1.099    clk_IBUF
    BUFGCTRL_X0Y0        BUFG (Prop_bufg_I_O)         0.029     1.128 r  clk_IBUF_BUFG_inst/O
                         net (fo=56, routed)          0.833     1.960    u_fnd_controller/u_clk_div/clk_IBUF_BUFG
    SLICE_X57Y12         FDCE                                         r  u_fnd_controller/u_clk_div/div_counter_reg[0]/C
                         clock pessimism             -0.512     1.448    
    SLICE_X57Y12         FDCE (Hold_fdce_C_D)         0.091     1.539    u_fnd_controller/u_clk_div/div_counter_reg[0]
  -------------------------------------------------------------------
                         required time                         -1.539    
                         arrival time                           1.813    
  -------------------------------------------------------------------
                         slack                                  0.274    

Slack (MET) :             0.288ns  (arrival time - required time)
  Source:                 u_counter_10000/u_counter/r_count_reg[0]/C
                            (rising edge-triggered cell FDCE clocked by sys_clk_pin  {rise@0.000ns fall@5.000ns period=10.000ns})
  Destination:            u_counter_10000/u_counter/r_count_reg[0]/D
                            (rising edge-triggered cell FDCE clocked by sys_clk_pin  {rise@0.000ns fall@5.000ns period=10.000ns})
  Path Group:             sys_clk_pin
  Path Type:              Hold (Min at Fast Process Corner)
  Requirement:            0.000ns  (sys_clk_pin rise@0.000ns - sys_clk_pin rise@0.000ns)
  Data Path Delay:        0.379ns  (logic 0.186ns (49.116%)  route 0.193ns (50.884%))
  Logic Levels:           1  (LUT4=1)
  Clock Path Skew:        0.000ns (DCD - SCD - CPR)
    Destination Clock Delay (DCD):    1.983ns
    Source Clock Delay      (SCD):    1.471ns
    Clock Pessimism Removal (CPR):    0.512ns

    Location             Delay type                Incr(ns)  Path(ns)    Netlist Resource(s)
  -------------------------------------------------------------------    -------------------
                         (clock sys_clk_pin rise edge)
                                                      0.000     0.000 r  
    W5                                                0.000     0.000 r  clk (IN)
                         net (fo=0)                   0.000     0.000    clk
    W5                   IBUF (Prop_ibuf_I_O)         0.226     0.226 r  clk_IBUF_inst/O
                         net (fo=1, routed)           0.631     0.858    clk_IBUF
    BUFGCTRL_X0Y0        BUFG (Prop_bufg_I_O)         0.026     0.884 r  clk_IBUF_BUFG_inst/O
                         net (fo=56, routed)          0.588     1.471    u_counter_10000/u_counter/clk_IBUF_BUFG
    SLICE_X59Y17         FDCE                                         r  u_counter_10000/u_counter/r_count_reg[0]/C
  -------------------------------------------------------------------    -------------------
    SLICE_X59Y17         FDCE (Prop_fdce_C_Q)         0.141     1.612 f  u_counter_10000/u_counter/r_count_reg[0]/Q
                         net (fo=16, routed)          0.193     1.805    u_counter_10000/u_counter/Q[0]
    SLICE_X59Y17         LUT4 (Prop_lut4_I2_O)        0.045     1.850 r  u_counter_10000/u_counter/r_count[0]_i_1/O
                         net (fo=1, routed)           0.000     1.850    u_counter_10000/u_counter/p_0_in[0]
    SLICE_X59Y17         FDCE                                         r  u_counter_10000/u_counter/r_count_reg[0]/D
  -------------------------------------------------------------------    -------------------

                         (clock sys_clk_pin rise edge)
                                                      0.000     0.000 r  
    W5                                                0.000     0.000 r  clk (IN)
                         net (fo=0)                   0.000     0.000    clk
    W5                   IBUF (Prop_ibuf_I_O)         0.414     0.414 r  clk_IBUF_inst/O
                         net (fo=1, routed)           0.685     1.099    clk_IBUF
    BUFGCTRL_X0Y0        BUFG (Prop_bufg_I_O)         0.029     1.128 r  clk_IBUF_BUFG_inst/O
                         net (fo=56, routed)          0.856     1.983    u_counter_10000/u_counter/clk_IBUF_BUFG
    SLICE_X59Y17         FDCE                                         r  u_counter_10000/u_counter/r_count_reg[0]/C
                         clock pessimism             -0.512     1.471    
    SLICE_X59Y17         FDCE (Hold_fdce_C_D)         0.091     1.562    u_counter_10000/u_counter/r_count_reg[0]
  -------------------------------------------------------------------
                         required time                         -1.562    
                         arrival time                           1.850    
  -------------------------------------------------------------------
                         slack                                  0.288    

Slack (MET) :             0.339ns  (arrival time - required time)
  Source:                 u_counter_10000/u_clk_div/div_counter_reg[0]/C
                            (rising edge-triggered cell FDCE clocked by sys_clk_pin  {rise@0.000ns fall@5.000ns period=10.000ns})
  Destination:            u_counter_10000/u_clk_div/div_counter_reg[0]/D
                            (rising edge-triggered cell FDCE clocked by sys_clk_pin  {rise@0.000ns fall@5.000ns period=10.000ns})
  Path Group:             sys_clk_pin
  Path Type:              Hold (Min at Fast Process Corner)
  Requirement:            0.000ns  (sys_clk_pin rise@0.000ns - sys_clk_pin rise@0.000ns)
  Data Path Delay:        0.431ns  (logic 0.186ns (43.181%)  route 0.245ns (56.819%))
  Logic Levels:           1  (LUT1=1)
  Clock Path Skew:        0.000ns (DCD - SCD - CPR)
    Destination Clock Delay (DCD):    1.991ns
    Source Clock Delay      (SCD):    1.476ns
    Clock Pessimism Removal (CPR):    0.515ns

    Location             Delay type                Incr(ns)  Path(ns)    Netlist Resource(s)
  -------------------------------------------------------------------    -------------------
                         (clock sys_clk_pin rise edge)
                                                      0.000     0.000 r  
    W5                                                0.000     0.000 r  clk (IN)
                         net (fo=0)                   0.000     0.000    clk
    W5                   IBUF (Prop_ibuf_I_O)         0.226     0.226 r  clk_IBUF_inst/O
                         net (fo=1, routed)           0.631     0.858    clk_IBUF
    BUFGCTRL_X0Y0        BUFG (Prop_bufg_I_O)         0.026     0.884 r  clk_IBUF_BUFG_inst/O
                         net (fo=56, routed)          0.593     1.476    u_counter_10000/u_clk_div/clk_IBUF_BUFG
    SLICE_X65Y10         FDCE                                         r  u_counter_10000/u_clk_div/div_counter_reg[0]/C
  -------------------------------------------------------------------    -------------------
    SLICE_X65Y10         FDCE (Prop_fdce_C_Q)         0.141     1.617 f  u_counter_10000/u_clk_div/div_counter_reg[0]/Q
                         net (fo=3, routed)           0.245     1.862    u_counter_10000/u_clk_div/div_counter[0]
    SLICE_X65Y10         LUT1 (Prop_lut1_I0_O)        0.045     1.907 r  u_counter_10000/u_clk_div/div_counter[0]_i_1__0/O
                         net (fo=1, routed)           0.000     1.907    u_counter_10000/u_clk_div/div_counter_0[0]
    SLICE_X65Y10         FDCE                                         r  u_counter_10000/u_clk_div/div_counter_reg[0]/D
  -------------------------------------------------------------------    -------------------

                         (clock sys_clk_pin rise edge)
                                                      0.000     0.000 r  
    W5                                                0.000     0.000 r  clk (IN)
                         net (fo=0)                   0.000     0.000    clk
    W5                   IBUF (Prop_ibuf_I_O)         0.414     0.414 r  clk_IBUF_inst/O
                         net (fo=1, routed)           0.685     1.099    clk_IBUF
    BUFGCTRL_X0Y0        BUFG (Prop_bufg_I_O)         0.029     1.128 r  clk_IBUF_BUFG_inst/O
                         net (fo=56, routed)          0.864     1.991    u_counter_10000/u_clk_div/clk_IBUF_BUFG
    SLICE_X65Y10         FDCE                                         r  u_counter_10000/u_clk_div/div_counter_reg[0]/C
                         clock pessimism             -0.515     1.476    
    SLICE_X65Y10         FDCE (Hold_fdce_C_D)         0.092     1.568    u_counter_10000/u_clk_div/div_counter_reg[0]
  -------------------------------------------------------------------
                         required time                         -1.568    
                         arrival time                           1.907    
  -------------------------------------------------------------------
                         slack                                  0.339    

Slack (MET) :             0.357ns  (arrival time - required time)
  Source:                 u_counter_10000/u_clk_div/tick_reg/C
                            (rising edge-triggered cell FDCE clocked by sys_clk_pin  {rise@0.000ns fall@5.000ns period=10.000ns})
  Destination:            u_counter_10000/u_counter/r_count_reg[2]/CE
                            (rising edge-triggered cell FDCE clocked by sys_clk_pin  {rise@0.000ns fall@5.000ns period=10.000ns})
  Path Group:             sys_clk_pin
  Path Type:              Hold (Min at Fast Process Corner)
  Requirement:            0.000ns  (sys_clk_pin rise@0.000ns - sys_clk_pin rise@0.000ns)
  Data Path Delay:        0.331ns  (logic 0.141ns (42.595%)  route 0.190ns (57.405%))
  Logic Levels:           0  
  Clock Path Skew:        0.013ns (DCD - SCD - CPR)
    Destination Clock Delay (DCD):    1.986ns
    Source Clock Delay      (SCD):    1.473ns
    Clock Pessimism Removal (CPR):    0.500ns

    Location             Delay type                Incr(ns)  Path(ns)    Netlist Resource(s)
  -------------------------------------------------------------------    -------------------
                         (clock sys_clk_pin rise edge)
                                                      0.000     0.000 r  
    W5                                                0.000     0.000 r  clk (IN)
                         net (fo=0)                   0.000     0.000    clk
    W5                   IBUF (Prop_ibuf_I_O)         0.226     0.226 r  clk_IBUF_inst/O
                         net (fo=1, routed)           0.631     0.858    clk_IBUF
    BUFGCTRL_X0Y0        BUFG (Prop_bufg_I_O)         0.026     0.884 r  clk_IBUF_BUFG_inst/O
                         net (fo=56, routed)          0.590     1.473    u_counter_10000/u_clk_div/clk_IBUF_BUFG
    SLICE_X63Y16         FDCE                                         r  u_counter_10000/u_clk_div/tick_reg/C
  -------------------------------------------------------------------    -------------------
    SLICE_X63Y16         FDCE (Prop_fdce_C_Q)         0.141     1.614 r  u_counter_10000/u_clk_div/tick_reg/Q
                         net (fo=14, routed)          0.190     1.804    u_counter_10000/u_counter/E[0]
    SLICE_X62Y16         FDCE                                         r  u_counter_10000/u_counter/r_count_reg[2]/CE
  -------------------------------------------------------------------    -------------------

                         (clock sys_clk_pin rise edge)
                                                      0.000     0.000 r  
    W5                                                0.000     0.000 r  clk (IN)
                         net (fo=0)                   0.000     0.000    clk
    W5                   IBUF (Prop_ibuf_I_O)         0.414     0.414 r  clk_IBUF_inst/O
                         net (fo=1, routed)           0.685     1.099    clk_IBUF
    BUFGCTRL_X0Y0        BUFG (Prop_bufg_I_O)         0.029     1.128 r  clk_IBUF_BUFG_inst/O
                         net (fo=56, routed)          0.859     1.986    u_counter_10000/u_counter/clk_IBUF_BUFG
    SLICE_X62Y16         FDCE                                         r  u_counter_10000/u_counter/r_count_reg[2]/C
                         clock pessimism             -0.500     1.486    
    SLICE_X62Y16         FDCE (Hold_fdce_C_CE)       -0.039     1.447    u_counter_10000/u_counter/r_count_reg[2]
  -------------------------------------------------------------------
                         required time                         -1.447    
                         arrival time                           1.804    
  -------------------------------------------------------------------
                         slack                                  0.357    

Slack (MET) :             0.357ns  (arrival time - required time)
  Source:                 u_counter_10000/u_clk_div/tick_reg/C
                            (rising edge-triggered cell FDCE clocked by sys_clk_pin  {rise@0.000ns fall@5.000ns period=10.000ns})
  Destination:            u_counter_10000/u_counter/r_count_reg[3]/CE
                            (rising edge-triggered cell FDCE clocked by sys_clk_pin  {rise@0.000ns fall@5.000ns period=10.000ns})
  Path Group:             sys_clk_pin
  Path Type:              Hold (Min at Fast Process Corner)
  Requirement:            0.000ns  (sys_clk_pin rise@0.000ns - sys_clk_pin rise@0.000ns)
  Data Path Delay:        0.331ns  (logic 0.141ns (42.595%)  route 0.190ns (57.405%))
  Logic Levels:           0  
  Clock Path Skew:        0.013ns (DCD - SCD - CPR)
    Destination Clock Delay (DCD):    1.986ns
    Source Clock Delay      (SCD):    1.473ns
    Clock Pessimism Removal (CPR):    0.500ns

    Location             Delay type                Incr(ns)  Path(ns)    Netlist Resource(s)
  -------------------------------------------------------------------    -------------------
                         (clock sys_clk_pin rise edge)
                                                      0.000     0.000 r  
    W5                                                0.000     0.000 r  clk (IN)
                         net (fo=0)                   0.000     0.000    clk
    W5                   IBUF (Prop_ibuf_I_O)         0.226     0.226 r  clk_IBUF_inst/O
                         net (fo=1, routed)           0.631     0.858    clk_IBUF
    BUFGCTRL_X0Y0        BUFG (Prop_bufg_I_O)         0.026     0.884 r  clk_IBUF_BUFG_inst/O
                         net (fo=56, routed)          0.590     1.473    u_counter_10000/u_clk_div/clk_IBUF_BUFG
    SLICE_X63Y16         FDCE                                         r  u_counter_10000/u_clk_div/tick_reg/C
  -------------------------------------------------------------------    -------------------
    SLICE_X63Y16         FDCE (Prop_fdce_C_Q)         0.141     1.614 r  u_counter_10000/u_clk_div/tick_reg/Q
                         net (fo=14, routed)          0.190     1.804    u_counter_10000/u_counter/E[0]
    SLICE_X62Y16         FDCE                                         r  u_counter_10000/u_counter/r_count_reg[3]/CE
  -------------------------------------------------------------------    -------------------

                         (clock sys_clk_pin rise edge)
                                                      0.000     0.000 r  
    W5                                                0.000     0.000 r  clk (IN)
                         net (fo=0)                   0.000     0.000    clk
    W5                   IBUF (Prop_ibuf_I_O)         0.414     0.414 r  clk_IBUF_inst/O
                         net (fo=1, routed)           0.685     1.099    clk_IBUF
    BUFGCTRL_X0Y0        BUFG (Prop_bufg_I_O)         0.029     1.128 r  clk_IBUF_BUFG_inst/O
                         net (fo=56, routed)          0.859     1.986    u_counter_10000/u_counter/clk_IBUF_BUFG
    SLICE_X62Y16         FDCE                                         r  u_counter_10000/u_counter/r_count_reg[3]/C
                         clock pessimism             -0.500     1.486    
    SLICE_X62Y16         FDCE (Hold_fdce_C_CE)       -0.039     1.447    u_counter_10000/u_counter/r_count_reg[3]
  -------------------------------------------------------------------
                         required time                         -1.447    
                         arrival time                           1.804    
  -------------------------------------------------------------------
                         slack                                  0.357    

Slack (MET) :             0.357ns  (arrival time - required time)
  Source:                 u_counter_10000/u_clk_div/tick_reg/C
                            (rising edge-triggered cell FDCE clocked by sys_clk_pin  {rise@0.000ns fall@5.000ns period=10.000ns})
  Destination:            u_counter_10000/u_counter/r_count_reg[4]/CE
                            (rising edge-triggered cell FDCE clocked by sys_clk_pin  {rise@0.000ns fall@5.000ns period=10.000ns})
  Path Group:             sys_clk_pin
  Path Type:              Hold (Min at Fast Process Corner)
  Requirement:            0.000ns  (sys_clk_pin rise@0.000ns - sys_clk_pin rise@0.000ns)
  Data Path Delay:        0.331ns  (logic 0.141ns (42.595%)  route 0.190ns (57.405%))
  Logic Levels:           0  
  Clock Path Skew:        0.013ns (DCD - SCD - CPR)
    Destination Clock Delay (DCD):    1.986ns
    Source Clock Delay      (SCD):    1.473ns
    Clock Pessimism Removal (CPR):    0.500ns

    Location             Delay type                Incr(ns)  Path(ns)    Netlist Resource(s)
  -------------------------------------------------------------------    -------------------
                         (clock sys_clk_pin rise edge)
                                                      0.000     0.000 r  
    W5                                                0.000     0.000 r  clk (IN)
                         net (fo=0)                   0.000     0.000    clk
    W5                   IBUF (Prop_ibuf_I_O)         0.226     0.226 r  clk_IBUF_inst/O
                         net (fo=1, routed)           0.631     0.858    clk_IBUF
    BUFGCTRL_X0Y0        BUFG (Prop_bufg_I_O)         0.026     0.884 r  clk_IBUF_BUFG_inst/O
                         net (fo=56, routed)          0.590     1.473    u_counter_10000/u_clk_div/clk_IBUF_BUFG
    SLICE_X63Y16         FDCE                                         r  u_counter_10000/u_clk_div/tick_reg/C
  -------------------------------------------------------------------    -------------------
    SLICE_X63Y16         FDCE (Prop_fdce_C_Q)         0.141     1.614 r  u_counter_10000/u_clk_div/tick_reg/Q
                         net (fo=14, routed)          0.190     1.804    u_counter_10000/u_counter/E[0]
    SLICE_X62Y16         FDCE                                         r  u_counter_10000/u_counter/r_count_reg[4]/CE
  -------------------------------------------------------------------    -------------------

                         (clock sys_clk_pin rise edge)
                                                      0.000     0.000 r  
    W5                                                0.000     0.000 r  clk (IN)
                         net (fo=0)                   0.000     0.000    clk
    W5                   IBUF (Prop_ibuf_I_O)         0.414     0.414 r  clk_IBUF_inst/O
                         net (fo=1, routed)           0.685     1.099    clk_IBUF
    BUFGCTRL_X0Y0        BUFG (Prop_bufg_I_O)         0.029     1.128 r  clk_IBUF_BUFG_inst/O
                         net (fo=56, routed)          0.859     1.986    u_counter_10000/u_counter/clk_IBUF_BUFG
    SLICE_X62Y16         FDCE                                         r  u_counter_10000/u_counter/r_count_reg[4]/C
                         clock pessimism             -0.500     1.486    
    SLICE_X62Y16         FDCE (Hold_fdce_C_CE)       -0.039     1.447    u_counter_10000/u_counter/r_count_reg[4]
  -------------------------------------------------------------------
                         required time                         -1.447    
                         arrival time                           1.804    
  -------------------------------------------------------------------
                         slack                                  0.357    

Slack (MET) :             0.360ns  (arrival time - required time)
  Source:                 u_counter_10000/u_clk_div/tick_reg/C
                            (rising edge-triggered cell FDCE clocked by sys_clk_pin  {rise@0.000ns fall@5.000ns period=10.000ns})
  Destination:            u_counter_10000/u_counter/r_count_reg[5]/CE
                            (rising edge-triggered cell FDCE clocked by sys_clk_pin  {rise@0.000ns fall@5.000ns period=10.000ns})
  Path Group:             sys_clk_pin
  Path Type:              Hold (Min at Fast Process Corner)
  Requirement:            0.000ns  (sys_clk_pin rise@0.000ns - sys_clk_pin rise@0.000ns)
  Data Path Delay:        0.334ns  (logic 0.141ns (42.272%)  route 0.193ns (57.728%))
  Logic Levels:           0  
  Clock Path Skew:        0.013ns (DCD - SCD - CPR)
    Destination Clock Delay (DCD):    1.985ns
    Source Clock Delay      (SCD):    1.473ns
    Clock Pessimism Removal (CPR):    0.499ns

    Location             Delay type                Incr(ns)  Path(ns)    Netlist Resource(s)
  -------------------------------------------------------------------    -------------------
                         (clock sys_clk_pin rise edge)
                                                      0.000     0.000 r  
    W5                                                0.000     0.000 r  clk (IN)
                         net (fo=0)                   0.000     0.000    clk
    W5                   IBUF (Prop_ibuf_I_O)         0.226     0.226 r  clk_IBUF_inst/O
                         net (fo=1, routed)           0.631     0.858    clk_IBUF
    BUFGCTRL_X0Y0        BUFG (Prop_bufg_I_O)         0.026     0.884 r  clk_IBUF_BUFG_inst/O
                         net (fo=56, routed)          0.590     1.473    u_counter_10000/u_clk_div/clk_IBUF_BUFG
    SLICE_X63Y16         FDCE                                         r  u_counter_10000/u_clk_div/tick_reg/C
  -------------------------------------------------------------------    -------------------
    SLICE_X63Y16         FDCE (Prop_fdce_C_Q)         0.141     1.614 r  u_counter_10000/u_clk_div/tick_reg/Q
                         net (fo=14, routed)          0.193     1.807    u_counter_10000/u_counter/E[0]
    SLICE_X62Y17         FDCE                                         r  u_counter_10000/u_counter/r_count_reg[5]/CE
  -------------------------------------------------------------------    -------------------

                         (clock sys_clk_pin rise edge)
                                                      0.000     0.000 r  
    W5                                                0.000     0.000 r  clk (IN)
                         net (fo=0)                   0.000     0.000    clk
    W5                   IBUF (Prop_ibuf_I_O)         0.414     0.414 r  clk_IBUF_inst/O
                         net (fo=1, routed)           0.685     1.099    clk_IBUF
    BUFGCTRL_X0Y0        BUFG (Prop_bufg_I_O)         0.029     1.128 r  clk_IBUF_BUFG_inst/O
                         net (fo=56, routed)          0.858     1.985    u_counter_10000/u_counter/clk_IBUF_BUFG
    SLICE_X62Y17         FDCE                                         r  u_counter_10000/u_counter/r_count_reg[5]/C
                         clock pessimism             -0.499     1.486    
    SLICE_X62Y17         FDCE (Hold_fdce_C_CE)       -0.039     1.447    u_counter_10000/u_counter/r_count_reg[5]
  -------------------------------------------------------------------
                         required time                         -1.447    
                         arrival time                           1.807    
  -------------------------------------------------------------------
                         slack                                  0.360    

Slack (MET) :             0.360ns  (arrival time - required time)
  Source:                 u_counter_10000/u_clk_div/tick_reg/C
                            (rising edge-triggered cell FDCE clocked by sys_clk_pin  {rise@0.000ns fall@5.000ns period=10.000ns})
  Destination:            u_counter_10000/u_counter/r_count_reg[6]/CE
                            (rising edge-triggered cell FDCE clocked by sys_clk_pin  {rise@0.000ns fall@5.000ns period=10.000ns})
  Path Group:             sys_clk_pin
  Path Type:              Hold (Min at Fast Process Corner)
  Requirement:            0.000ns  (sys_clk_pin rise@0.000ns - sys_clk_pin rise@0.000ns)
  Data Path Delay:        0.334ns  (logic 0.141ns (42.272%)  route 0.193ns (57.728%))
  Logic Levels:           0  
  Clock Path Skew:        0.013ns (DCD - SCD - CPR)
    Destination Clock Delay (DCD):    1.985ns
    Source Clock Delay      (SCD):    1.473ns
    Clock Pessimism Removal (CPR):    0.499ns

    Location             Delay type                Incr(ns)  Path(ns)    Netlist Resource(s)
  -------------------------------------------------------------------    -------------------
                         (clock sys_clk_pin rise edge)
                                                      0.000     0.000 r  
    W5                                                0.000     0.000 r  clk (IN)
                         net (fo=0)                   0.000     0.000    clk
    W5                   IBUF (Prop_ibuf_I_O)         0.226     0.226 r  clk_IBUF_inst/O
                         net (fo=1, routed)           0.631     0.858    clk_IBUF
    BUFGCTRL_X0Y0        BUFG (Prop_bufg_I_O)         0.026     0.884 r  clk_IBUF_BUFG_inst/O
                         net (fo=56, routed)          0.590     1.473    u_counter_10000/u_clk_div/clk_IBUF_BUFG
    SLICE_X63Y16         FDCE                                         r  u_counter_10000/u_clk_div/tick_reg/C
  -------------------------------------------------------------------    -------------------
    SLICE_X63Y16         FDCE (Prop_fdce_C_Q)         0.141     1.614 r  u_counter_10000/u_clk_div/tick_reg/Q
                         net (fo=14, routed)          0.193     1.807    u_counter_10000/u_counter/E[0]
    SLICE_X62Y17         FDCE                                         r  u_counter_10000/u_counter/r_count_reg[6]/CE
  -------------------------------------------------------------------    -------------------

                         (clock sys_clk_pin rise edge)
                                                      0.000     0.000 r  
    W5                                                0.000     0.000 r  clk (IN)
                         net (fo=0)                   0.000     0.000    clk
    W5                   IBUF (Prop_ibuf_I_O)         0.414     0.414 r  clk_IBUF_inst/O
                         net (fo=1, routed)           0.685     1.099    clk_IBUF
    BUFGCTRL_X0Y0        BUFG (Prop_bufg_I_O)         0.029     1.128 r  clk_IBUF_BUFG_inst/O
                         net (fo=56, routed)          0.858     1.985    u_counter_10000/u_counter/clk_IBUF_BUFG
    SLICE_X62Y17         FDCE                                         r  u_counter_10000/u_counter/r_count_reg[6]/C
                         clock pessimism             -0.499     1.486    
    SLICE_X62Y17         FDCE (Hold_fdce_C_CE)       -0.039     1.447    u_counter_10000/u_counter/r_count_reg[6]
  -------------------------------------------------------------------
                         required time                         -1.447    
                         arrival time                           1.807    
  -------------------------------------------------------------------
                         slack                                  0.360    

Slack (MET) :             0.360ns  (arrival time - required time)
  Source:                 u_counter_10000/u_clk_div/tick_reg/C
                            (rising edge-triggered cell FDCE clocked by sys_clk_pin  {rise@0.000ns fall@5.000ns period=10.000ns})
  Destination:            u_counter_10000/u_counter/r_count_reg[7]/CE
                            (rising edge-triggered cell FDCE clocked by sys_clk_pin  {rise@0.000ns fall@5.000ns period=10.000ns})
  Path Group:             sys_clk_pin
  Path Type:              Hold (Min at Fast Process Corner)
  Requirement:            0.000ns  (sys_clk_pin rise@0.000ns - sys_clk_pin rise@0.000ns)
  Data Path Delay:        0.334ns  (logic 0.141ns (42.272%)  route 0.193ns (57.728%))
  Logic Levels:           0  
  Clock Path Skew:        0.013ns (DCD - SCD - CPR)
    Destination Clock Delay (DCD):    1.985ns
    Source Clock Delay      (SCD):    1.473ns
    Clock Pessimism Removal (CPR):    0.499ns

    Location             Delay type                Incr(ns)  Path(ns)    Netlist Resource(s)
  -------------------------------------------------------------------    -------------------
                         (clock sys_clk_pin rise edge)
                                                      0.000     0.000 r  
    W5                                                0.000     0.000 r  clk (IN)
                         net (fo=0)                   0.000     0.000    clk
    W5                   IBUF (Prop_ibuf_I_O)         0.226     0.226 r  clk_IBUF_inst/O
                         net (fo=1, routed)           0.631     0.858    clk_IBUF
    BUFGCTRL_X0Y0        BUFG (Prop_bufg_I_O)         0.026     0.884 r  clk_IBUF_BUFG_inst/O
                         net (fo=56, routed)          0.590     1.473    u_counter_10000/u_clk_div/clk_IBUF_BUFG
    SLICE_X63Y16         FDCE                                         r  u_counter_10000/u_clk_div/tick_reg/C
  -------------------------------------------------------------------    -------------------
    SLICE_X63Y16         FDCE (Prop_fdce_C_Q)         0.141     1.614 r  u_counter_10000/u_clk_div/tick_reg/Q
                         net (fo=14, routed)          0.193     1.807    u_counter_10000/u_counter/E[0]
    SLICE_X62Y17         FDCE                                         r  u_counter_10000/u_counter/r_count_reg[7]/CE
  -------------------------------------------------------------------    -------------------

                         (clock sys_clk_pin rise edge)
                                                      0.000     0.000 r  
    W5                                                0.000     0.000 r  clk (IN)
                         net (fo=0)                   0.000     0.000    clk
    W5                   IBUF (Prop_ibuf_I_O)         0.414     0.414 r  clk_IBUF_inst/O
                         net (fo=1, routed)           0.685     1.099    clk_IBUF
    BUFGCTRL_X0Y0        BUFG (Prop_bufg_I_O)         0.029     1.128 r  clk_IBUF_BUFG_inst/O
                         net (fo=56, routed)          0.858     1.985    u_counter_10000/u_counter/clk_IBUF_BUFG
    SLICE_X62Y17         FDCE                                         r  u_counter_10000/u_counter/r_count_reg[7]/C
                         clock pessimism             -0.499     1.486    
    SLICE_X62Y17         FDCE (Hold_fdce_C_CE)       -0.039     1.447    u_counter_10000/u_counter/r_count_reg[7]
  -------------------------------------------------------------------
                         required time                         -1.447    
                         arrival time                           1.807    
  -------------------------------------------------------------------
                         slack                                  0.360    

Slack (MET) :             0.360ns  (arrival time - required time)
  Source:                 u_counter_10000/u_clk_div/tick_reg/C
                            (rising edge-triggered cell FDCE clocked by sys_clk_pin  {rise@0.000ns fall@5.000ns period=10.000ns})
  Destination:            u_counter_10000/u_counter/r_count_reg[8]/CE
                            (rising edge-triggered cell FDCE clocked by sys_clk_pin  {rise@0.000ns fall@5.000ns period=10.000ns})
  Path Group:             sys_clk_pin
  Path Type:              Hold (Min at Fast Process Corner)
  Requirement:            0.000ns  (sys_clk_pin rise@0.000ns - sys_clk_pin rise@0.000ns)
  Data Path Delay:        0.334ns  (logic 0.141ns (42.272%)  route 0.193ns (57.728%))
  Logic Levels:           0  
  Clock Path Skew:        0.013ns (DCD - SCD - CPR)
    Destination Clock Delay (DCD):    1.985ns
    Source Clock Delay      (SCD):    1.473ns
    Clock Pessimism Removal (CPR):    0.499ns

    Location             Delay type                Incr(ns)  Path(ns)    Netlist Resource(s)
  -------------------------------------------------------------------    -------------------
                         (clock sys_clk_pin rise edge)
                                                      0.000     0.000 r  
    W5                                                0.000     0.000 r  clk (IN)
                         net (fo=0)                   0.000     0.000    clk
    W5                   IBUF (Prop_ibuf_I_O)         0.226     0.226 r  clk_IBUF_inst/O
                         net (fo=1, routed)           0.631     0.858    clk_IBUF
    BUFGCTRL_X0Y0        BUFG (Prop_bufg_I_O)         0.026     0.884 r  clk_IBUF_BUFG_inst/O
                         net (fo=56, routed)          0.590     1.473    u_counter_10000/u_clk_div/clk_IBUF_BUFG
    SLICE_X63Y16         FDCE                                         r  u_counter_10000/u_clk_div/tick_reg/C
  -------------------------------------------------------------------    -------------------
    SLICE_X63Y16         FDCE (Prop_fdce_C_Q)         0.141     1.614 r  u_counter_10000/u_clk_div/tick_reg/Q
                         net (fo=14, routed)          0.193     1.807    u_counter_10000/u_counter/E[0]
    SLICE_X62Y17         FDCE                                         r  u_counter_10000/u_counter/r_count_reg[8]/CE
  -------------------------------------------------------------------    -------------------

                         (clock sys_clk_pin rise edge)
                                                      0.000     0.000 r  
    W5                                                0.000     0.000 r  clk (IN)
                         net (fo=0)                   0.000     0.000    clk
    W5                   IBUF (Prop_ibuf_I_O)         0.414     0.414 r  clk_IBUF_inst/O
                         net (fo=1, routed)           0.685     1.099    clk_IBUF
    BUFGCTRL_X0Y0        BUFG (Prop_bufg_I_O)         0.029     1.128 r  clk_IBUF_BUFG_inst/O
                         net (fo=56, routed)          0.858     1.985    u_counter_10000/u_counter/clk_IBUF_BUFG
    SLICE_X62Y17         FDCE                                         r  u_counter_10000/u_counter/r_count_reg[8]/C
                         clock pessimism             -0.499     1.486    
    SLICE_X62Y17         FDCE (Hold_fdce_C_CE)       -0.039     1.447    u_counter_10000/u_counter/r_count_reg[8]
  -------------------------------------------------------------------
                         required time                         -1.447    
                         arrival time                           1.807    
  -------------------------------------------------------------------
                         slack                                  0.360    





Pulse Width Checks
--------------------------------------------------------------------------------------
Clock Name:         sys_clk_pin
Waveform(ns):       { 0.000 5.000 }
Period(ns):         10.000
Sources:            { clk }

Check Type        Corner  Lib Pin  Reference Pin  Required(ns)  Actual(ns)  Slack(ns)  Location       Pin
Min Period        n/a     BUFG/I   n/a            2.155         10.000      7.845      BUFGCTRL_X0Y0  clk_IBUF_BUFG_inst/I
Min Period        n/a     FDCE/C   n/a            1.000         10.000      9.000      SLICE_X65Y13   u_counter_10000/u_clk_div/div_counter_reg[15]/C
Min Period        n/a     FDCE/C   n/a            1.000         10.000      9.000      SLICE_X65Y13   u_counter_10000/u_clk_div/div_counter_reg[16]/C
Min Period        n/a     FDCE/C   n/a            1.000         10.000      9.000      SLICE_X65Y14   u_counter_10000/u_clk_div/div_counter_reg[17]/C
Min Period        n/a     FDCE/C   n/a            1.000         10.000      9.000      SLICE_X65Y14   u_counter_10000/u_clk_div/div_counter_reg[18]/C
Min Period        n/a     FDCE/C   n/a            1.000         10.000      9.000      SLICE_X65Y14   u_counter_10000/u_clk_div/div_counter_reg[19]/C
Min Period        n/a     FDCE/C   n/a            1.000         10.000      9.000      SLICE_X65Y10   u_counter_10000/u_clk_div/div_counter_reg[1]/C
Min Period        n/a     FDCE/C   n/a            1.000         10.000      9.000      SLICE_X65Y14   u_counter_10000/u_clk_div/div_counter_reg[20]/C
Min Period        n/a     FDCE/C   n/a            1.000         10.000      9.000      SLICE_X65Y14   u_counter_10000/u_clk_div/div_counter_reg[21]/C
Min Period        n/a     FDCE/C   n/a            1.000         10.000      9.000      SLICE_X65Y15   u_counter_10000/u_clk_div/div_counter_reg[22]/C
Low Pulse Width   Slow    FDCE/C   n/a            0.500         5.000       4.500      SLICE_X56Y15   u_fnd_controller/u_clk_div/tick_reg/C
Low Pulse Width   Fast    FDCE/C   n/a            0.500         5.000       4.500      SLICE_X65Y13   u_counter_10000/u_clk_div/div_counter_reg[15]/C
Low Pulse Width   Fast    FDCE/C   n/a            0.500         5.000       4.500      SLICE_X65Y13   u_counter_10000/u_clk_div/div_counter_reg[16]/C
Low Pulse Width   Fast    FDCE/C   n/a            0.500         5.000       4.500      SLICE_X65Y14   u_counter_10000/u_clk_div/div_counter_reg[17]/C
Low Pulse Width   Fast    FDCE/C   n/a            0.500         5.000       4.500      SLICE_X65Y14   u_counter_10000/u_clk_div/div_counter_reg[18]/C
Low Pulse Width   Fast    FDCE/C   n/a            0.500         5.000       4.500      SLICE_X65Y14   u_counter_10000/u_clk_div/div_counter_reg[19]/C
Low Pulse Width   Fast    FDCE/C   n/a            0.500         5.000       4.500      SLICE_X65Y10   u_counter_10000/u_clk_div/div_counter_reg[1]/C
Low Pulse Width   Fast    FDCE/C   n/a            0.500         5.000       4.500      SLICE_X65Y14   u_counter_10000/u_clk_div/div_counter_reg[20]/C
Low Pulse Width   Fast    FDCE/C   n/a            0.500         5.000       4.500      SLICE_X65Y14   u_counter_10000/u_clk_div/div_counter_reg[21]/C
Low Pulse Width   Fast    FDCE/C   n/a            0.500         5.000       4.500      SLICE_X65Y15   u_counter_10000/u_clk_div/div_counter_reg[22]/C
High Pulse Width  Slow    FDCE/C   n/a            0.500         5.000       4.500      SLICE_X65Y15   u_counter_10000/u_clk_div/div_counter_reg[22]/C
High Pulse Width  Slow    FDCE/C   n/a            0.500         5.000       4.500      SLICE_X65Y15   u_counter_10000/u_clk_div/div_counter_reg[23]/C
High Pulse Width  Slow    FDCE/C   n/a            0.500         5.000       4.500      SLICE_X63Y16   u_counter_10000/u_clk_div/tick_reg/C
High Pulse Width  Fast    FDCE/C   n/a            0.500         5.000       4.500      SLICE_X63Y16   u_counter_10000/u_clk_div/tick_reg/C
High Pulse Width  Slow    FDCE/C   n/a            0.500         5.000       4.500      SLICE_X59Y16   u_counter_10000/u_counter/r_count_reg[1]/C
High Pulse Width  Slow    FDCE/C   n/a            0.500         5.000       4.500      SLICE_X62Y16   u_counter_10000/u_counter/r_count_reg[2]/C
High Pulse Width  Fast    FDCE/C   n/a            0.500         5.000       4.500      SLICE_X62Y16   u_counter_10000/u_counter/r_count_reg[2]/C
High Pulse Width  Slow    FDCE/C   n/a            0.500         5.000       4.500      SLICE_X62Y16   u_counter_10000/u_counter/r_count_reg[3]/C
High Pulse Width  Fast    FDCE/C   n/a            0.500         5.000       4.500      SLICE_X62Y16   u_counter_10000/u_counter/r_count_reg[3]/C
High Pulse Width  Slow    FDCE/C   n/a            0.500         5.000       4.500      SLICE_X62Y16   u_counter_10000/u_counter/r_count_reg[4]/C



