Copyright 1986-2020 Xilinx, Inc. All Rights Reserved.
-----------------------------------------------------------------------------------------------------------------------------------------------------------------------------------------------------
| Tool Version : Vivado v.2020.2 (win64) Build 3064766 Wed Nov 18 09:12:45 MST 2020
| Date         : Wed Mar 26 11:45:10 2025
| Host         : DESKTOP-7CFQ9ND running 64-bit major release  (build 9200)
| Command      : report_timing_summary -max_paths 10 -file top_sensor_timing_summary_routed.rpt -pb top_sensor_timing_summary_routed.pb -rpx top_sensor_timing_summary_routed.rpx -warn_on_violation
| Design       : top_sensor
| Device       : 7a35t-cpg236
| Speed File   : -1  PRODUCTION 1.23 2018-06-13
-----------------------------------------------------------------------------------------------------------------------------------------------------------------------------------------------------

Timing Summary Report

------------------------------------------------------------------------------------------------
| Timer Settings
| --------------
------------------------------------------------------------------------------------------------

  Enable Multi Corner Analysis               :  Yes
  Enable Pessimism Removal                   :  Yes
  Pessimism Removal Resolution               :  Nearest Common Node
  Enable Input Delay Default Clock           :  No
  Enable Preset / Clear Arcs                 :  No
  Disable Flight Delays                      :  No
  Ignore I/O Paths                           :  No
  Timing Early Launch at Borrowing Latches   :  No
  Borrow Time for Max Delay Exceptions       :  Yes
  Merge Timing Exceptions                    :  Yes

  Corner  Analyze    Analyze    
  Name    Max Paths  Min Paths  
  ------  ---------  ---------  
  Slow    Yes        Yes        
  Fast    Yes        Yes        



check_timing report

Table of Contents
-----------------
1. checking no_clock (10)
2. checking constant_clock (0)
3. checking pulse_width_clock (0)
4. checking unconstrained_internal_endpoints (20)
5. checking no_input_delay (3)
6. checking no_output_delay (12)
7. checking multiple_clock (0)
8. checking generated_clocks (0)
9. checking loops (0)
10. checking partial_input_delay (0)
11. checking partial_output_delay (0)
12. checking latch_loops (0)

1. checking no_clock (10)
-------------------------
 There are 2 register/latch pins with no clock driven by root clock pin: fnd/u_clock_div/r_clk_reg/Q (HIGH)

 There are 8 register/latch pins with no clock driven by root clock pin: ubtn/r_1khz_reg/Q (HIGH)


2. checking constant_clock (0)
------------------------------
 There are 0 register/latch pins with constant_clock.


3. checking pulse_width_clock (0)
---------------------------------
 There are 0 register/latch pins which need pulse_width check


4. checking unconstrained_internal_endpoints (20)
-------------------------------------------------
 There are 20 pins that are not constrained for maximum delay. (HIGH)

 There are 0 pins that are not constrained for maximum delay due to constant clock.


5. checking no_input_delay (3)
------------------------------
 There are 3 input ports with no input delay specified. (HIGH)

 There are 0 input ports with no input delay but user has a false path constraint.


6. checking no_output_delay (12)
--------------------------------
 There are 12 ports with no output delay specified. (HIGH)

 There are 0 ports with no output delay but user has a false path constraint

 There are 0 ports with no output delay but with a timing clock defined on it or propagating through it


7. checking multiple_clock (0)
------------------------------
 There are 0 register/latch pins with multiple clocks.


8. checking generated_clocks (0)
--------------------------------
 There are 0 generated clocks that are not connected to a clock source.


9. checking loops (0)
---------------------
 There are 0 combinational loops in the design.


10. checking partial_input_delay (0)
------------------------------------
 There are 0 input ports with partial input delay specified.


11. checking partial_output_delay (0)
-------------------------------------
 There are 0 ports with partial output delay specified.


12. checking latch_loops (0)
----------------------------
 There are 0 combinational latch loops in the design through latch input



------------------------------------------------------------------------------------------------
| Design Timing Summary
| ---------------------
------------------------------------------------------------------------------------------------

    WNS(ns)      TNS(ns)  TNS Failing Endpoints  TNS Total Endpoints      WHS(ns)      THS(ns)  THS Failing Endpoints  THS Total Endpoints     WPWS(ns)     TPWS(ns)  TPWS Failing Endpoints  TPWS Total Endpoints  
    -------      -------  ---------------------  -------------------      -------      -------  ---------------------  -------------------     --------     --------  ----------------------  --------------------  
      4.249        0.000                      0                   89        0.185        0.000                      0                   89        4.500        0.000                       0                    70  


All user specified timing constraints are met.


------------------------------------------------------------------------------------------------
| Clock Summary
| -------------
------------------------------------------------------------------------------------------------

Clock        Waveform(ns)       Period(ns)      Frequency(MHz)
-----        ------------       ----------      --------------
sys_clk_pin  {0.000 5.000}      10.000          100.000         


------------------------------------------------------------------------------------------------
| Intra Clock Table
| -----------------
------------------------------------------------------------------------------------------------

Clock             WNS(ns)      TNS(ns)  TNS Failing Endpoints  TNS Total Endpoints      WHS(ns)      THS(ns)  THS Failing Endpoints  THS Total Endpoints     WPWS(ns)     TPWS(ns)  TPWS Failing Endpoints  TPWS Total Endpoints  
-----             -------      -------  ---------------------  -------------------      -------      -------  ---------------------  -------------------     --------     --------  ----------------------  --------------------  
sys_clk_pin         4.249        0.000                      0                   89        0.185        0.000                      0                   89        4.500        0.000                       0                    70  


------------------------------------------------------------------------------------------------
| Inter Clock Table
| -----------------
------------------------------------------------------------------------------------------------

From Clock    To Clock          WNS(ns)      TNS(ns)  TNS Failing Endpoints  TNS Total Endpoints      WHS(ns)      THS(ns)  THS Failing Endpoints  THS Total Endpoints  
----------    --------          -------      -------  ---------------------  -------------------      -------      -------  ---------------------  -------------------  


------------------------------------------------------------------------------------------------
| Other Path Groups Table
| -----------------------
------------------------------------------------------------------------------------------------

Path Group    From Clock    To Clock          WNS(ns)      TNS(ns)  TNS Failing Endpoints  TNS Total Endpoints      WHS(ns)      THS(ns)  THS Failing Endpoints  THS Total Endpoints  
----------    ----------    --------          -------      -------  ---------------------  -------------------      -------      -------  ---------------------  -------------------  


------------------------------------------------------------------------------------------------
| Timing Details
| --------------
------------------------------------------------------------------------------------------------


---------------------------------------------------------------------------------------------------
From Clock:  sys_clk_pin
  To Clock:  sys_clk_pin

Setup :            0  Failing Endpoints,  Worst Slack        4.249ns,  Total Violation        0.000ns
Hold  :            0  Failing Endpoints,  Worst Slack        0.185ns,  Total Violation        0.000ns
PW    :            0  Failing Endpoints,  Worst Slack        4.500ns,  Total Violation        0.000ns
---------------------------------------------------------------------------------------------------


Max Delay Paths
--------------------------------------------------------------------------------------
Slack (MET) :             4.249ns  (required time - arrival time)
  Source:                 usensor/data_reg_reg[1]/C
                            (rising edge-triggered cell FDCE clocked by sys_clk_pin  {rise@0.000ns fall@5.000ns period=10.000ns})
  Destination:            usensor/FSM_sequential_state_reg[0]/D
                            (rising edge-triggered cell FDCE clocked by sys_clk_pin  {rise@0.000ns fall@5.000ns period=10.000ns})
  Path Group:             sys_clk_pin
  Path Type:              Setup (Max at Slow Process Corner)
  Requirement:            10.000ns  (sys_clk_pin rise@10.000ns - sys_clk_pin rise@0.000ns)
  Data Path Delay:        5.687ns  (logic 2.355ns (41.412%)  route 3.332ns (58.588%))
  Logic Levels:           7  (CARRY4=3 LUT4=1 LUT6=3)
  Clock Path Skew:        -0.110ns (DCD - SCD + CPR)
    Destination Clock Delay (DCD):    4.783ns = ( 14.783 - 10.000 ) 
    Source Clock Delay      (SCD):    5.153ns
    Clock Pessimism Removal (CPR):    0.260ns
  Clock Uncertainty:      0.035ns  ((TSJ^2 + TIJ^2)^1/2 + DJ) / 2 + PE
    Total System Jitter     (TSJ):    0.071ns
    Total Input Jitter      (TIJ):    0.000ns
    Discrete Jitter          (DJ):    0.000ns
    Phase Error              (PE):    0.000ns

    Location             Delay type                Incr(ns)  Path(ns)    Netlist Resource(s)
  -------------------------------------------------------------------    -------------------
                         (clock sys_clk_pin rise edge)
                                                      0.000     0.000 r  
    W5                                                0.000     0.000 r  clk (IN)
                         net (fo=0)                   0.000     0.000    clk
    W5                   IBUF (Prop_ibuf_I_O)         1.458     1.458 r  clk_IBUF_inst/O
                         net (fo=1, routed)           1.967     3.425    clk_IBUF
    BUFGCTRL_X0Y0        BUFG (Prop_bufg_I_O)         0.096     3.521 r  clk_IBUF_BUFG_inst/O
                         net (fo=69, routed)          1.632     5.153    usensor/CLK
    SLICE_X61Y14         FDCE                                         r  usensor/data_reg_reg[1]/C
  -------------------------------------------------------------------    -------------------
    SLICE_X61Y14         FDCE (Prop_fdce_C_Q)         0.419     5.572 r  usensor/data_reg_reg[1]/Q
                         net (fo=12, routed)          0.647     6.219    usensor/data_reg[1]
    SLICE_X62Y13         CARRY4 (Prop_carry4_S[0]_CO[3])
                                                      0.831     7.050 r  usensor/next1_carry/CO[3]
                         net (fo=1, routed)           0.000     7.050    usensor/next1_carry_n_0
    SLICE_X62Y14         CARRY4 (Prop_carry4_CI_CO[3])
                                                      0.114     7.164 r  usensor/next1_carry__0/CO[3]
                         net (fo=1, routed)           0.000     7.164    usensor/next1_carry__0_n_0
    SLICE_X62Y15         CARRY4 (Prop_carry4_CI_O[3])
                                                      0.313     7.477 r  usensor/next1_carry__1/O[3]
                         net (fo=2, routed)           0.655     8.132    usensor/next1_carry__1_n_4
    SLICE_X63Y15         LUT6 (Prop_lut6_I2_O)        0.306     8.438 r  usensor/data_reg[13]_i_5/O
                         net (fo=1, routed)           0.650     9.089    usensor/data_reg[13]_i_5_n_0
    SLICE_X63Y14         LUT6 (Prop_lut6_I5_O)        0.124     9.213 r  usensor/data_reg[13]_i_3/O
                         net (fo=15, routed)          0.811    10.023    usensor/data_reg[13]_i_3_n_0
    SLICE_X52Y19         LUT6 (Prop_lut6_I4_O)        0.124    10.147 r  usensor/FSM_sequential_state[1]_i_2/O
                         net (fo=2, routed)           0.569    10.716    usensor/FSM_sequential_state[1]_i_2_n_0
    SLICE_X52Y18         LUT4 (Prop_lut4_I2_O)        0.124    10.840 r  usensor/FSM_sequential_state[0]_i_1/O
                         net (fo=1, routed)           0.000    10.840    usensor/FSM_sequential_state[0]_i_1_n_0
    SLICE_X52Y18         FDCE                                         r  usensor/FSM_sequential_state_reg[0]/D
  -------------------------------------------------------------------    -------------------

                         (clock sys_clk_pin rise edge)
                                                     10.000    10.000 r  
    W5                                                0.000    10.000 r  clk (IN)
                         net (fo=0)                   0.000    10.000    clk
    W5                   IBUF (Prop_ibuf_I_O)         1.388    11.388 r  clk_IBUF_inst/O
                         net (fo=1, routed)           1.862    13.250    clk_IBUF
    BUFGCTRL_X0Y0        BUFG (Prop_bufg_I_O)         0.091    13.341 r  clk_IBUF_BUFG_inst/O
                         net (fo=69, routed)          1.442    14.783    usensor/CLK
    SLICE_X52Y18         FDCE                                         r  usensor/FSM_sequential_state_reg[0]/C
                         clock pessimism              0.260    15.043    
                         clock uncertainty           -0.035    15.008    
    SLICE_X52Y18         FDCE (Setup_fdce_C_D)        0.081    15.089    usensor/FSM_sequential_state_reg[0]
  -------------------------------------------------------------------
                         required time                         15.089    
                         arrival time                         -10.840    
  -------------------------------------------------------------------
                         slack                                  4.249    

Slack (MET) :             4.293ns  (required time - arrival time)
  Source:                 usensor/data_reg_reg[1]/C
                            (rising edge-triggered cell FDCE clocked by sys_clk_pin  {rise@0.000ns fall@5.000ns period=10.000ns})
  Destination:            usensor/FSM_sequential_state_reg[1]/D
                            (rising edge-triggered cell FDCE clocked by sys_clk_pin  {rise@0.000ns fall@5.000ns period=10.000ns})
  Path Group:             sys_clk_pin
  Path Type:              Setup (Max at Slow Process Corner)
  Requirement:            10.000ns  (sys_clk_pin rise@10.000ns - sys_clk_pin rise@0.000ns)
  Data Path Delay:        5.680ns  (logic 2.348ns (41.340%)  route 3.332ns (58.660%))
  Logic Levels:           7  (CARRY4=3 LUT3=1 LUT6=3)
  Clock Path Skew:        -0.110ns (DCD - SCD + CPR)
    Destination Clock Delay (DCD):    4.783ns = ( 14.783 - 10.000 ) 
    Source Clock Delay      (SCD):    5.153ns
    Clock Pessimism Removal (CPR):    0.260ns
  Clock Uncertainty:      0.035ns  ((TSJ^2 + TIJ^2)^1/2 + DJ) / 2 + PE
    Total System Jitter     (TSJ):    0.071ns
    Total Input Jitter      (TIJ):    0.000ns
    Discrete Jitter          (DJ):    0.000ns
    Phase Error              (PE):    0.000ns

    Location             Delay type                Incr(ns)  Path(ns)    Netlist Resource(s)
  -------------------------------------------------------------------    -------------------
                         (clock sys_clk_pin rise edge)
                                                      0.000     0.000 r  
    W5                                                0.000     0.000 r  clk (IN)
                         net (fo=0)                   0.000     0.000    clk
    W5                   IBUF (Prop_ibuf_I_O)         1.458     1.458 r  clk_IBUF_inst/O
                         net (fo=1, routed)           1.967     3.425    clk_IBUF
    BUFGCTRL_X0Y0        BUFG (Prop_bufg_I_O)         0.096     3.521 r  clk_IBUF_BUFG_inst/O
                         net (fo=69, routed)          1.632     5.153    usensor/CLK
    SLICE_X61Y14         FDCE                                         r  usensor/data_reg_reg[1]/C
  -------------------------------------------------------------------    -------------------
    SLICE_X61Y14         FDCE (Prop_fdce_C_Q)         0.419     5.572 r  usensor/data_reg_reg[1]/Q
                         net (fo=12, routed)          0.647     6.219    usensor/data_reg[1]
    SLICE_X62Y13         CARRY4 (Prop_carry4_S[0]_CO[3])
                                                      0.831     7.050 r  usensor/next1_carry/CO[3]
                         net (fo=1, routed)           0.000     7.050    usensor/next1_carry_n_0
    SLICE_X62Y14         CARRY4 (Prop_carry4_CI_CO[3])
                                                      0.114     7.164 r  usensor/next1_carry__0/CO[3]
                         net (fo=1, routed)           0.000     7.164    usensor/next1_carry__0_n_0
    SLICE_X62Y15         CARRY4 (Prop_carry4_CI_O[3])
                                                      0.313     7.477 r  usensor/next1_carry__1/O[3]
                         net (fo=2, routed)           0.655     8.132    usensor/next1_carry__1_n_4
    SLICE_X63Y15         LUT6 (Prop_lut6_I2_O)        0.306     8.438 r  usensor/data_reg[13]_i_5/O
                         net (fo=1, routed)           0.650     9.089    usensor/data_reg[13]_i_5_n_0
    SLICE_X63Y14         LUT6 (Prop_lut6_I5_O)        0.124     9.213 r  usensor/data_reg[13]_i_3/O
                         net (fo=15, routed)          0.811    10.023    usensor/data_reg[13]_i_3_n_0
    SLICE_X52Y19         LUT6 (Prop_lut6_I4_O)        0.124    10.147 r  usensor/FSM_sequential_state[1]_i_2/O
                         net (fo=2, routed)           0.569    10.716    usensor/FSM_sequential_state[1]_i_2_n_0
    SLICE_X52Y18         LUT3 (Prop_lut3_I1_O)        0.117    10.833 r  usensor/FSM_sequential_state[1]_i_1/O
                         net (fo=1, routed)           0.000    10.833    usensor/FSM_sequential_state[1]_i_1_n_0
    SLICE_X52Y18         FDCE                                         r  usensor/FSM_sequential_state_reg[1]/D
  -------------------------------------------------------------------    -------------------

                         (clock sys_clk_pin rise edge)
                                                     10.000    10.000 r  
    W5                                                0.000    10.000 r  clk (IN)
                         net (fo=0)                   0.000    10.000    clk
    W5                   IBUF (Prop_ibuf_I_O)         1.388    11.388 r  clk_IBUF_inst/O
                         net (fo=1, routed)           1.862    13.250    clk_IBUF
    BUFGCTRL_X0Y0        BUFG (Prop_bufg_I_O)         0.091    13.341 r  clk_IBUF_BUFG_inst/O
                         net (fo=69, routed)          1.442    14.783    usensor/CLK
    SLICE_X52Y18         FDCE                                         r  usensor/FSM_sequential_state_reg[1]/C
                         clock pessimism              0.260    15.043    
                         clock uncertainty           -0.035    15.008    
    SLICE_X52Y18         FDCE (Setup_fdce_C_D)        0.118    15.126    usensor/FSM_sequential_state_reg[1]
  -------------------------------------------------------------------
                         required time                         15.126    
                         arrival time                         -10.833    
  -------------------------------------------------------------------
                         slack                                  4.293    

Slack (MET) :             4.698ns  (required time - arrival time)
  Source:                 usensor/data_reg_reg[1]/C
                            (rising edge-triggered cell FDCE clocked by sys_clk_pin  {rise@0.000ns fall@5.000ns period=10.000ns})
  Destination:            usensor/data_reg_reg[4]/D
                            (rising edge-triggered cell FDCE clocked by sys_clk_pin  {rise@0.000ns fall@5.000ns period=10.000ns})
  Path Group:             sys_clk_pin
  Path Type:              Setup (Max at Slow Process Corner)
  Requirement:            10.000ns  (sys_clk_pin rise@10.000ns - sys_clk_pin rise@0.000ns)
  Data Path Delay:        5.298ns  (logic 2.231ns (42.109%)  route 3.067ns (57.891%))
  Logic Levels:           6  (CARRY4=3 LUT3=1 LUT6=2)
  Clock Path Skew:        0.000ns (DCD - SCD + CPR)
    Destination Clock Delay (DCD):    4.854ns = ( 14.854 - 10.000 ) 
    Source Clock Delay      (SCD):    5.153ns
    Clock Pessimism Removal (CPR):    0.299ns
  Clock Uncertainty:      0.035ns  ((TSJ^2 + TIJ^2)^1/2 + DJ) / 2 + PE
    Total System Jitter     (TSJ):    0.071ns
    Total Input Jitter      (TIJ):    0.000ns
    Discrete Jitter          (DJ):    0.000ns
    Phase Error              (PE):    0.000ns

    Location             Delay type                Incr(ns)  Path(ns)    Netlist Resource(s)
  -------------------------------------------------------------------    -------------------
                         (clock sys_clk_pin rise edge)
                                                      0.000     0.000 r  
    W5                                                0.000     0.000 r  clk (IN)
                         net (fo=0)                   0.000     0.000    clk
    W5                   IBUF (Prop_ibuf_I_O)         1.458     1.458 r  clk_IBUF_inst/O
                         net (fo=1, routed)           1.967     3.425    clk_IBUF
    BUFGCTRL_X0Y0        BUFG (Prop_bufg_I_O)         0.096     3.521 r  clk_IBUF_BUFG_inst/O
                         net (fo=69, routed)          1.632     5.153    usensor/CLK
    SLICE_X61Y14         FDCE                                         r  usensor/data_reg_reg[1]/C
  -------------------------------------------------------------------    -------------------
    SLICE_X61Y14         FDCE (Prop_fdce_C_Q)         0.419     5.572 r  usensor/data_reg_reg[1]/Q
                         net (fo=12, routed)          0.647     6.219    usensor/data_reg[1]
    SLICE_X62Y13         CARRY4 (Prop_carry4_S[0]_CO[3])
                                                      0.831     7.050 r  usensor/next1_carry/CO[3]
                         net (fo=1, routed)           0.000     7.050    usensor/next1_carry_n_0
    SLICE_X62Y14         CARRY4 (Prop_carry4_CI_CO[3])
                                                      0.114     7.164 r  usensor/next1_carry__0/CO[3]
                         net (fo=1, routed)           0.000     7.164    usensor/next1_carry__0_n_0
    SLICE_X62Y15         CARRY4 (Prop_carry4_CI_O[3])
                                                      0.313     7.477 f  usensor/next1_carry__1/O[3]
                         net (fo=2, routed)           0.655     8.132    usensor/next1_carry__1_n_4
    SLICE_X63Y15         LUT6 (Prop_lut6_I2_O)        0.306     8.438 f  usensor/data_reg[13]_i_5/O
                         net (fo=1, routed)           0.650     9.089    usensor/data_reg[13]_i_5_n_0
    SLICE_X63Y14         LUT6 (Prop_lut6_I5_O)        0.124     9.213 f  usensor/data_reg[13]_i_3/O
                         net (fo=15, routed)          1.115    10.327    usensor/data_reg[13]_i_3_n_0
    SLICE_X61Y14         LUT3 (Prop_lut3_I1_O)        0.124    10.451 r  usensor/data_reg[4]_i_1/O
                         net (fo=1, routed)           0.000    10.451    usensor/data_reg[4]_i_1_n_0
    SLICE_X61Y14         FDCE                                         r  usensor/data_reg_reg[4]/D
  -------------------------------------------------------------------    -------------------

                         (clock sys_clk_pin rise edge)
                                                     10.000    10.000 r  
    W5                                                0.000    10.000 r  clk (IN)
                         net (fo=0)                   0.000    10.000    clk
    W5                   IBUF (Prop_ibuf_I_O)         1.388    11.388 r  clk_IBUF_inst/O
                         net (fo=1, routed)           1.862    13.250    clk_IBUF
    BUFGCTRL_X0Y0        BUFG (Prop_bufg_I_O)         0.091    13.341 r  clk_IBUF_BUFG_inst/O
                         net (fo=69, routed)          1.513    14.854    usensor/CLK
    SLICE_X61Y14         FDCE                                         r  usensor/data_reg_reg[4]/C
                         clock pessimism              0.299    15.153    
                         clock uncertainty           -0.035    15.118    
    SLICE_X61Y14         FDCE (Setup_fdce_C_D)        0.031    15.149    usensor/data_reg_reg[4]
  -------------------------------------------------------------------
                         required time                         15.149    
                         arrival time                         -10.451    
  -------------------------------------------------------------------
                         slack                                  4.698    

Slack (MET) :             4.712ns  (required time - arrival time)
  Source:                 usensor/data_reg_reg[1]/C
                            (rising edge-triggered cell FDCE clocked by sys_clk_pin  {rise@0.000ns fall@5.000ns period=10.000ns})
  Destination:            usensor/data_reg_reg[5]/D
                            (rising edge-triggered cell FDCE clocked by sys_clk_pin  {rise@0.000ns fall@5.000ns period=10.000ns})
  Path Group:             sys_clk_pin
  Path Type:              Setup (Max at Slow Process Corner)
  Requirement:            10.000ns  (sys_clk_pin rise@10.000ns - sys_clk_pin rise@0.000ns)
  Data Path Delay:        5.328ns  (logic 2.261ns (42.435%)  route 3.067ns (57.565%))
  Logic Levels:           6  (CARRY4=3 LUT3=1 LUT6=2)
  Clock Path Skew:        0.000ns (DCD - SCD + CPR)
    Destination Clock Delay (DCD):    4.854ns = ( 14.854 - 10.000 ) 
    Source Clock Delay      (SCD):    5.153ns
    Clock Pessimism Removal (CPR):    0.299ns
  Clock Uncertainty:      0.035ns  ((TSJ^2 + TIJ^2)^1/2 + DJ) / 2 + PE
    Total System Jitter     (TSJ):    0.071ns
    Total Input Jitter      (TIJ):    0.000ns
    Discrete Jitter          (DJ):    0.000ns
    Phase Error              (PE):    0.000ns

    Location             Delay type                Incr(ns)  Path(ns)    Netlist Resource(s)
  -------------------------------------------------------------------    -------------------
                         (clock sys_clk_pin rise edge)
                                                      0.000     0.000 r  
    W5                                                0.000     0.000 r  clk (IN)
                         net (fo=0)                   0.000     0.000    clk
    W5                   IBUF (Prop_ibuf_I_O)         1.458     1.458 r  clk_IBUF_inst/O
                         net (fo=1, routed)           1.967     3.425    clk_IBUF
    BUFGCTRL_X0Y0        BUFG (Prop_bufg_I_O)         0.096     3.521 r  clk_IBUF_BUFG_inst/O
                         net (fo=69, routed)          1.632     5.153    usensor/CLK
    SLICE_X61Y14         FDCE                                         r  usensor/data_reg_reg[1]/C
  -------------------------------------------------------------------    -------------------
    SLICE_X61Y14         FDCE (Prop_fdce_C_Q)         0.419     5.572 r  usensor/data_reg_reg[1]/Q
                         net (fo=12, routed)          0.647     6.219    usensor/data_reg[1]
    SLICE_X62Y13         CARRY4 (Prop_carry4_S[0]_CO[3])
                                                      0.831     7.050 r  usensor/next1_carry/CO[3]
                         net (fo=1, routed)           0.000     7.050    usensor/next1_carry_n_0
    SLICE_X62Y14         CARRY4 (Prop_carry4_CI_CO[3])
                                                      0.114     7.164 r  usensor/next1_carry__0/CO[3]
                         net (fo=1, routed)           0.000     7.164    usensor/next1_carry__0_n_0
    SLICE_X62Y15         CARRY4 (Prop_carry4_CI_O[3])
                                                      0.313     7.477 f  usensor/next1_carry__1/O[3]
                         net (fo=2, routed)           0.655     8.132    usensor/next1_carry__1_n_4
    SLICE_X63Y15         LUT6 (Prop_lut6_I2_O)        0.306     8.438 f  usensor/data_reg[13]_i_5/O
                         net (fo=1, routed)           0.650     9.089    usensor/data_reg[13]_i_5_n_0
    SLICE_X63Y14         LUT6 (Prop_lut6_I5_O)        0.124     9.213 f  usensor/data_reg[13]_i_3/O
                         net (fo=15, routed)          1.115    10.327    usensor/data_reg[13]_i_3_n_0
    SLICE_X61Y14         LUT3 (Prop_lut3_I1_O)        0.154    10.481 r  usensor/data_reg[5]_i_1/O
                         net (fo=1, routed)           0.000    10.481    usensor/data_reg[5]_i_1_n_0
    SLICE_X61Y14         FDCE                                         r  usensor/data_reg_reg[5]/D
  -------------------------------------------------------------------    -------------------

                         (clock sys_clk_pin rise edge)
                                                     10.000    10.000 r  
    W5                                                0.000    10.000 r  clk (IN)
                         net (fo=0)                   0.000    10.000    clk
    W5                   IBUF (Prop_ibuf_I_O)         1.388    11.388 r  clk_IBUF_inst/O
                         net (fo=1, routed)           1.862    13.250    clk_IBUF
    BUFGCTRL_X0Y0        BUFG (Prop_bufg_I_O)         0.091    13.341 r  clk_IBUF_BUFG_inst/O
                         net (fo=69, routed)          1.513    14.854    usensor/CLK
    SLICE_X61Y14         FDCE                                         r  usensor/data_reg_reg[5]/C
                         clock pessimism              0.299    15.153    
                         clock uncertainty           -0.035    15.118    
    SLICE_X61Y14         FDCE (Setup_fdce_C_D)        0.075    15.193    usensor/data_reg_reg[5]
  -------------------------------------------------------------------
                         required time                         15.193    
                         arrival time                         -10.481    
  -------------------------------------------------------------------
                         slack                                  4.712    

Slack (MET) :             4.929ns  (required time - arrival time)
  Source:                 usensor/data_reg_reg[1]/C
                            (rising edge-triggered cell FDCE clocked by sys_clk_pin  {rise@0.000ns fall@5.000ns period=10.000ns})
  Destination:            usensor/data_reg_reg[0]/D
                            (rising edge-triggered cell FDCE clocked by sys_clk_pin  {rise@0.000ns fall@5.000ns period=10.000ns})
  Path Group:             sys_clk_pin
  Path Type:              Setup (Max at Slow Process Corner)
  Requirement:            10.000ns  (sys_clk_pin rise@10.000ns - sys_clk_pin rise@0.000ns)
  Data Path Delay:        5.065ns  (logic 2.231ns (44.046%)  route 2.834ns (55.954%))
  Logic Levels:           6  (CARRY4=3 LUT3=1 LUT6=2)
  Clock Path Skew:        0.000ns (DCD - SCD + CPR)
    Destination Clock Delay (DCD):    4.854ns = ( 14.854 - 10.000 ) 
    Source Clock Delay      (SCD):    5.153ns
    Clock Pessimism Removal (CPR):    0.299ns
  Clock Uncertainty:      0.035ns  ((TSJ^2 + TIJ^2)^1/2 + DJ) / 2 + PE
    Total System Jitter     (TSJ):    0.071ns
    Total Input Jitter      (TIJ):    0.000ns
    Discrete Jitter          (DJ):    0.000ns
    Phase Error              (PE):    0.000ns

    Location             Delay type                Incr(ns)  Path(ns)    Netlist Resource(s)
  -------------------------------------------------------------------    -------------------
                         (clock sys_clk_pin rise edge)
                                                      0.000     0.000 r  
    W5                                                0.000     0.000 r  clk (IN)
                         net (fo=0)                   0.000     0.000    clk
    W5                   IBUF (Prop_ibuf_I_O)         1.458     1.458 r  clk_IBUF_inst/O
                         net (fo=1, routed)           1.967     3.425    clk_IBUF
    BUFGCTRL_X0Y0        BUFG (Prop_bufg_I_O)         0.096     3.521 r  clk_IBUF_BUFG_inst/O
                         net (fo=69, routed)          1.632     5.153    usensor/CLK
    SLICE_X61Y14         FDCE                                         r  usensor/data_reg_reg[1]/C
  -------------------------------------------------------------------    -------------------
    SLICE_X61Y14         FDCE (Prop_fdce_C_Q)         0.419     5.572 r  usensor/data_reg_reg[1]/Q
                         net (fo=12, routed)          0.647     6.219    usensor/data_reg[1]
    SLICE_X62Y13         CARRY4 (Prop_carry4_S[0]_CO[3])
                                                      0.831     7.050 r  usensor/next1_carry/CO[3]
                         net (fo=1, routed)           0.000     7.050    usensor/next1_carry_n_0
    SLICE_X62Y14         CARRY4 (Prop_carry4_CI_CO[3])
                                                      0.114     7.164 r  usensor/next1_carry__0/CO[3]
                         net (fo=1, routed)           0.000     7.164    usensor/next1_carry__0_n_0
    SLICE_X62Y15         CARRY4 (Prop_carry4_CI_O[3])
                                                      0.313     7.477 f  usensor/next1_carry__1/O[3]
                         net (fo=2, routed)           0.655     8.132    usensor/next1_carry__1_n_4
    SLICE_X63Y15         LUT6 (Prop_lut6_I2_O)        0.306     8.438 f  usensor/data_reg[13]_i_5/O
                         net (fo=1, routed)           0.650     9.089    usensor/data_reg[13]_i_5_n_0
    SLICE_X63Y14         LUT6 (Prop_lut6_I5_O)        0.124     9.213 f  usensor/data_reg[13]_i_3/O
                         net (fo=15, routed)          0.882    10.094    usensor/data_reg[13]_i_3_n_0
    SLICE_X61Y14         LUT3 (Prop_lut3_I1_O)        0.124    10.218 r  usensor/data_reg[0]_i_1/O
                         net (fo=1, routed)           0.000    10.218    usensor/data_reg[0]_i_1_n_0
    SLICE_X61Y14         FDCE                                         r  usensor/data_reg_reg[0]/D
  -------------------------------------------------------------------    -------------------

                         (clock sys_clk_pin rise edge)
                                                     10.000    10.000 r  
    W5                                                0.000    10.000 r  clk (IN)
                         net (fo=0)                   0.000    10.000    clk
    W5                   IBUF (Prop_ibuf_I_O)         1.388    11.388 r  clk_IBUF_inst/O
                         net (fo=1, routed)           1.862    13.250    clk_IBUF
    BUFGCTRL_X0Y0        BUFG (Prop_bufg_I_O)         0.091    13.341 r  clk_IBUF_BUFG_inst/O
                         net (fo=69, routed)          1.513    14.854    usensor/CLK
    SLICE_X61Y14         FDCE                                         r  usensor/data_reg_reg[0]/C
                         clock pessimism              0.299    15.153    
                         clock uncertainty           -0.035    15.118    
    SLICE_X61Y14         FDCE (Setup_fdce_C_D)        0.029    15.147    usensor/data_reg_reg[0]
  -------------------------------------------------------------------
                         required time                         15.147    
                         arrival time                         -10.218    
  -------------------------------------------------------------------
                         slack                                  4.929    

Slack (MET) :             4.949ns  (required time - arrival time)
  Source:                 usensor/data_reg_reg[1]/C
                            (rising edge-triggered cell FDCE clocked by sys_clk_pin  {rise@0.000ns fall@5.000ns period=10.000ns})
  Destination:            usensor/data_reg_reg[1]/D
                            (rising edge-triggered cell FDCE clocked by sys_clk_pin  {rise@0.000ns fall@5.000ns period=10.000ns})
  Path Group:             sys_clk_pin
  Path Type:              Setup (Max at Slow Process Corner)
  Requirement:            10.000ns  (sys_clk_pin rise@10.000ns - sys_clk_pin rise@0.000ns)
  Data Path Delay:        5.091ns  (logic 2.257ns (44.332%)  route 2.834ns (55.668%))
  Logic Levels:           6  (CARRY4=3 LUT3=1 LUT6=2)
  Clock Path Skew:        0.000ns (DCD - SCD + CPR)
    Destination Clock Delay (DCD):    4.854ns = ( 14.854 - 10.000 ) 
    Source Clock Delay      (SCD):    5.153ns
    Clock Pessimism Removal (CPR):    0.299ns
  Clock Uncertainty:      0.035ns  ((TSJ^2 + TIJ^2)^1/2 + DJ) / 2 + PE
    Total System Jitter     (TSJ):    0.071ns
    Total Input Jitter      (TIJ):    0.000ns
    Discrete Jitter          (DJ):    0.000ns
    Phase Error              (PE):    0.000ns

    Location             Delay type                Incr(ns)  Path(ns)    Netlist Resource(s)
  -------------------------------------------------------------------    -------------------
                         (clock sys_clk_pin rise edge)
                                                      0.000     0.000 r  
    W5                                                0.000     0.000 r  clk (IN)
                         net (fo=0)                   0.000     0.000    clk
    W5                   IBUF (Prop_ibuf_I_O)         1.458     1.458 r  clk_IBUF_inst/O
                         net (fo=1, routed)           1.967     3.425    clk_IBUF
    BUFGCTRL_X0Y0        BUFG (Prop_bufg_I_O)         0.096     3.521 r  clk_IBUF_BUFG_inst/O
                         net (fo=69, routed)          1.632     5.153    usensor/CLK
    SLICE_X61Y14         FDCE                                         r  usensor/data_reg_reg[1]/C
  -------------------------------------------------------------------    -------------------
    SLICE_X61Y14         FDCE (Prop_fdce_C_Q)         0.419     5.572 r  usensor/data_reg_reg[1]/Q
                         net (fo=12, routed)          0.647     6.219    usensor/data_reg[1]
    SLICE_X62Y13         CARRY4 (Prop_carry4_S[0]_CO[3])
                                                      0.831     7.050 r  usensor/next1_carry/CO[3]
                         net (fo=1, routed)           0.000     7.050    usensor/next1_carry_n_0
    SLICE_X62Y14         CARRY4 (Prop_carry4_CI_CO[3])
                                                      0.114     7.164 r  usensor/next1_carry__0/CO[3]
                         net (fo=1, routed)           0.000     7.164    usensor/next1_carry__0_n_0
    SLICE_X62Y15         CARRY4 (Prop_carry4_CI_O[3])
                                                      0.313     7.477 f  usensor/next1_carry__1/O[3]
                         net (fo=2, routed)           0.655     8.132    usensor/next1_carry__1_n_4
    SLICE_X63Y15         LUT6 (Prop_lut6_I2_O)        0.306     8.438 f  usensor/data_reg[13]_i_5/O
                         net (fo=1, routed)           0.650     9.089    usensor/data_reg[13]_i_5_n_0
    SLICE_X63Y14         LUT6 (Prop_lut6_I5_O)        0.124     9.213 f  usensor/data_reg[13]_i_3/O
                         net (fo=15, routed)          0.882    10.094    usensor/data_reg[13]_i_3_n_0
    SLICE_X61Y14         LUT3 (Prop_lut3_I1_O)        0.150    10.244 r  usensor/data_reg[1]_i_1/O
                         net (fo=1, routed)           0.000    10.244    usensor/data_reg[1]_i_1_n_0
    SLICE_X61Y14         FDCE                                         r  usensor/data_reg_reg[1]/D
  -------------------------------------------------------------------    -------------------

                         (clock sys_clk_pin rise edge)
                                                     10.000    10.000 r  
    W5                                                0.000    10.000 r  clk (IN)
                         net (fo=0)                   0.000    10.000    clk
    W5                   IBUF (Prop_ibuf_I_O)         1.388    11.388 r  clk_IBUF_inst/O
                         net (fo=1, routed)           1.862    13.250    clk_IBUF
    BUFGCTRL_X0Y0        BUFG (Prop_bufg_I_O)         0.091    13.341 r  clk_IBUF_BUFG_inst/O
                         net (fo=69, routed)          1.513    14.854    usensor/CLK
    SLICE_X61Y14         FDCE                                         r  usensor/data_reg_reg[1]/C
                         clock pessimism              0.299    15.153    
                         clock uncertainty           -0.035    15.118    
    SLICE_X61Y14         FDCE (Setup_fdce_C_D)        0.075    15.193    usensor/data_reg_reg[1]
  -------------------------------------------------------------------
                         required time                         15.193    
                         arrival time                         -10.244    
  -------------------------------------------------------------------
                         slack                                  4.949    

Slack (MET) :             5.088ns  (required time - arrival time)
  Source:                 usensor/data_reg_reg[1]/C
                            (rising edge-triggered cell FDCE clocked by sys_clk_pin  {rise@0.000ns fall@5.000ns period=10.000ns})
  Destination:            usensor/data_reg_reg[12]/D
                            (rising edge-triggered cell FDCE clocked by sys_clk_pin  {rise@0.000ns fall@5.000ns period=10.000ns})
  Path Group:             sys_clk_pin
  Path Type:              Setup (Max at Slow Process Corner)
  Requirement:            10.000ns  (sys_clk_pin rise@10.000ns - sys_clk_pin rise@0.000ns)
  Data Path Delay:        4.866ns  (logic 2.231ns (45.849%)  route 2.635ns (54.151%))
  Logic Levels:           6  (CARRY4=3 LUT3=1 LUT6=2)
  Clock Path Skew:        -0.040ns (DCD - SCD + CPR)
    Destination Clock Delay (DCD):    4.853ns = ( 14.853 - 10.000 ) 
    Source Clock Delay      (SCD):    5.153ns
    Clock Pessimism Removal (CPR):    0.260ns
  Clock Uncertainty:      0.035ns  ((TSJ^2 + TIJ^2)^1/2 + DJ) / 2 + PE
    Total System Jitter     (TSJ):    0.071ns
    Total Input Jitter      (TIJ):    0.000ns
    Discrete Jitter          (DJ):    0.000ns
    Phase Error              (PE):    0.000ns

    Location             Delay type                Incr(ns)  Path(ns)    Netlist Resource(s)
  -------------------------------------------------------------------    -------------------
                         (clock sys_clk_pin rise edge)
                                                      0.000     0.000 r  
    W5                                                0.000     0.000 r  clk (IN)
                         net (fo=0)                   0.000     0.000    clk
    W5                   IBUF (Prop_ibuf_I_O)         1.458     1.458 r  clk_IBUF_inst/O
                         net (fo=1, routed)           1.967     3.425    clk_IBUF
    BUFGCTRL_X0Y0        BUFG (Prop_bufg_I_O)         0.096     3.521 r  clk_IBUF_BUFG_inst/O
                         net (fo=69, routed)          1.632     5.153    usensor/CLK
    SLICE_X61Y14         FDCE                                         r  usensor/data_reg_reg[1]/C
  -------------------------------------------------------------------    -------------------
    SLICE_X61Y14         FDCE (Prop_fdce_C_Q)         0.419     5.572 r  usensor/data_reg_reg[1]/Q
                         net (fo=12, routed)          0.647     6.219    usensor/data_reg[1]
    SLICE_X62Y13         CARRY4 (Prop_carry4_S[0]_CO[3])
                                                      0.831     7.050 r  usensor/next1_carry/CO[3]
                         net (fo=1, routed)           0.000     7.050    usensor/next1_carry_n_0
    SLICE_X62Y14         CARRY4 (Prop_carry4_CI_CO[3])
                                                      0.114     7.164 r  usensor/next1_carry__0/CO[3]
                         net (fo=1, routed)           0.000     7.164    usensor/next1_carry__0_n_0
    SLICE_X62Y15         CARRY4 (Prop_carry4_CI_O[3])
                                                      0.313     7.477 f  usensor/next1_carry__1/O[3]
                         net (fo=2, routed)           0.655     8.132    usensor/next1_carry__1_n_4
    SLICE_X63Y15         LUT6 (Prop_lut6_I2_O)        0.306     8.438 f  usensor/data_reg[13]_i_5/O
                         net (fo=1, routed)           0.650     9.089    usensor/data_reg[13]_i_5_n_0
    SLICE_X63Y14         LUT6 (Prop_lut6_I5_O)        0.124     9.213 f  usensor/data_reg[13]_i_3/O
                         net (fo=15, routed)          0.683     9.895    usensor/data_reg[13]_i_3_n_0
    SLICE_X63Y16         LUT3 (Prop_lut3_I1_O)        0.124    10.019 r  usensor/data_reg[12]_i_1/O
                         net (fo=1, routed)           0.000    10.019    usensor/data_reg[12]_i_1_n_0
    SLICE_X63Y16         FDCE                                         r  usensor/data_reg_reg[12]/D
  -------------------------------------------------------------------    -------------------

                         (clock sys_clk_pin rise edge)
                                                     10.000    10.000 r  
    W5                                                0.000    10.000 r  clk (IN)
                         net (fo=0)                   0.000    10.000    clk
    W5                   IBUF (Prop_ibuf_I_O)         1.388    11.388 r  clk_IBUF_inst/O
                         net (fo=1, routed)           1.862    13.250    clk_IBUF
    BUFGCTRL_X0Y0        BUFG (Prop_bufg_I_O)         0.091    13.341 r  clk_IBUF_BUFG_inst/O
                         net (fo=69, routed)          1.512    14.853    usensor/CLK
    SLICE_X63Y16         FDCE                                         r  usensor/data_reg_reg[12]/C
                         clock pessimism              0.260    15.113    
                         clock uncertainty           -0.035    15.078    
    SLICE_X63Y16         FDCE (Setup_fdce_C_D)        0.029    15.107    usensor/data_reg_reg[12]
  -------------------------------------------------------------------
                         required time                         15.107    
                         arrival time                         -10.019    
  -------------------------------------------------------------------
                         slack                                  5.088    

Slack (MET) :             5.099ns  (required time - arrival time)
  Source:                 usensor/data_reg_reg[1]/C
                            (rising edge-triggered cell FDCE clocked by sys_clk_pin  {rise@0.000ns fall@5.000ns period=10.000ns})
  Destination:            usensor/data_reg_reg[2]/D
                            (rising edge-triggered cell FDCE clocked by sys_clk_pin  {rise@0.000ns fall@5.000ns period=10.000ns})
  Path Group:             sys_clk_pin
  Path Type:              Setup (Max at Slow Process Corner)
  Requirement:            10.000ns  (sys_clk_pin rise@10.000ns - sys_clk_pin rise@0.000ns)
  Data Path Delay:        4.897ns  (logic 2.231ns (45.557%)  route 2.666ns (54.443%))
  Logic Levels:           6  (CARRY4=3 LUT3=1 LUT6=2)
  Clock Path Skew:        0.000ns (DCD - SCD + CPR)
    Destination Clock Delay (DCD):    4.854ns = ( 14.854 - 10.000 ) 
    Source Clock Delay      (SCD):    5.153ns
    Clock Pessimism Removal (CPR):    0.299ns
  Clock Uncertainty:      0.035ns  ((TSJ^2 + TIJ^2)^1/2 + DJ) / 2 + PE
    Total System Jitter     (TSJ):    0.071ns
    Total Input Jitter      (TIJ):    0.000ns
    Discrete Jitter          (DJ):    0.000ns
    Phase Error              (PE):    0.000ns

    Location             Delay type                Incr(ns)  Path(ns)    Netlist Resource(s)
  -------------------------------------------------------------------    -------------------
                         (clock sys_clk_pin rise edge)
                                                      0.000     0.000 r  
    W5                                                0.000     0.000 r  clk (IN)
                         net (fo=0)                   0.000     0.000    clk
    W5                   IBUF (Prop_ibuf_I_O)         1.458     1.458 r  clk_IBUF_inst/O
                         net (fo=1, routed)           1.967     3.425    clk_IBUF
    BUFGCTRL_X0Y0        BUFG (Prop_bufg_I_O)         0.096     3.521 r  clk_IBUF_BUFG_inst/O
                         net (fo=69, routed)          1.632     5.153    usensor/CLK
    SLICE_X61Y14         FDCE                                         r  usensor/data_reg_reg[1]/C
  -------------------------------------------------------------------    -------------------
    SLICE_X61Y14         FDCE (Prop_fdce_C_Q)         0.419     5.572 r  usensor/data_reg_reg[1]/Q
                         net (fo=12, routed)          0.647     6.219    usensor/data_reg[1]
    SLICE_X62Y13         CARRY4 (Prop_carry4_S[0]_CO[3])
                                                      0.831     7.050 r  usensor/next1_carry/CO[3]
                         net (fo=1, routed)           0.000     7.050    usensor/next1_carry_n_0
    SLICE_X62Y14         CARRY4 (Prop_carry4_CI_CO[3])
                                                      0.114     7.164 r  usensor/next1_carry__0/CO[3]
                         net (fo=1, routed)           0.000     7.164    usensor/next1_carry__0_n_0
    SLICE_X62Y15         CARRY4 (Prop_carry4_CI_O[3])
                                                      0.313     7.477 f  usensor/next1_carry__1/O[3]
                         net (fo=2, routed)           0.655     8.132    usensor/next1_carry__1_n_4
    SLICE_X63Y15         LUT6 (Prop_lut6_I2_O)        0.306     8.438 f  usensor/data_reg[13]_i_5/O
                         net (fo=1, routed)           0.650     9.089    usensor/data_reg[13]_i_5_n_0
    SLICE_X63Y14         LUT6 (Prop_lut6_I5_O)        0.124     9.213 f  usensor/data_reg[13]_i_3/O
                         net (fo=15, routed)          0.714     9.926    usensor/data_reg[13]_i_3_n_0
    SLICE_X61Y14         LUT3 (Prop_lut3_I1_O)        0.124    10.050 r  usensor/data_reg[2]_i_1/O
                         net (fo=1, routed)           0.000    10.050    usensor/data_reg[2]_i_1_n_0
    SLICE_X61Y14         FDCE                                         r  usensor/data_reg_reg[2]/D
  -------------------------------------------------------------------    -------------------

                         (clock sys_clk_pin rise edge)
                                                     10.000    10.000 r  
    W5                                                0.000    10.000 r  clk (IN)
                         net (fo=0)                   0.000    10.000    clk
    W5                   IBUF (Prop_ibuf_I_O)         1.388    11.388 r  clk_IBUF_inst/O
                         net (fo=1, routed)           1.862    13.250    clk_IBUF
    BUFGCTRL_X0Y0        BUFG (Prop_bufg_I_O)         0.091    13.341 r  clk_IBUF_BUFG_inst/O
                         net (fo=69, routed)          1.513    14.854    usensor/CLK
    SLICE_X61Y14         FDCE                                         r  usensor/data_reg_reg[2]/C
                         clock pessimism              0.299    15.153    
                         clock uncertainty           -0.035    15.118    
    SLICE_X61Y14         FDCE (Setup_fdce_C_D)        0.031    15.149    usensor/data_reg_reg[2]
  -------------------------------------------------------------------
                         required time                         15.149    
                         arrival time                         -10.050    
  -------------------------------------------------------------------
                         slack                                  5.099    

Slack (MET) :             5.140ns  (required time - arrival time)
  Source:                 usensor/data_reg_reg[1]/C
                            (rising edge-triggered cell FDCE clocked by sys_clk_pin  {rise@0.000ns fall@5.000ns period=10.000ns})
  Destination:            usensor/data_reg_reg[13]/D
                            (rising edge-triggered cell FDCE clocked by sys_clk_pin  {rise@0.000ns fall@5.000ns period=10.000ns})
  Path Group:             sys_clk_pin
  Path Type:              Setup (Max at Slow Process Corner)
  Requirement:            10.000ns  (sys_clk_pin rise@10.000ns - sys_clk_pin rise@0.000ns)
  Data Path Delay:        4.860ns  (logic 2.225ns (45.782%)  route 2.635ns (54.218%))
  Logic Levels:           6  (CARRY4=3 LUT3=1 LUT6=2)
  Clock Path Skew:        -0.040ns (DCD - SCD + CPR)
    Destination Clock Delay (DCD):    4.853ns = ( 14.853 - 10.000 ) 
    Source Clock Delay      (SCD):    5.153ns
    Clock Pessimism Removal (CPR):    0.260ns
  Clock Uncertainty:      0.035ns  ((TSJ^2 + TIJ^2)^1/2 + DJ) / 2 + PE
    Total System Jitter     (TSJ):    0.071ns
    Total Input Jitter      (TIJ):    0.000ns
    Discrete Jitter          (DJ):    0.000ns
    Phase Error              (PE):    0.000ns

    Location             Delay type                Incr(ns)  Path(ns)    Netlist Resource(s)
  -------------------------------------------------------------------    -------------------
                         (clock sys_clk_pin rise edge)
                                                      0.000     0.000 r  
    W5                                                0.000     0.000 r  clk (IN)
                         net (fo=0)                   0.000     0.000    clk
    W5                   IBUF (Prop_ibuf_I_O)         1.458     1.458 r  clk_IBUF_inst/O
                         net (fo=1, routed)           1.967     3.425    clk_IBUF
    BUFGCTRL_X0Y0        BUFG (Prop_bufg_I_O)         0.096     3.521 r  clk_IBUF_BUFG_inst/O
                         net (fo=69, routed)          1.632     5.153    usensor/CLK
    SLICE_X61Y14         FDCE                                         r  usensor/data_reg_reg[1]/C
  -------------------------------------------------------------------    -------------------
    SLICE_X61Y14         FDCE (Prop_fdce_C_Q)         0.419     5.572 r  usensor/data_reg_reg[1]/Q
                         net (fo=12, routed)          0.647     6.219    usensor/data_reg[1]
    SLICE_X62Y13         CARRY4 (Prop_carry4_S[0]_CO[3])
                                                      0.831     7.050 r  usensor/next1_carry/CO[3]
                         net (fo=1, routed)           0.000     7.050    usensor/next1_carry_n_0
    SLICE_X62Y14         CARRY4 (Prop_carry4_CI_CO[3])
                                                      0.114     7.164 r  usensor/next1_carry__0/CO[3]
                         net (fo=1, routed)           0.000     7.164    usensor/next1_carry__0_n_0
    SLICE_X62Y15         CARRY4 (Prop_carry4_CI_O[3])
                                                      0.313     7.477 f  usensor/next1_carry__1/O[3]
                         net (fo=2, routed)           0.655     8.132    usensor/next1_carry__1_n_4
    SLICE_X63Y15         LUT6 (Prop_lut6_I2_O)        0.306     8.438 f  usensor/data_reg[13]_i_5/O
                         net (fo=1, routed)           0.650     9.089    usensor/data_reg[13]_i_5_n_0
    SLICE_X63Y14         LUT6 (Prop_lut6_I5_O)        0.124     9.213 f  usensor/data_reg[13]_i_3/O
                         net (fo=15, routed)          0.683     9.895    usensor/data_reg[13]_i_3_n_0
    SLICE_X63Y16         LUT3 (Prop_lut3_I1_O)        0.118    10.013 r  usensor/data_reg[13]_i_2/O
                         net (fo=1, routed)           0.000    10.013    usensor/data_reg[13]_i_2_n_0
    SLICE_X63Y16         FDCE                                         r  usensor/data_reg_reg[13]/D
  -------------------------------------------------------------------    -------------------

                         (clock sys_clk_pin rise edge)
                                                     10.000    10.000 r  
    W5                                                0.000    10.000 r  clk (IN)
                         net (fo=0)                   0.000    10.000    clk
    W5                   IBUF (Prop_ibuf_I_O)         1.388    11.388 r  clk_IBUF_inst/O
                         net (fo=1, routed)           1.862    13.250    clk_IBUF
    BUFGCTRL_X0Y0        BUFG (Prop_bufg_I_O)         0.091    13.341 r  clk_IBUF_BUFG_inst/O
                         net (fo=69, routed)          1.512    14.853    usensor/CLK
    SLICE_X63Y16         FDCE                                         r  usensor/data_reg_reg[13]/C
                         clock pessimism              0.260    15.113    
                         clock uncertainty           -0.035    15.078    
    SLICE_X63Y16         FDCE (Setup_fdce_C_D)        0.075    15.153    usensor/data_reg_reg[13]
  -------------------------------------------------------------------
                         required time                         15.153    
                         arrival time                         -10.013    
  -------------------------------------------------------------------
                         slack                                  5.140    

Slack (MET) :             5.148ns  (required time - arrival time)
  Source:                 usensor/data_reg_reg[1]/C
                            (rising edge-triggered cell FDCE clocked by sys_clk_pin  {rise@0.000ns fall@5.000ns period=10.000ns})
  Destination:            usensor/data_reg_reg[3]/D
                            (rising edge-triggered cell FDCE clocked by sys_clk_pin  {rise@0.000ns fall@5.000ns period=10.000ns})
  Path Group:             sys_clk_pin
  Path Type:              Setup (Max at Slow Process Corner)
  Requirement:            10.000ns  (sys_clk_pin rise@10.000ns - sys_clk_pin rise@0.000ns)
  Data Path Delay:        4.892ns  (logic 2.226ns (45.502%)  route 2.666ns (54.498%))
  Logic Levels:           6  (CARRY4=3 LUT3=1 LUT6=2)
  Clock Path Skew:        0.000ns (DCD - SCD + CPR)
    Destination Clock Delay (DCD):    4.854ns = ( 14.854 - 10.000 ) 
    Source Clock Delay      (SCD):    5.153ns
    Clock Pessimism Removal (CPR):    0.299ns
  Clock Uncertainty:      0.035ns  ((TSJ^2 + TIJ^2)^1/2 + DJ) / 2 + PE
    Total System Jitter     (TSJ):    0.071ns
    Total Input Jitter      (TIJ):    0.000ns
    Discrete Jitter          (DJ):    0.000ns
    Phase Error              (PE):    0.000ns

    Location             Delay type                Incr(ns)  Path(ns)    Netlist Resource(s)
  -------------------------------------------------------------------    -------------------
                         (clock sys_clk_pin rise edge)
                                                      0.000     0.000 r  
    W5                                                0.000     0.000 r  clk (IN)
                         net (fo=0)                   0.000     0.000    clk
    W5                   IBUF (Prop_ibuf_I_O)         1.458     1.458 r  clk_IBUF_inst/O
                         net (fo=1, routed)           1.967     3.425    clk_IBUF
    BUFGCTRL_X0Y0        BUFG (Prop_bufg_I_O)         0.096     3.521 r  clk_IBUF_BUFG_inst/O
                         net (fo=69, routed)          1.632     5.153    usensor/CLK
    SLICE_X61Y14         FDCE                                         r  usensor/data_reg_reg[1]/C
  -------------------------------------------------------------------    -------------------
    SLICE_X61Y14         FDCE (Prop_fdce_C_Q)         0.419     5.572 r  usensor/data_reg_reg[1]/Q
                         net (fo=12, routed)          0.647     6.219    usensor/data_reg[1]
    SLICE_X62Y13         CARRY4 (Prop_carry4_S[0]_CO[3])
                                                      0.831     7.050 r  usensor/next1_carry/CO[3]
                         net (fo=1, routed)           0.000     7.050    usensor/next1_carry_n_0
    SLICE_X62Y14         CARRY4 (Prop_carry4_CI_CO[3])
                                                      0.114     7.164 r  usensor/next1_carry__0/CO[3]
                         net (fo=1, routed)           0.000     7.164    usensor/next1_carry__0_n_0
    SLICE_X62Y15         CARRY4 (Prop_carry4_CI_O[3])
                                                      0.313     7.477 f  usensor/next1_carry__1/O[3]
                         net (fo=2, routed)           0.655     8.132    usensor/next1_carry__1_n_4
    SLICE_X63Y15         LUT6 (Prop_lut6_I2_O)        0.306     8.438 f  usensor/data_reg[13]_i_5/O
                         net (fo=1, routed)           0.650     9.089    usensor/data_reg[13]_i_5_n_0
    SLICE_X63Y14         LUT6 (Prop_lut6_I5_O)        0.124     9.213 f  usensor/data_reg[13]_i_3/O
                         net (fo=15, routed)          0.714     9.926    usensor/data_reg[13]_i_3_n_0
    SLICE_X61Y14         LUT3 (Prop_lut3_I1_O)        0.119    10.045 r  usensor/data_reg[3]_i_1/O
                         net (fo=1, routed)           0.000    10.045    usensor/data_reg[3]_i_1_n_0
    SLICE_X61Y14         FDCE                                         r  usensor/data_reg_reg[3]/D
  -------------------------------------------------------------------    -------------------

                         (clock sys_clk_pin rise edge)
                                                     10.000    10.000 r  
    W5                                                0.000    10.000 r  clk (IN)
                         net (fo=0)                   0.000    10.000    clk
    W5                   IBUF (Prop_ibuf_I_O)         1.388    11.388 r  clk_IBUF_inst/O
                         net (fo=1, routed)           1.862    13.250    clk_IBUF
    BUFGCTRL_X0Y0        BUFG (Prop_bufg_I_O)         0.091    13.341 r  clk_IBUF_BUFG_inst/O
                         net (fo=69, routed)          1.513    14.854    usensor/CLK
    SLICE_X61Y14         FDCE                                         r  usensor/data_reg_reg[3]/C
                         clock pessimism              0.299    15.153    
                         clock uncertainty           -0.035    15.118    
    SLICE_X61Y14         FDCE (Setup_fdce_C_D)        0.075    15.193    usensor/data_reg_reg[3]
  -------------------------------------------------------------------
                         required time                         15.193    
                         arrival time                         -10.045    
  -------------------------------------------------------------------
                         slack                                  5.148    





Min Delay Paths
--------------------------------------------------------------------------------------
Slack (MET) :             0.185ns  (arrival time - required time)
  Source:                 usensor/tick_count_reg[0]/C
                            (rising edge-triggered cell FDCE clocked by sys_clk_pin  {rise@0.000ns fall@5.000ns period=10.000ns})
  Destination:            usensor/tick_count_reg[3]/D
                            (rising edge-triggered cell FDCE clocked by sys_clk_pin  {rise@0.000ns fall@5.000ns period=10.000ns})
  Path Group:             sys_clk_pin
  Path Type:              Hold (Min at Fast Process Corner)
  Requirement:            0.000ns  (sys_clk_pin rise@0.000ns - sys_clk_pin rise@0.000ns)
  Data Path Delay:        0.318ns  (logic 0.186ns (58.427%)  route 0.132ns (41.573%))
  Logic Levels:           1  (LUT6=1)
  Clock Path Skew:        0.013ns (DCD - SCD - CPR)
    Destination Clock Delay (DCD):    1.952ns
    Source Clock Delay      (SCD):    1.439ns
    Clock Pessimism Removal (CPR):    0.500ns

    Location             Delay type                Incr(ns)  Path(ns)    Netlist Resource(s)
  -------------------------------------------------------------------    -------------------
                         (clock sys_clk_pin rise edge)
                                                      0.000     0.000 r  
    W5                                                0.000     0.000 r  clk (IN)
                         net (fo=0)                   0.000     0.000    clk
    W5                   IBUF (Prop_ibuf_I_O)         0.226     0.226 r  clk_IBUF_inst/O
                         net (fo=1, routed)           0.631     0.858    clk_IBUF
    BUFGCTRL_X0Y0        BUFG (Prop_bufg_I_O)         0.026     0.884 r  clk_IBUF_BUFG_inst/O
                         net (fo=69, routed)          0.556     1.439    usensor/CLK
    SLICE_X53Y21         FDCE                                         r  usensor/tick_count_reg[0]/C
  -------------------------------------------------------------------    -------------------
    SLICE_X53Y21         FDCE (Prop_fdce_C_Q)         0.141     1.580 r  usensor/tick_count_reg[0]/Q
                         net (fo=8, routed)           0.132     1.712    usensor/tick_count[0]
    SLICE_X52Y21         LUT6 (Prop_lut6_I2_O)        0.045     1.757 r  usensor/tick_count[3]_i_1/O
                         net (fo=1, routed)           0.000     1.757    usensor/tick_count[3]_i_1_n_0
    SLICE_X52Y21         FDCE                                         r  usensor/tick_count_reg[3]/D
  -------------------------------------------------------------------    -------------------

                         (clock sys_clk_pin rise edge)
                                                      0.000     0.000 r  
    W5                                                0.000     0.000 r  clk (IN)
                         net (fo=0)                   0.000     0.000    clk
    W5                   IBUF (Prop_ibuf_I_O)         0.414     0.414 r  clk_IBUF_inst/O
                         net (fo=1, routed)           0.685     1.099    clk_IBUF
    BUFGCTRL_X0Y0        BUFG (Prop_bufg_I_O)         0.029     1.128 r  clk_IBUF_BUFG_inst/O
                         net (fo=69, routed)          0.825     1.952    usensor/CLK
    SLICE_X52Y21         FDCE                                         r  usensor/tick_count_reg[3]/C
                         clock pessimism             -0.500     1.452    
    SLICE_X52Y21         FDCE (Hold_fdce_C_D)         0.120     1.572    usensor/tick_count_reg[3]
  -------------------------------------------------------------------
                         required time                         -1.572    
                         arrival time                           1.757    
  -------------------------------------------------------------------
                         slack                                  0.185    

Slack (MET) :             0.186ns  (arrival time - required time)
  Source:                 u1us/count_reg_reg[1]/C
                            (rising edge-triggered cell FDCE clocked by sys_clk_pin  {rise@0.000ns fall@5.000ns period=10.000ns})
  Destination:            u1us/count_reg_reg[4]/D
                            (rising edge-triggered cell FDCE clocked by sys_clk_pin  {rise@0.000ns fall@5.000ns period=10.000ns})
  Path Group:             sys_clk_pin
  Path Type:              Hold (Min at Fast Process Corner)
  Requirement:            0.000ns  (sys_clk_pin rise@0.000ns - sys_clk_pin rise@0.000ns)
  Data Path Delay:        0.306ns  (logic 0.212ns (69.213%)  route 0.094ns (30.787%))
  Logic Levels:           1  (LUT5=1)
  Clock Path Skew:        0.013ns (DCD - SCD - CPR)
    Destination Clock Delay (DCD):    1.953ns
    Source Clock Delay      (SCD):    1.440ns
    Clock Pessimism Removal (CPR):    0.500ns

    Location             Delay type                Incr(ns)  Path(ns)    Netlist Resource(s)
  -------------------------------------------------------------------    -------------------
                         (clock sys_clk_pin rise edge)
                                                      0.000     0.000 r  
    W5                                                0.000     0.000 r  clk (IN)
                         net (fo=0)                   0.000     0.000    clk
    W5                   IBUF (Prop_ibuf_I_O)         0.226     0.226 r  clk_IBUF_inst/O
                         net (fo=1, routed)           0.631     0.858    clk_IBUF
    BUFGCTRL_X0Y0        BUFG (Prop_bufg_I_O)         0.026     0.884 r  clk_IBUF_BUFG_inst/O
                         net (fo=69, routed)          0.557     1.440    u1us/CLK
    SLICE_X50Y20         FDCE                                         r  u1us/count_reg_reg[1]/C
  -------------------------------------------------------------------    -------------------
    SLICE_X50Y20         FDCE (Prop_fdce_C_Q)         0.164     1.604 r  u1us/count_reg_reg[1]/Q
                         net (fo=4, routed)           0.094     1.698    u1us/count_reg[1]
    SLICE_X51Y20         LUT5 (Prop_lut5_I1_O)        0.048     1.746 r  u1us/count_reg[4]_i_1/O
                         net (fo=1, routed)           0.000     1.746    u1us/count_next[4]
    SLICE_X51Y20         FDCE                                         r  u1us/count_reg_reg[4]/D
  -------------------------------------------------------------------    -------------------

                         (clock sys_clk_pin rise edge)
                                                      0.000     0.000 r  
    W5                                                0.000     0.000 r  clk (IN)
                         net (fo=0)                   0.000     0.000    clk
    W5                   IBUF (Prop_ibuf_I_O)         0.414     0.414 r  clk_IBUF_inst/O
                         net (fo=1, routed)           0.685     1.099    clk_IBUF
    BUFGCTRL_X0Y0        BUFG (Prop_bufg_I_O)         0.029     1.128 r  clk_IBUF_BUFG_inst/O
                         net (fo=69, routed)          0.826     1.953    u1us/CLK
    SLICE_X51Y20         FDCE                                         r  u1us/count_reg_reg[4]/C
                         clock pessimism             -0.500     1.453    
    SLICE_X51Y20         FDCE (Hold_fdce_C_D)         0.107     1.560    u1us/count_reg_reg[4]
  -------------------------------------------------------------------
                         required time                         -1.560    
                         arrival time                           1.746    
  -------------------------------------------------------------------
                         slack                                  0.186    

Slack (MET) :             0.188ns  (arrival time - required time)
  Source:                 usensor/tick_count_reg[0]/C
                            (rising edge-triggered cell FDCE clocked by sys_clk_pin  {rise@0.000ns fall@5.000ns period=10.000ns})
  Destination:            usensor/tick_count_reg[2]/D
                            (rising edge-triggered cell FDCE clocked by sys_clk_pin  {rise@0.000ns fall@5.000ns period=10.000ns})
  Path Group:             sys_clk_pin
  Path Type:              Hold (Min at Fast Process Corner)
  Requirement:            0.000ns  (sys_clk_pin rise@0.000ns - sys_clk_pin rise@0.000ns)
  Data Path Delay:        0.322ns  (logic 0.186ns (57.702%)  route 0.136ns (42.298%))
  Logic Levels:           1  (LUT6=1)
  Clock Path Skew:        0.013ns (DCD - SCD - CPR)
    Destination Clock Delay (DCD):    1.952ns
    Source Clock Delay      (SCD):    1.439ns
    Clock Pessimism Removal (CPR):    0.500ns

    Location             Delay type                Incr(ns)  Path(ns)    Netlist Resource(s)
  -------------------------------------------------------------------    -------------------
                         (clock sys_clk_pin rise edge)
                                                      0.000     0.000 r  
    W5                                                0.000     0.000 r  clk (IN)
                         net (fo=0)                   0.000     0.000    clk
    W5                   IBUF (Prop_ibuf_I_O)         0.226     0.226 r  clk_IBUF_inst/O
                         net (fo=1, routed)           0.631     0.858    clk_IBUF
    BUFGCTRL_X0Y0        BUFG (Prop_bufg_I_O)         0.026     0.884 r  clk_IBUF_BUFG_inst/O
                         net (fo=69, routed)          0.556     1.439    usensor/CLK
    SLICE_X53Y21         FDCE                                         r  usensor/tick_count_reg[0]/C
  -------------------------------------------------------------------    -------------------
    SLICE_X53Y21         FDCE (Prop_fdce_C_Q)         0.141     1.580 r  usensor/tick_count_reg[0]/Q
                         net (fo=8, routed)           0.136     1.716    usensor/tick_count[0]
    SLICE_X52Y21         LUT6 (Prop_lut6_I0_O)        0.045     1.761 r  usensor/tick_count[2]_i_1/O
                         net (fo=1, routed)           0.000     1.761    usensor/tick_count[2]_i_1_n_0
    SLICE_X52Y21         FDCE                                         r  usensor/tick_count_reg[2]/D
  -------------------------------------------------------------------    -------------------

                         (clock sys_clk_pin rise edge)
                                                      0.000     0.000 r  
    W5                                                0.000     0.000 r  clk (IN)
                         net (fo=0)                   0.000     0.000    clk
    W5                   IBUF (Prop_ibuf_I_O)         0.414     0.414 r  clk_IBUF_inst/O
                         net (fo=1, routed)           0.685     1.099    clk_IBUF
    BUFGCTRL_X0Y0        BUFG (Prop_bufg_I_O)         0.029     1.128 r  clk_IBUF_BUFG_inst/O
                         net (fo=69, routed)          0.825     1.952    usensor/CLK
    SLICE_X52Y21         FDCE                                         r  usensor/tick_count_reg[2]/C
                         clock pessimism             -0.500     1.452    
    SLICE_X52Y21         FDCE (Hold_fdce_C_D)         0.121     1.573    usensor/tick_count_reg[2]
  -------------------------------------------------------------------
                         required time                         -1.573    
                         arrival time                           1.761    
  -------------------------------------------------------------------
                         slack                                  0.188    

Slack (MET) :             0.192ns  (arrival time - required time)
  Source:                 u1us/count_reg_reg[3]/C
                            (rising edge-triggered cell FDCE clocked by sys_clk_pin  {rise@0.000ns fall@5.000ns period=10.000ns})
  Destination:            u1us/tick_reg_reg/D
                            (rising edge-triggered cell FDCE clocked by sys_clk_pin  {rise@0.000ns fall@5.000ns period=10.000ns})
  Path Group:             sys_clk_pin
  Path Type:              Hold (Min at Fast Process Corner)
  Requirement:            0.000ns  (sys_clk_pin rise@0.000ns - sys_clk_pin rise@0.000ns)
  Data Path Delay:        0.327ns  (logic 0.186ns (56.796%)  route 0.141ns (43.204%))
  Logic Levels:           1  (LUT6=1)
  Clock Path Skew:        0.014ns (DCD - SCD - CPR)
    Destination Clock Delay (DCD):    1.953ns
    Source Clock Delay      (SCD):    1.440ns
    Clock Pessimism Removal (CPR):    0.499ns

    Location             Delay type                Incr(ns)  Path(ns)    Netlist Resource(s)
  -------------------------------------------------------------------    -------------------
                         (clock sys_clk_pin rise edge)
                                                      0.000     0.000 r  
    W5                                                0.000     0.000 r  clk (IN)
                         net (fo=0)                   0.000     0.000    clk
    W5                   IBUF (Prop_ibuf_I_O)         0.226     0.226 r  clk_IBUF_inst/O
                         net (fo=1, routed)           0.631     0.858    clk_IBUF
    BUFGCTRL_X0Y0        BUFG (Prop_bufg_I_O)         0.026     0.884 r  clk_IBUF_BUFG_inst/O
                         net (fo=69, routed)          0.557     1.440    u1us/CLK
    SLICE_X51Y20         FDCE                                         r  u1us/count_reg_reg[3]/C
  -------------------------------------------------------------------    -------------------
    SLICE_X51Y20         FDCE (Prop_fdce_C_Q)         0.141     1.581 f  u1us/count_reg_reg[3]/Q
                         net (fo=6, routed)           0.141     1.723    u1us/count_reg[3]
    SLICE_X52Y20         LUT6 (Prop_lut6_I4_O)        0.045     1.768 r  u1us/tick_reg_i_1/O
                         net (fo=1, routed)           0.000     1.768    u1us/tick_next
    SLICE_X52Y20         FDCE                                         r  u1us/tick_reg_reg/D
  -------------------------------------------------------------------    -------------------

                         (clock sys_clk_pin rise edge)
                                                      0.000     0.000 r  
    W5                                                0.000     0.000 r  clk (IN)
                         net (fo=0)                   0.000     0.000    clk
    W5                   IBUF (Prop_ibuf_I_O)         0.414     0.414 r  clk_IBUF_inst/O
                         net (fo=1, routed)           0.685     1.099    clk_IBUF
    BUFGCTRL_X0Y0        BUFG (Prop_bufg_I_O)         0.029     1.128 r  clk_IBUF_BUFG_inst/O
                         net (fo=69, routed)          0.826     1.953    u1us/CLK
    SLICE_X52Y20         FDCE                                         r  u1us/tick_reg_reg/C
                         clock pessimism             -0.499     1.454    
    SLICE_X52Y20         FDCE (Hold_fdce_C_D)         0.121     1.575    u1us/tick_reg_reg
  -------------------------------------------------------------------
                         required time                         -1.575    
                         arrival time                           1.768    
  -------------------------------------------------------------------
                         slack                                  0.192    

Slack (MET) :             0.195ns  (arrival time - required time)
  Source:                 u1us/count_reg_reg[3]/C
                            (rising edge-triggered cell FDCE clocked by sys_clk_pin  {rise@0.000ns fall@5.000ns period=10.000ns})
  Destination:            u1us/count_reg_reg[5]/D
                            (rising edge-triggered cell FDCE clocked by sys_clk_pin  {rise@0.000ns fall@5.000ns period=10.000ns})
  Path Group:             sys_clk_pin
  Path Type:              Hold (Min at Fast Process Corner)
  Requirement:            0.000ns  (sys_clk_pin rise@0.000ns - sys_clk_pin rise@0.000ns)
  Data Path Delay:        0.329ns  (logic 0.186ns (56.452%)  route 0.143ns (43.548%))
  Logic Levels:           1  (LUT6=1)
  Clock Path Skew:        0.014ns (DCD - SCD - CPR)
    Destination Clock Delay (DCD):    1.953ns
    Source Clock Delay      (SCD):    1.440ns
    Clock Pessimism Removal (CPR):    0.499ns

    Location             Delay type                Incr(ns)  Path(ns)    Netlist Resource(s)
  -------------------------------------------------------------------    -------------------
                         (clock sys_clk_pin rise edge)
                                                      0.000     0.000 r  
    W5                                                0.000     0.000 r  clk (IN)
                         net (fo=0)                   0.000     0.000    clk
    W5                   IBUF (Prop_ibuf_I_O)         0.226     0.226 r  clk_IBUF_inst/O
                         net (fo=1, routed)           0.631     0.858    clk_IBUF
    BUFGCTRL_X0Y0        BUFG (Prop_bufg_I_O)         0.026     0.884 r  clk_IBUF_BUFG_inst/O
                         net (fo=69, routed)          0.557     1.440    u1us/CLK
    SLICE_X51Y20         FDCE                                         r  u1us/count_reg_reg[3]/C
  -------------------------------------------------------------------    -------------------
    SLICE_X51Y20         FDCE (Prop_fdce_C_Q)         0.141     1.581 r  u1us/count_reg_reg[3]/Q
                         net (fo=6, routed)           0.143     1.725    u1us/count_reg[3]
    SLICE_X52Y20         LUT6 (Prop_lut6_I3_O)        0.045     1.770 r  u1us/count_reg[5]_i_1/O
                         net (fo=1, routed)           0.000     1.770    u1us/count_next[5]
    SLICE_X52Y20         FDCE                                         r  u1us/count_reg_reg[5]/D
  -------------------------------------------------------------------    -------------------

                         (clock sys_clk_pin rise edge)
                                                      0.000     0.000 r  
    W5                                                0.000     0.000 r  clk (IN)
                         net (fo=0)                   0.000     0.000    clk
    W5                   IBUF (Prop_ibuf_I_O)         0.414     0.414 r  clk_IBUF_inst/O
                         net (fo=1, routed)           0.685     1.099    clk_IBUF
    BUFGCTRL_X0Y0        BUFG (Prop_bufg_I_O)         0.029     1.128 r  clk_IBUF_BUFG_inst/O
                         net (fo=69, routed)          0.826     1.953    u1us/CLK
    SLICE_X52Y20         FDCE                                         r  u1us/count_reg_reg[5]/C
                         clock pessimism             -0.499     1.454    
    SLICE_X52Y20         FDCE (Hold_fdce_C_D)         0.120     1.574    u1us/count_reg_reg[5]
  -------------------------------------------------------------------
                         required time                         -1.574    
                         arrival time                           1.770    
  -------------------------------------------------------------------
                         slack                                  0.195    

Slack (MET) :             0.199ns  (arrival time - required time)
  Source:                 u1us/count_reg_reg[1]/C
                            (rising edge-triggered cell FDCE clocked by sys_clk_pin  {rise@0.000ns fall@5.000ns period=10.000ns})
  Destination:            u1us/count_reg_reg[3]/D
                            (rising edge-triggered cell FDCE clocked by sys_clk_pin  {rise@0.000ns fall@5.000ns period=10.000ns})
  Path Group:             sys_clk_pin
  Path Type:              Hold (Min at Fast Process Corner)
  Requirement:            0.000ns  (sys_clk_pin rise@0.000ns - sys_clk_pin rise@0.000ns)
  Data Path Delay:        0.303ns  (logic 0.209ns (68.908%)  route 0.094ns (31.092%))
  Logic Levels:           1  (LUT4=1)
  Clock Path Skew:        0.013ns (DCD - SCD - CPR)
    Destination Clock Delay (DCD):    1.953ns
    Source Clock Delay      (SCD):    1.440ns
    Clock Pessimism Removal (CPR):    0.500ns

    Location             Delay type                Incr(ns)  Path(ns)    Netlist Resource(s)
  -------------------------------------------------------------------    -------------------
                         (clock sys_clk_pin rise edge)
                                                      0.000     0.000 r  
    W5                                                0.000     0.000 r  clk (IN)
                         net (fo=0)                   0.000     0.000    clk
    W5                   IBUF (Prop_ibuf_I_O)         0.226     0.226 r  clk_IBUF_inst/O
                         net (fo=1, routed)           0.631     0.858    clk_IBUF
    BUFGCTRL_X0Y0        BUFG (Prop_bufg_I_O)         0.026     0.884 r  clk_IBUF_BUFG_inst/O
                         net (fo=69, routed)          0.557     1.440    u1us/CLK
    SLICE_X50Y20         FDCE                                         r  u1us/count_reg_reg[1]/C
  -------------------------------------------------------------------    -------------------
    SLICE_X50Y20         FDCE (Prop_fdce_C_Q)         0.164     1.604 r  u1us/count_reg_reg[1]/Q
                         net (fo=4, routed)           0.094     1.698    u1us/count_reg[1]
    SLICE_X51Y20         LUT4 (Prop_lut4_I2_O)        0.045     1.743 r  u1us/count_reg[3]_i_1/O
                         net (fo=1, routed)           0.000     1.743    u1us/count_next[3]
    SLICE_X51Y20         FDCE                                         r  u1us/count_reg_reg[3]/D
  -------------------------------------------------------------------    -------------------

                         (clock sys_clk_pin rise edge)
                                                      0.000     0.000 r  
    W5                                                0.000     0.000 r  clk (IN)
                         net (fo=0)                   0.000     0.000    clk
    W5                   IBUF (Prop_ibuf_I_O)         0.414     0.414 r  clk_IBUF_inst/O
                         net (fo=1, routed)           0.685     1.099    clk_IBUF
    BUFGCTRL_X0Y0        BUFG (Prop_bufg_I_O)         0.029     1.128 r  clk_IBUF_BUFG_inst/O
                         net (fo=69, routed)          0.826     1.953    u1us/CLK
    SLICE_X51Y20         FDCE                                         r  u1us/count_reg_reg[3]/C
                         clock pessimism             -0.500     1.453    
    SLICE_X51Y20         FDCE (Hold_fdce_C_D)         0.091     1.544    u1us/count_reg_reg[3]
  -------------------------------------------------------------------
                         required time                         -1.544    
                         arrival time                           1.743    
  -------------------------------------------------------------------
                         slack                                  0.199    

Slack (MET) :             0.220ns  (arrival time - required time)
  Source:                 u1us/count_reg_reg[4]/C
                            (rising edge-triggered cell FDCE clocked by sys_clk_pin  {rise@0.000ns fall@5.000ns period=10.000ns})
  Destination:            u1us/count_reg_reg[2]/D
                            (rising edge-triggered cell FDCE clocked by sys_clk_pin  {rise@0.000ns fall@5.000ns period=10.000ns})
  Path Group:             sys_clk_pin
  Path Type:              Hold (Min at Fast Process Corner)
  Requirement:            0.000ns  (sys_clk_pin rise@0.000ns - sys_clk_pin rise@0.000ns)
  Data Path Delay:        0.312ns  (logic 0.227ns (72.779%)  route 0.085ns (27.221%))
  Logic Levels:           1  (LUT6=1)
  Clock Path Skew:        0.000ns (DCD - SCD - CPR)
    Destination Clock Delay (DCD):    1.953ns
    Source Clock Delay      (SCD):    1.440ns
    Clock Pessimism Removal (CPR):    0.513ns

    Location             Delay type                Incr(ns)  Path(ns)    Netlist Resource(s)
  -------------------------------------------------------------------    -------------------
                         (clock sys_clk_pin rise edge)
                                                      0.000     0.000 r  
    W5                                                0.000     0.000 r  clk (IN)
                         net (fo=0)                   0.000     0.000    clk
    W5                   IBUF (Prop_ibuf_I_O)         0.226     0.226 r  clk_IBUF_inst/O
                         net (fo=1, routed)           0.631     0.858    clk_IBUF
    BUFGCTRL_X0Y0        BUFG (Prop_bufg_I_O)         0.026     0.884 r  clk_IBUF_BUFG_inst/O
                         net (fo=69, routed)          0.557     1.440    u1us/CLK
    SLICE_X51Y20         FDCE                                         r  u1us/count_reg_reg[4]/C
  -------------------------------------------------------------------    -------------------
    SLICE_X51Y20         FDCE (Prop_fdce_C_Q)         0.128     1.568 r  u1us/count_reg_reg[4]/Q
                         net (fo=5, routed)           0.085     1.653    u1us/count_reg[4]
    SLICE_X51Y20         LUT6 (Prop_lut6_I2_O)        0.099     1.752 r  u1us/count_reg[2]_i_1/O
                         net (fo=1, routed)           0.000     1.752    u1us/count_next[2]
    SLICE_X51Y20         FDCE                                         r  u1us/count_reg_reg[2]/D
  -------------------------------------------------------------------    -------------------

                         (clock sys_clk_pin rise edge)
                                                      0.000     0.000 r  
    W5                                                0.000     0.000 r  clk (IN)
                         net (fo=0)                   0.000     0.000    clk
    W5                   IBUF (Prop_ibuf_I_O)         0.414     0.414 r  clk_IBUF_inst/O
                         net (fo=1, routed)           0.685     1.099    clk_IBUF
    BUFGCTRL_X0Y0        BUFG (Prop_bufg_I_O)         0.029     1.128 r  clk_IBUF_BUFG_inst/O
                         net (fo=69, routed)          0.826     1.953    u1us/CLK
    SLICE_X51Y20         FDCE                                         r  u1us/count_reg_reg[2]/C
                         clock pessimism             -0.513     1.440    
    SLICE_X51Y20         FDCE (Hold_fdce_C_D)         0.092     1.532    u1us/count_reg_reg[2]
  -------------------------------------------------------------------
                         required time                         -1.532    
                         arrival time                           1.752    
  -------------------------------------------------------------------
                         slack                                  0.220    

Slack (MET) :             0.227ns  (arrival time - required time)
  Source:                 u1us/count_reg_reg[2]/C
                            (rising edge-triggered cell FDCE clocked by sys_clk_pin  {rise@0.000ns fall@5.000ns period=10.000ns})
  Destination:            u1us/count_reg_reg[6]/D
                            (rising edge-triggered cell FDCE clocked by sys_clk_pin  {rise@0.000ns fall@5.000ns period=10.000ns})
  Path Group:             sys_clk_pin
  Path Type:              Hold (Min at Fast Process Corner)
  Requirement:            0.000ns  (sys_clk_pin rise@0.000ns - sys_clk_pin rise@0.000ns)
  Data Path Delay:        0.362ns  (logic 0.186ns (51.317%)  route 0.176ns (48.683%))
  Logic Levels:           1  (LUT6=1)
  Clock Path Skew:        0.014ns (DCD - SCD - CPR)
    Destination Clock Delay (DCD):    1.953ns
    Source Clock Delay      (SCD):    1.440ns
    Clock Pessimism Removal (CPR):    0.499ns

    Location             Delay type                Incr(ns)  Path(ns)    Netlist Resource(s)
  -------------------------------------------------------------------    -------------------
                         (clock sys_clk_pin rise edge)
                                                      0.000     0.000 r  
    W5                                                0.000     0.000 r  clk (IN)
                         net (fo=0)                   0.000     0.000    clk
    W5                   IBUF (Prop_ibuf_I_O)         0.226     0.226 r  clk_IBUF_inst/O
                         net (fo=1, routed)           0.631     0.858    clk_IBUF
    BUFGCTRL_X0Y0        BUFG (Prop_bufg_I_O)         0.026     0.884 r  clk_IBUF_BUFG_inst/O
                         net (fo=69, routed)          0.557     1.440    u1us/CLK
    SLICE_X51Y20         FDCE                                         r  u1us/count_reg_reg[2]/C
  -------------------------------------------------------------------    -------------------
    SLICE_X51Y20         FDCE (Prop_fdce_C_Q)         0.141     1.581 r  u1us/count_reg_reg[2]/Q
                         net (fo=6, routed)           0.176     1.758    u1us/count_reg[2]
    SLICE_X52Y20         LUT6 (Prop_lut6_I3_O)        0.045     1.803 r  u1us/count_reg[6]_i_1/O
                         net (fo=1, routed)           0.000     1.803    u1us/count_next[6]
    SLICE_X52Y20         FDCE                                         r  u1us/count_reg_reg[6]/D
  -------------------------------------------------------------------    -------------------

                         (clock sys_clk_pin rise edge)
                                                      0.000     0.000 r  
    W5                                                0.000     0.000 r  clk (IN)
                         net (fo=0)                   0.000     0.000    clk
    W5                   IBUF (Prop_ibuf_I_O)         0.414     0.414 r  clk_IBUF_inst/O
                         net (fo=1, routed)           0.685     1.099    clk_IBUF
    BUFGCTRL_X0Y0        BUFG (Prop_bufg_I_O)         0.029     1.128 r  clk_IBUF_BUFG_inst/O
                         net (fo=69, routed)          0.826     1.953    u1us/CLK
    SLICE_X52Y20         FDCE                                         r  u1us/count_reg_reg[6]/C
                         clock pessimism             -0.499     1.454    
    SLICE_X52Y20         FDCE (Hold_fdce_C_D)         0.121     1.575    u1us/count_reg_reg[6]
  -------------------------------------------------------------------
                         required time                         -1.575    
                         arrival time                           1.803    
  -------------------------------------------------------------------
                         slack                                  0.227    

Slack (MET) :             0.249ns  (arrival time - required time)
  Source:                 usensor/tick_count_reg[5]/C
                            (rising edge-triggered cell FDCE clocked by sys_clk_pin  {rise@0.000ns fall@5.000ns period=10.000ns})
  Destination:            usensor/start_tick_reg_reg/D
                            (rising edge-triggered cell FDCE clocked by sys_clk_pin  {rise@0.000ns fall@5.000ns period=10.000ns})
  Path Group:             sys_clk_pin
  Path Type:              Hold (Min at Fast Process Corner)
  Requirement:            0.000ns  (sys_clk_pin rise@0.000ns - sys_clk_pin rise@0.000ns)
  Data Path Delay:        0.354ns  (logic 0.226ns (63.842%)  route 0.128ns (36.158%))
  Logic Levels:           1  (LUT6=1)
  Clock Path Skew:        0.014ns (DCD - SCD - CPR)
    Destination Clock Delay (DCD):    1.952ns
    Source Clock Delay      (SCD):    1.439ns
    Clock Pessimism Removal (CPR):    0.499ns

    Location             Delay type                Incr(ns)  Path(ns)    Netlist Resource(s)
  -------------------------------------------------------------------    -------------------
                         (clock sys_clk_pin rise edge)
                                                      0.000     0.000 r  
    W5                                                0.000     0.000 r  clk (IN)
                         net (fo=0)                   0.000     0.000    clk
    W5                   IBUF (Prop_ibuf_I_O)         0.226     0.226 r  clk_IBUF_inst/O
                         net (fo=1, routed)           0.631     0.858    clk_IBUF
    BUFGCTRL_X0Y0        BUFG (Prop_bufg_I_O)         0.026     0.884 r  clk_IBUF_BUFG_inst/O
                         net (fo=69, routed)          0.556     1.439    usensor/CLK
    SLICE_X53Y21         FDCE                                         r  usensor/tick_count_reg[5]/C
  -------------------------------------------------------------------    -------------------
    SLICE_X53Y21         FDCE (Prop_fdce_C_Q)         0.128     1.567 r  usensor/tick_count_reg[5]/Q
                         net (fo=3, routed)           0.128     1.695    usensor/tick_count[5]
    SLICE_X51Y21         LUT6 (Prop_lut6_I5_O)        0.098     1.793 r  usensor/start_tick_reg_i_2/O
                         net (fo=1, routed)           0.000     1.793    usensor/p_0_in
    SLICE_X51Y21         FDCE                                         r  usensor/start_tick_reg_reg/D
  -------------------------------------------------------------------    -------------------

                         (clock sys_clk_pin rise edge)
                                                      0.000     0.000 r  
    W5                                                0.000     0.000 r  clk (IN)
                         net (fo=0)                   0.000     0.000    clk
    W5                   IBUF (Prop_ibuf_I_O)         0.414     0.414 r  clk_IBUF_inst/O
                         net (fo=1, routed)           0.685     1.099    clk_IBUF
    BUFGCTRL_X0Y0        BUFG (Prop_bufg_I_O)         0.029     1.128 r  clk_IBUF_BUFG_inst/O
                         net (fo=69, routed)          0.825     1.952    usensor/CLK
    SLICE_X51Y21         FDCE                                         r  usensor/start_tick_reg_reg/C
                         clock pessimism             -0.499     1.453    
    SLICE_X51Y21         FDCE (Hold_fdce_C_D)         0.091     1.544    usensor/start_tick_reg_reg
  -------------------------------------------------------------------
                         required time                         -1.544    
                         arrival time                           1.793    
  -------------------------------------------------------------------
                         slack                                  0.249    

Slack (MET) :             0.275ns  (arrival time - required time)
  Source:                 ubtn/counter_reg[0]/C
                            (rising edge-triggered cell FDCE clocked by sys_clk_pin  {rise@0.000ns fall@5.000ns period=10.000ns})
  Destination:            ubtn/counter_reg[0]/D
                            (rising edge-triggered cell FDCE clocked by sys_clk_pin  {rise@0.000ns fall@5.000ns period=10.000ns})
  Path Group:             sys_clk_pin
  Path Type:              Hold (Min at Fast Process Corner)
  Requirement:            0.000ns  (sys_clk_pin rise@0.000ns - sys_clk_pin rise@0.000ns)
  Data Path Delay:        0.366ns  (logic 0.186ns (50.768%)  route 0.180ns (49.232%))
  Logic Levels:           1  (LUT1=1)
  Clock Path Skew:        0.000ns (DCD - SCD - CPR)
    Destination Clock Delay (DCD):    1.955ns
    Source Clock Delay      (SCD):    1.444ns
    Clock Pessimism Removal (CPR):    0.511ns

    Location             Delay type                Incr(ns)  Path(ns)    Netlist Resource(s)
  -------------------------------------------------------------------    -------------------
                         (clock sys_clk_pin rise edge)
                                                      0.000     0.000 r  
    W5                                                0.000     0.000 r  clk (IN)
                         net (fo=0)                   0.000     0.000    clk
    W5                   IBUF (Prop_ibuf_I_O)         0.226     0.226 r  clk_IBUF_inst/O
                         net (fo=1, routed)           0.631     0.858    clk_IBUF
    BUFGCTRL_X0Y0        BUFG (Prop_bufg_I_O)         0.026     0.884 r  clk_IBUF_BUFG_inst/O
                         net (fo=69, routed)          0.561     1.444    ubtn/CLK
    SLICE_X57Y18         FDCE                                         r  ubtn/counter_reg[0]/C
  -------------------------------------------------------------------    -------------------
    SLICE_X57Y18         FDCE (Prop_fdce_C_Q)         0.141     1.585 f  ubtn/counter_reg[0]/Q
                         net (fo=3, routed)           0.180     1.766    ubtn/counter_reg_n_0_[0]
    SLICE_X57Y18         LUT1 (Prop_lut1_I0_O)        0.045     1.811 r  ubtn/counter[0]_i_1/O
                         net (fo=1, routed)           0.000     1.811    ubtn/counter[0]
    SLICE_X57Y18         FDCE                                         r  ubtn/counter_reg[0]/D
  -------------------------------------------------------------------    -------------------

                         (clock sys_clk_pin rise edge)
                                                      0.000     0.000 r  
    W5                                                0.000     0.000 r  clk (IN)
                         net (fo=0)                   0.000     0.000    clk
    W5                   IBUF (Prop_ibuf_I_O)         0.414     0.414 r  clk_IBUF_inst/O
                         net (fo=1, routed)           0.685     1.099    clk_IBUF
    BUFGCTRL_X0Y0        BUFG (Prop_bufg_I_O)         0.029     1.128 r  clk_IBUF_BUFG_inst/O
                         net (fo=69, routed)          0.828     1.955    ubtn/CLK
    SLICE_X57Y18         FDCE                                         r  ubtn/counter_reg[0]/C
                         clock pessimism             -0.511     1.444    
    SLICE_X57Y18         FDCE (Hold_fdce_C_D)         0.091     1.535    ubtn/counter_reg[0]
  -------------------------------------------------------------------
                         required time                         -1.535    
                         arrival time                           1.811    
  -------------------------------------------------------------------
                         slack                                  0.275    





Pulse Width Checks
--------------------------------------------------------------------------------------
Clock Name:         sys_clk_pin
Waveform(ns):       { 0.000 5.000 }
Period(ns):         10.000
Sources:            { clk }

Check Type        Corner  Lib Pin  Reference Pin  Required(ns)  Actual(ns)  Slack(ns)  Location       Pin
Min Period        n/a     BUFG/I   n/a            2.155         10.000      7.845      BUFGCTRL_X0Y0  clk_IBUF_BUFG_inst/I
Min Period        n/a     FDCE/C   n/a            1.000         10.000      9.000      SLICE_X50Y24   fnd/u_clock_div/r_clk_reg/C
Min Period        n/a     FDCE/C   n/a            1.000         10.000      9.000      SLICE_X48Y23   fnd/u_clock_div/r_counter_reg[0]/C
Min Period        n/a     FDCE/C   n/a            1.000         10.000      9.000      SLICE_X48Y24   fnd/u_clock_div/r_counter_reg[10]/C
Min Period        n/a     FDCE/C   n/a            1.000         10.000      9.000      SLICE_X48Y24   fnd/u_clock_div/r_counter_reg[11]/C
Min Period        n/a     FDCE/C   n/a            1.000         10.000      9.000      SLICE_X48Y24   fnd/u_clock_div/r_counter_reg[12]/C
Min Period        n/a     FDCE/C   n/a            1.000         10.000      9.000      SLICE_X48Y25   fnd/u_clock_div/r_counter_reg[13]/C
Min Period        n/a     FDCE/C   n/a            1.000         10.000      9.000      SLICE_X48Y25   fnd/u_clock_div/r_counter_reg[14]/C
Min Period        n/a     FDCE/C   n/a            1.000         10.000      9.000      SLICE_X51Y20   u1us/count_reg_reg[3]/C
Min Period        n/a     FDCE/C   n/a            1.000         10.000      9.000      SLICE_X51Y20   u1us/count_reg_reg[4]/C
Low Pulse Width   Slow    FDCE/C   n/a            0.500         5.000       4.500      SLICE_X57Y15   ubtn/counter_reg[1]/C
Low Pulse Width   Slow    FDCE/C   n/a            0.500         5.000       4.500      SLICE_X57Y15   ubtn/counter_reg[2]/C
Low Pulse Width   Slow    FDCE/C   n/a            0.500         5.000       4.500      SLICE_X57Y15   ubtn/counter_reg[3]/C
Low Pulse Width   Slow    FDCE/C   n/a            0.500         5.000       4.500      SLICE_X57Y15   ubtn/counter_reg[4]/C
Low Pulse Width   Slow    FDCE/C   n/a            0.500         5.000       4.500      SLICE_X57Y15   ubtn/counter_reg[5]/C
Low Pulse Width   Slow    FDCE/C   n/a            0.500         5.000       4.500      SLICE_X57Y16   ubtn/counter_reg[6]/C
Low Pulse Width   Slow    FDCE/C   n/a            0.500         5.000       4.500      SLICE_X57Y16   ubtn/counter_reg[7]/C
Low Pulse Width   Slow    FDCE/C   n/a            0.500         5.000       4.500      SLICE_X57Y16   ubtn/counter_reg[8]/C
Low Pulse Width   Slow    FDCE/C   n/a            0.500         5.000       4.500      SLICE_X57Y16   ubtn/counter_reg[9]/C
Low Pulse Width   Fast    FDCE/C   n/a            0.500         5.000       4.500      SLICE_X50Y24   fnd/u_clock_div/r_clk_reg/C
High Pulse Width  Slow    FDCE/C   n/a            0.500         5.000       4.500      SLICE_X48Y24   fnd/u_clock_div/r_counter_reg[10]/C
High Pulse Width  Slow    FDCE/C   n/a            0.500         5.000       4.500      SLICE_X48Y24   fnd/u_clock_div/r_counter_reg[11]/C
High Pulse Width  Slow    FDCE/C   n/a            0.500         5.000       4.500      SLICE_X48Y24   fnd/u_clock_div/r_counter_reg[12]/C
High Pulse Width  Slow    FDCE/C   n/a            0.500         5.000       4.500      SLICE_X48Y25   fnd/u_clock_div/r_counter_reg[13]/C
High Pulse Width  Slow    FDCE/C   n/a            0.500         5.000       4.500      SLICE_X48Y25   fnd/u_clock_div/r_counter_reg[14]/C
High Pulse Width  Slow    FDCE/C   n/a            0.500         5.000       4.500      SLICE_X51Y20   u1us/count_reg_reg[3]/C
High Pulse Width  Slow    FDCE/C   n/a            0.500         5.000       4.500      SLICE_X51Y20   u1us/count_reg_reg[4]/C
High Pulse Width  Slow    FDCE/C   n/a            0.500         5.000       4.500      SLICE_X52Y20   u1us/count_reg_reg[5]/C
High Pulse Width  Slow    FDCE/C   n/a            0.500         5.000       4.500      SLICE_X52Y20   u1us/count_reg_reg[6]/C
High Pulse Width  Slow    FDCE/C   n/a            0.500         5.000       4.500      SLICE_X52Y20   u1us/tick_reg_reg/C



