Copyright 1986-2020 Xilinx, Inc. All Rights Reserved.
-----------------------------------------------------------------------------------------------------------------------------------------------------------------------------------------------------------------------
| Tool Version : Vivado v.2020.2 (win64) Build 3064766 Wed Nov 18 09:12:45 MST 2020
| Date         : Tue May 20 15:55:55 2025
| Host         : korchamHoyoun24 running 64-bit major release  (build 9200)
| Command      : report_timing_summary -max_paths 10 -file design_1_wrapper_timing_summary_routed.rpt -pb design_1_wrapper_timing_summary_routed.pb -rpx design_1_wrapper_timing_summary_routed.rpx -warn_on_violation
| Design       : design_1_wrapper
| Device       : 7a35t-cpg236
| Speed File   : -1  PRODUCTION 1.23 2018-06-13
-----------------------------------------------------------------------------------------------------------------------------------------------------------------------------------------------------------------------

Timing Summary Report

------------------------------------------------------------------------------------------------
| Timer Settings
| --------------
------------------------------------------------------------------------------------------------

  Enable Multi Corner Analysis               :  Yes
  Enable Pessimism Removal                   :  Yes
  Pessimism Removal Resolution               :  Nearest Common Node
  Enable Input Delay Default Clock           :  No
  Enable Preset / Clear Arcs                 :  No
  Disable Flight Delays                      :  No
  Ignore I/O Paths                           :  No
  Timing Early Launch at Borrowing Latches   :  No
  Borrow Time for Max Delay Exceptions       :  Yes
  Merge Timing Exceptions                    :  Yes

  Corner  Analyze    Analyze    
  Name    Max Paths  Min Paths  
  ------  ---------  ---------  
  Slow    Yes        Yes        
  Fast    Yes        Yes        



check_timing report

Table of Contents
-----------------
1. checking no_clock (0)
2. checking constant_clock (0)
3. checking pulse_width_clock (0)
4. checking unconstrained_internal_endpoints (0)
5. checking no_input_delay (2)
6. checking no_output_delay (2)
7. checking multiple_clock (1479)
8. checking generated_clocks (0)
9. checking loops (0)
10. checking partial_input_delay (0)
11. checking partial_output_delay (0)
12. checking latch_loops (0)

1. checking no_clock (0)
------------------------
 There are 0 register/latch pins with no clock.


2. checking constant_clock (0)
------------------------------
 There are 0 register/latch pins with constant_clock.


3. checking pulse_width_clock (0)
---------------------------------
 There are 0 register/latch pins which need pulse_width check


4. checking unconstrained_internal_endpoints (0)
------------------------------------------------
 There are 0 pins that are not constrained for maximum delay.

 There are 0 pins that are not constrained for maximum delay due to constant clock.


5. checking no_input_delay (2)
------------------------------
 There are 2 input ports with no input delay specified. (HIGH)

 There are 0 input ports with no input delay but user has a false path constraint.


6. checking no_output_delay (2)
-------------------------------
 There are 2 ports with no output delay specified. (HIGH)

 There are 0 ports with no output delay but user has a false path constraint

 There are 0 ports with no output delay but with a timing clock defined on it or propagating through it


7. checking multiple_clock (1479)
---------------------------------
 There are 1479 register/latch pins with multiple clocks. (HIGH)


8. checking generated_clocks (0)
--------------------------------
 There are 0 generated clocks that are not connected to a clock source.


9. checking loops (0)
---------------------
 There are 0 combinational loops in the design.


10. checking partial_input_delay (0)
------------------------------------
 There are 0 input ports with partial input delay specified.


11. checking partial_output_delay (0)
-------------------------------------
 There are 0 ports with partial output delay specified.


12. checking latch_loops (0)
----------------------------
 There are 0 combinational latch loops in the design through latch input



------------------------------------------------------------------------------------------------
| Design Timing Summary
| ---------------------
------------------------------------------------------------------------------------------------

    WNS(ns)      TNS(ns)  TNS Failing Endpoints  TNS Total Endpoints      WHS(ns)      THS(ns)  THS Failing Endpoints  THS Total Endpoints     WPWS(ns)     TPWS(ns)  TPWS Failing Endpoints  TPWS Total Endpoints  
    -------      -------  ---------------------  -------------------      -------      -------  ---------------------  -------------------     --------     --------  ----------------------  --------------------  
      1.513        0.000                      0                 5415        0.035        0.000                      0                 5415        3.000        0.000                       0                  1758  


All user specified timing constraints are met.


------------------------------------------------------------------------------------------------
| Clock Summary
| -------------
------------------------------------------------------------------------------------------------

Clock                                                       Waveform(ns)       Period(ns)      Frequency(MHz)
-----                                                       ------------       ----------      --------------
design_1_i/mdm_1/U0/Use_E2.BSCAN_I/Use_E2.BSCANE2_I/DRCK    {0.000 16.666}     33.333          30.000          
design_1_i/mdm_1/U0/Use_E2.BSCAN_I/Use_E2.BSCANE2_I/UPDATE  {0.000 16.666}     33.333          30.000          
sys_clk_pin                                                 {0.000 5.000}      10.000          100.000         
  clk_out1_design_1_clk_wiz_1_0_1                           {0.000 5.000}      10.000          100.000         
  clkfbout_design_1_clk_wiz_1_0_1                           {0.000 5.000}      10.000          100.000         
sys_clock                                                   {0.000 5.000}      10.000          100.000         
  clk_out1_design_1_clk_wiz_1_0                             {0.000 5.000}      10.000          100.000         
  clkfbout_design_1_clk_wiz_1_0                             {0.000 5.000}      10.000          100.000         


------------------------------------------------------------------------------------------------
| Intra Clock Table
| -----------------
------------------------------------------------------------------------------------------------

Clock                                                           WNS(ns)      TNS(ns)  TNS Failing Endpoints  TNS Total Endpoints      WHS(ns)      THS(ns)  THS Failing Endpoints  THS Total Endpoints     WPWS(ns)     TPWS(ns)  TPWS Failing Endpoints  TPWS Total Endpoints  
-----                                                           -------      -------  ---------------------  -------------------      -------      -------  ---------------------  -------------------     --------     --------  ----------------------  --------------------  
design_1_i/mdm_1/U0/Use_E2.BSCAN_I/Use_E2.BSCANE2_I/DRCK         13.102        0.000                      0                  222        0.148        0.000                      0                  222       15.686        0.000                       0                   233  
design_1_i/mdm_1/U0/Use_E2.BSCAN_I/Use_E2.BSCANE2_I/UPDATE       10.912        0.000                      0                   46        0.262        0.000                      0                   46       16.166        0.000                       0                    40  
sys_clk_pin                                                                                                                                                                                                   3.000        0.000                       0                     1  
  clk_out1_design_1_clk_wiz_1_0_1                                 1.514        0.000                      0                 5147        0.109        0.000                      0                 5147        3.750        0.000                       0                  1481  
  clkfbout_design_1_clk_wiz_1_0_1                                                                                                                                                                             7.845        0.000                       0                     3  
sys_clock                                                                                                                                                                                                     3.000        0.000                       0                     1  
  clk_out1_design_1_clk_wiz_1_0                                   1.513        0.000                      0                 5147        0.109        0.000                      0                 5147        3.750        0.000                       0                  1481  
  clkfbout_design_1_clk_wiz_1_0                                                                                                                                                                               7.845        0.000                       0                     3  


------------------------------------------------------------------------------------------------
| Inter Clock Table
| -----------------
------------------------------------------------------------------------------------------------

From Clock                       To Clock                             WNS(ns)      TNS(ns)  TNS Failing Endpoints  TNS Total Endpoints      WHS(ns)      THS(ns)  THS Failing Endpoints  THS Total Endpoints  
----------                       --------                             -------      -------  ---------------------  -------------------      -------      -------  ---------------------  -------------------  
clk_out1_design_1_clk_wiz_1_0    clk_out1_design_1_clk_wiz_1_0_1        1.513        0.000                      0                 5147        0.035        0.000                      0                 5147  
clk_out1_design_1_clk_wiz_1_0_1  clk_out1_design_1_clk_wiz_1_0          1.513        0.000                      0                 5147        0.035        0.000                      0                 5147  


------------------------------------------------------------------------------------------------
| Other Path Groups Table
| -----------------------
------------------------------------------------------------------------------------------------

Path Group    From Clock    To Clock          WNS(ns)      TNS(ns)  TNS Failing Endpoints  TNS Total Endpoints      WHS(ns)      THS(ns)  THS Failing Endpoints  THS Total Endpoints  
----------    ----------    --------          -------      -------  ---------------------  -------------------      -------      -------  ---------------------  -------------------  


------------------------------------------------------------------------------------------------
| Timing Details
| --------------
------------------------------------------------------------------------------------------------


---------------------------------------------------------------------------------------------------
From Clock:  design_1_i/mdm_1/U0/Use_E2.BSCAN_I/Use_E2.BSCANE2_I/DRCK
  To Clock:  design_1_i/mdm_1/U0/Use_E2.BSCAN_I/Use_E2.BSCANE2_I/DRCK

Setup :            0  Failing Endpoints,  Worst Slack       13.102ns,  Total Violation        0.000ns
Hold  :            0  Failing Endpoints,  Worst Slack        0.148ns,  Total Violation        0.000ns
PW    :            0  Failing Endpoints,  Worst Slack       15.686ns,  Total Violation        0.000ns
---------------------------------------------------------------------------------------------------


Max Delay Paths
--------------------------------------------------------------------------------------
Slack (MET) :             13.102ns  (required time - arrival time)
  Source:                 design_1_i/mdm_1/U0/MDM_Core_I1/JTAG_CONTROL_I/Use_Serial_Unified_Completion.completion_block_reg/C
                            (rising edge-triggered cell FDRE clocked by design_1_i/mdm_1/U0/Use_E2.BSCAN_I/Use_E2.BSCANE2_I/DRCK  {rise@0.000ns fall@16.667ns period=33.333ns})
  Destination:            design_1_i/mdm_1/U0/MDM_Core_I1/JTAG_CONTROL_I/Use_BSCAN.SYNC_FDRE/Using_FPGA.Native/CE
                            (falling edge-triggered cell FDRE clocked by design_1_i/mdm_1/U0/Use_E2.BSCAN_I/Use_E2.BSCANE2_I/DRCK  {rise@0.000ns fall@16.667ns period=33.333ns})
  Path Group:             design_1_i/mdm_1/U0/Use_E2.BSCAN_I/Use_E2.BSCANE2_I/DRCK
  Path Type:              Setup (Max at Slow Process Corner)
  Requirement:            16.667ns  (design_1_i/mdm_1/U0/Use_E2.BSCAN_I/Use_E2.BSCANE2_I/DRCK fall@16.667ns - design_1_i/mdm_1/U0/Use_E2.BSCAN_I/Use_E2.BSCANE2_I/DRCK rise@0.000ns)
  Data Path Delay:        3.302ns  (logic 0.704ns (21.323%)  route 2.598ns (78.677%))
  Logic Levels:           2  (LUT5=1 LUT6=1)
  Clock Path Skew:        -0.026ns (DCD - SCD + CPR)
    Destination Clock Delay (DCD):    3.174ns = ( 19.840 - 16.667 ) 
    Source Clock Delay      (SCD):    3.568ns
    Clock Pessimism Removal (CPR):    0.368ns
  Clock Uncertainty:      0.035ns  ((TSJ^2 + TIJ^2)^1/2 + DJ) / 2 + PE
    Total System Jitter     (TSJ):    0.071ns
    Total Input Jitter      (TIJ):    0.000ns
    Discrete Jitter          (DJ):    0.000ns
    Phase Error              (PE):    0.000ns

    Location             Delay type                Incr(ns)  Path(ns)    Netlist Resource(s)
  -------------------------------------------------------------------    -------------------
                         (clock design_1_i/mdm_1/U0/Use_E2.BSCAN_I/Use_E2.BSCANE2_I/DRCK rise edge)
                                                      0.000     0.000 r  
    BSCAN_X0Y1           BSCANE2                      0.000     0.000 r  design_1_i/mdm_1/U0/Use_E2.BSCAN_I/Use_E2.BSCANE2_I/DRCK
                         net (fo=1, routed)           1.905     1.905    design_1_i/mdm_1/U0/No_Dbg_Reg_Access.BUFG_DRCK/DRCK
    BUFGCTRL_X0Y1        BUFG (Prop_bufg_I_O)         0.096     2.001 r  design_1_i/mdm_1/U0/No_Dbg_Reg_Access.BUFG_DRCK/Using_FPGA.Native/O
                         net (fo=232, routed)         1.566     3.568    design_1_i/mdm_1/U0/MDM_Core_I1/JTAG_CONTROL_I/Using_FPGA.Native
    SLICE_X40Y44         FDRE                                         r  design_1_i/mdm_1/U0/MDM_Core_I1/JTAG_CONTROL_I/Use_Serial_Unified_Completion.completion_block_reg/C
  -------------------------------------------------------------------    -------------------
    SLICE_X40Y44         FDRE (Prop_fdre_C_Q)         0.456     4.024 f  design_1_i/mdm_1/U0/MDM_Core_I1/JTAG_CONTROL_I/Use_Serial_Unified_Completion.completion_block_reg/Q
                         net (fo=13, routed)          1.153     5.177    design_1_i/mdm_1/U0/MDM_Core_I1/JTAG_CONTROL_I/Use_BSCAN.FDC_I/Use_Serial_Unified_Completion.completion_block_reg_0
    SLICE_X44Y42         LUT6 (Prop_lut6_I4_O)        0.124     5.301 r  design_1_i/mdm_1/U0/MDM_Core_I1/JTAG_CONTROL_I/Use_BSCAN.FDC_I/Using_FPGA.Native_i_2/O
                         net (fo=1, routed)           0.879     6.181    design_1_i/mdm_1/U0/MDM_Core_I1/JTAG_CONTROL_I/Use_BSCAN.FDC_I/Using_FPGA.Native_i_2_n_0
    SLICE_X44Y42         LUT5 (Prop_lut5_I0_O)        0.124     6.305 r  design_1_i/mdm_1/U0/MDM_Core_I1/JTAG_CONTROL_I/Use_BSCAN.FDC_I/Using_FPGA.Native_i_1/O
                         net (fo=1, routed)           0.565     6.870    design_1_i/mdm_1/U0/MDM_Core_I1/JTAG_CONTROL_I/Use_BSCAN.SYNC_FDRE/CE
    SLICE_X43Y41         FDRE                                         r  design_1_i/mdm_1/U0/MDM_Core_I1/JTAG_CONTROL_I/Use_BSCAN.SYNC_FDRE/Using_FPGA.Native/CE
  -------------------------------------------------------------------    -------------------

                         (clock design_1_i/mdm_1/U0/Use_E2.BSCAN_I/Use_E2.BSCANE2_I/DRCK fall edge)
                                                     16.667    16.667 f  
    BSCAN_X0Y1           BSCANE2                      0.000    16.667 f  design_1_i/mdm_1/U0/Use_E2.BSCAN_I/Use_E2.BSCANE2_I/DRCK
                         net (fo=1, routed)           1.636    18.303    design_1_i/mdm_1/U0/No_Dbg_Reg_Access.BUFG_DRCK/DRCK
    BUFGCTRL_X0Y1        BUFG (Prop_bufg_I_O)         0.091    18.394 f  design_1_i/mdm_1/U0/No_Dbg_Reg_Access.BUFG_DRCK/Using_FPGA.Native/O
                         net (fo=232, routed)         1.446    19.840    design_1_i/mdm_1/U0/MDM_Core_I1/JTAG_CONTROL_I/Use_BSCAN.SYNC_FDRE/Using_FPGA.Native_0
    SLICE_X43Y41         FDRE                                         r  design_1_i/mdm_1/U0/MDM_Core_I1/JTAG_CONTROL_I/Use_BSCAN.SYNC_FDRE/Using_FPGA.Native/C  (IS_INVERTED)
                         clock pessimism              0.368    20.208    
                         clock uncertainty           -0.035    20.173    
    SLICE_X43Y41         FDRE (Setup_fdre_C_CE)      -0.202    19.971    design_1_i/mdm_1/U0/MDM_Core_I1/JTAG_CONTROL_I/Use_BSCAN.SYNC_FDRE/Using_FPGA.Native
  -------------------------------------------------------------------
                         required time                         19.971    
                         arrival time                          -6.870    
  -------------------------------------------------------------------
                         slack                                 13.102    

Slack (MET) :             13.953ns  (required time - arrival time)
  Source:                 design_1_i/mdm_1/U0/MDM_Core_I1/JTAG_CONTROL_I/Use_BSCAN.SYNC_FDRE/Using_FPGA.Native/C
                            (falling edge-triggered cell FDRE clocked by design_1_i/mdm_1/U0/Use_E2.BSCAN_I/Use_E2.BSCANE2_I/DRCK  {rise@0.000ns fall@16.667ns period=33.333ns})
  Destination:            design_1_i/microblaze_0/U0/MicroBlaze_Core_I/Performance.Core/Use_Debug_Logic.Master_Core.Debug_Perf/Serial_Dbg_Intf.shift_count_reg[5]/D
                            (rising edge-triggered cell FDRE clocked by design_1_i/mdm_1/U0/Use_E2.BSCAN_I/Use_E2.BSCANE2_I/DRCK  {rise@0.000ns fall@16.667ns period=33.333ns})
  Path Group:             design_1_i/mdm_1/U0/Use_E2.BSCAN_I/Use_E2.BSCANE2_I/DRCK
  Path Type:              Setup (Max at Slow Process Corner)
  Requirement:            16.667ns  (design_1_i/mdm_1/U0/Use_E2.BSCAN_I/Use_E2.BSCANE2_I/DRCK rise@33.333ns - design_1_i/mdm_1/U0/Use_E2.BSCAN_I/Use_E2.BSCANE2_I/DRCK fall@16.667ns)
  Data Path Delay:        2.665ns  (logic 0.707ns (26.527%)  route 1.958ns (73.473%))
  Logic Levels:           2  (LUT6=2)
  Clock Path Skew:        -0.044ns (DCD - SCD + CPR)
    Destination Clock Delay (DCD):    3.169ns = ( 36.502 - 33.333 ) 
    Source Clock Delay      (SCD):    3.567ns = ( 20.233 - 16.667 ) 
    Clock Pessimism Removal (CPR):    0.354ns
  Clock Uncertainty:      0.035ns  ((TSJ^2 + TIJ^2)^1/2 + DJ) / 2 + PE
    Total System Jitter     (TSJ):    0.071ns
    Total Input Jitter      (TIJ):    0.000ns
    Discrete Jitter          (DJ):    0.000ns
    Phase Error              (PE):    0.000ns

    Location             Delay type                Incr(ns)  Path(ns)    Netlist Resource(s)
  -------------------------------------------------------------------    -------------------
                         (clock design_1_i/mdm_1/U0/Use_E2.BSCAN_I/Use_E2.BSCANE2_I/DRCK fall edge)
                                                     16.667    16.667 f  
    BSCAN_X0Y1           BSCANE2                      0.000    16.667 f  design_1_i/mdm_1/U0/Use_E2.BSCAN_I/Use_E2.BSCANE2_I/DRCK
                         net (fo=1, routed)           1.905    18.572    design_1_i/mdm_1/U0/No_Dbg_Reg_Access.BUFG_DRCK/DRCK
    BUFGCTRL_X0Y1        BUFG (Prop_bufg_I_O)         0.096    18.668 f  design_1_i/mdm_1/U0/No_Dbg_Reg_Access.BUFG_DRCK/Using_FPGA.Native/O
                         net (fo=232, routed)         1.565    20.233    design_1_i/mdm_1/U0/MDM_Core_I1/JTAG_CONTROL_I/Use_BSCAN.SYNC_FDRE/Using_FPGA.Native_0
    SLICE_X43Y41         FDRE                                         r  design_1_i/mdm_1/U0/MDM_Core_I1/JTAG_CONTROL_I/Use_BSCAN.SYNC_FDRE/Using_FPGA.Native/C  (IS_INVERTED)
  -------------------------------------------------------------------    -------------------
    SLICE_X43Y41         FDRE (Prop_fdre_C_Q)         0.459    20.692 r  design_1_i/mdm_1/U0/MDM_Core_I1/JTAG_CONTROL_I/Use_BSCAN.SYNC_FDRE/Using_FPGA.Native/Q
                         net (fo=4, routed)           0.740    21.433    design_1_i/mdm_1/U0/MDM_Core_I1/JTAG_CONTROL_I/Use_BSCAN.SYNC_FDRE/sync
    SLICE_X41Y42         LUT6 (Prop_lut6_I0_O)        0.124    21.557 r  design_1_i/mdm_1/U0/MDM_Core_I1/JTAG_CONTROL_I/Use_BSCAN.SYNC_FDRE/Dbg_Shift_0_INST_0/O
                         net (fo=8, routed)           1.218    22.775    design_1_i/microblaze_0/U0/MicroBlaze_Core_I/Performance.Core/Use_Debug_Logic.Master_Core.Debug_Perf/Dbg_Shift
    SLICE_X39Y37         LUT6 (Prop_lut6_I4_O)        0.124    22.899 r  design_1_i/microblaze_0/U0/MicroBlaze_Core_I/Performance.Core/Use_Debug_Logic.Master_Core.Debug_Perf/Serial_Dbg_Intf.shift_count[5]_i_1/O
                         net (fo=1, routed)           0.000    22.899    design_1_i/microblaze_0/U0/MicroBlaze_Core_I/Performance.Core/Use_Debug_Logic.Master_Core.Debug_Perf/p_0_in[5]
    SLICE_X39Y37         FDRE                                         r  design_1_i/microblaze_0/U0/MicroBlaze_Core_I/Performance.Core/Use_Debug_Logic.Master_Core.Debug_Perf/Serial_Dbg_Intf.shift_count_reg[5]/D
  -------------------------------------------------------------------    -------------------

                         (clock design_1_i/mdm_1/U0/Use_E2.BSCAN_I/Use_E2.BSCANE2_I/DRCK rise edge)
                                                     33.333    33.333 r  
    BSCAN_X0Y1           BSCANE2                      0.000    33.333 r  design_1_i/mdm_1/U0/Use_E2.BSCAN_I/Use_E2.BSCANE2_I/DRCK
                         net (fo=1, routed)           1.636    34.969    design_1_i/mdm_1/U0/No_Dbg_Reg_Access.BUFG_DRCK/DRCK
    BUFGCTRL_X0Y1        BUFG (Prop_bufg_I_O)         0.091    35.060 r  design_1_i/mdm_1/U0/No_Dbg_Reg_Access.BUFG_DRCK/Using_FPGA.Native/O
                         net (fo=232, routed)         1.441    36.502    design_1_i/microblaze_0/U0/MicroBlaze_Core_I/Performance.Core/Use_Debug_Logic.Master_Core.Debug_Perf/Dbg_Clk
    SLICE_X39Y37         FDRE                                         r  design_1_i/microblaze_0/U0/MicroBlaze_Core_I/Performance.Core/Use_Debug_Logic.Master_Core.Debug_Perf/Serial_Dbg_Intf.shift_count_reg[5]/C
                         clock pessimism              0.354    36.856    
                         clock uncertainty           -0.035    36.821    
    SLICE_X39Y37         FDRE (Setup_fdre_C_D)        0.031    36.852    design_1_i/microblaze_0/U0/MicroBlaze_Core_I/Performance.Core/Use_Debug_Logic.Master_Core.Debug_Perf/Serial_Dbg_Intf.shift_count_reg[5]
  -------------------------------------------------------------------
                         required time                         36.852    
                         arrival time                         -22.899    
  -------------------------------------------------------------------
                         slack                                 13.953    

Slack (MET) :             13.984ns  (required time - arrival time)
  Source:                 design_1_i/mdm_1/U0/MDM_Core_I1/JTAG_CONTROL_I/Use_BSCAN.SYNC_FDRE/Using_FPGA.Native/C
                            (falling edge-triggered cell FDRE clocked by design_1_i/mdm_1/U0/Use_E2.BSCAN_I/Use_E2.BSCANE2_I/DRCK  {rise@0.000ns fall@16.667ns period=33.333ns})
  Destination:            design_1_i/microblaze_0/U0/MicroBlaze_Core_I/Performance.Core/Use_Debug_Logic.Master_Core.Debug_Perf/Serial_Dbg_Intf.shift_count_reg[1]/D
                            (rising edge-triggered cell FDRE clocked by design_1_i/mdm_1/U0/Use_E2.BSCAN_I/Use_E2.BSCANE2_I/DRCK  {rise@0.000ns fall@16.667ns period=33.333ns})
  Path Group:             design_1_i/mdm_1/U0/Use_E2.BSCAN_I/Use_E2.BSCANE2_I/DRCK
  Path Type:              Setup (Max at Slow Process Corner)
  Requirement:            16.667ns  (design_1_i/mdm_1/U0/Use_E2.BSCAN_I/Use_E2.BSCANE2_I/DRCK rise@33.333ns - design_1_i/mdm_1/U0/Use_E2.BSCAN_I/Use_E2.BSCANE2_I/DRCK fall@16.667ns)
  Data Path Delay:        2.632ns  (logic 0.707ns (26.864%)  route 1.925ns (73.136%))
  Logic Levels:           2  (LUT3=1 LUT6=1)
  Clock Path Skew:        -0.044ns (DCD - SCD + CPR)
    Destination Clock Delay (DCD):    3.169ns = ( 36.502 - 33.333 ) 
    Source Clock Delay      (SCD):    3.567ns = ( 20.233 - 16.667 ) 
    Clock Pessimism Removal (CPR):    0.354ns
  Clock Uncertainty:      0.035ns  ((TSJ^2 + TIJ^2)^1/2 + DJ) / 2 + PE
    Total System Jitter     (TSJ):    0.071ns
    Total Input Jitter      (TIJ):    0.000ns
    Discrete Jitter          (DJ):    0.000ns
    Phase Error              (PE):    0.000ns

    Location             Delay type                Incr(ns)  Path(ns)    Netlist Resource(s)
  -------------------------------------------------------------------    -------------------
                         (clock design_1_i/mdm_1/U0/Use_E2.BSCAN_I/Use_E2.BSCANE2_I/DRCK fall edge)
                                                     16.667    16.667 f  
    BSCAN_X0Y1           BSCANE2                      0.000    16.667 f  design_1_i/mdm_1/U0/Use_E2.BSCAN_I/Use_E2.BSCANE2_I/DRCK
                         net (fo=1, routed)           1.905    18.572    design_1_i/mdm_1/U0/No_Dbg_Reg_Access.BUFG_DRCK/DRCK
    BUFGCTRL_X0Y1        BUFG (Prop_bufg_I_O)         0.096    18.668 f  design_1_i/mdm_1/U0/No_Dbg_Reg_Access.BUFG_DRCK/Using_FPGA.Native/O
                         net (fo=232, routed)         1.565    20.233    design_1_i/mdm_1/U0/MDM_Core_I1/JTAG_CONTROL_I/Use_BSCAN.SYNC_FDRE/Using_FPGA.Native_0
    SLICE_X43Y41         FDRE                                         r  design_1_i/mdm_1/U0/MDM_Core_I1/JTAG_CONTROL_I/Use_BSCAN.SYNC_FDRE/Using_FPGA.Native/C  (IS_INVERTED)
  -------------------------------------------------------------------    -------------------
    SLICE_X43Y41         FDRE (Prop_fdre_C_Q)         0.459    20.692 r  design_1_i/mdm_1/U0/MDM_Core_I1/JTAG_CONTROL_I/Use_BSCAN.SYNC_FDRE/Using_FPGA.Native/Q
                         net (fo=4, routed)           0.740    21.433    design_1_i/mdm_1/U0/MDM_Core_I1/JTAG_CONTROL_I/Use_BSCAN.SYNC_FDRE/sync
    SLICE_X41Y42         LUT6 (Prop_lut6_I0_O)        0.124    21.557 r  design_1_i/mdm_1/U0/MDM_Core_I1/JTAG_CONTROL_I/Use_BSCAN.SYNC_FDRE/Dbg_Shift_0_INST_0/O
                         net (fo=8, routed)           1.185    22.741    design_1_i/microblaze_0/U0/MicroBlaze_Core_I/Performance.Core/Use_Debug_Logic.Master_Core.Debug_Perf/Dbg_Shift
    SLICE_X39Y37         LUT3 (Prop_lut3_I2_O)        0.124    22.865 r  design_1_i/microblaze_0/U0/MicroBlaze_Core_I/Performance.Core/Use_Debug_Logic.Master_Core.Debug_Perf/Serial_Dbg_Intf.shift_count[1]_i_1/O
                         net (fo=1, routed)           0.000    22.865    design_1_i/microblaze_0/U0/MicroBlaze_Core_I/Performance.Core/Use_Debug_Logic.Master_Core.Debug_Perf/p_0_in[1]
    SLICE_X39Y37         FDRE                                         r  design_1_i/microblaze_0/U0/MicroBlaze_Core_I/Performance.Core/Use_Debug_Logic.Master_Core.Debug_Perf/Serial_Dbg_Intf.shift_count_reg[1]/D
  -------------------------------------------------------------------    -------------------

                         (clock design_1_i/mdm_1/U0/Use_E2.BSCAN_I/Use_E2.BSCANE2_I/DRCK rise edge)
                                                     33.333    33.333 r  
    BSCAN_X0Y1           BSCANE2                      0.000    33.333 r  design_1_i/mdm_1/U0/Use_E2.BSCAN_I/Use_E2.BSCANE2_I/DRCK
                         net (fo=1, routed)           1.636    34.969    design_1_i/mdm_1/U0/No_Dbg_Reg_Access.BUFG_DRCK/DRCK
    BUFGCTRL_X0Y1        BUFG (Prop_bufg_I_O)         0.091    35.060 r  design_1_i/mdm_1/U0/No_Dbg_Reg_Access.BUFG_DRCK/Using_FPGA.Native/O
                         net (fo=232, routed)         1.441    36.502    design_1_i/microblaze_0/U0/MicroBlaze_Core_I/Performance.Core/Use_Debug_Logic.Master_Core.Debug_Perf/Dbg_Clk
    SLICE_X39Y37         FDRE                                         r  design_1_i/microblaze_0/U0/MicroBlaze_Core_I/Performance.Core/Use_Debug_Logic.Master_Core.Debug_Perf/Serial_Dbg_Intf.shift_count_reg[1]/C
                         clock pessimism              0.354    36.856    
                         clock uncertainty           -0.035    36.821    
    SLICE_X39Y37         FDRE (Setup_fdre_C_D)        0.029    36.850    design_1_i/microblaze_0/U0/MicroBlaze_Core_I/Performance.Core/Use_Debug_Logic.Master_Core.Debug_Perf/Serial_Dbg_Intf.shift_count_reg[1]
  -------------------------------------------------------------------
                         required time                         36.850    
                         arrival time                         -22.865    
  -------------------------------------------------------------------
                         slack                                 13.984    

Slack (MET) :             13.987ns  (required time - arrival time)
  Source:                 design_1_i/mdm_1/U0/MDM_Core_I1/JTAG_CONTROL_I/Use_BSCAN.SYNC_FDRE/Using_FPGA.Native/C
                            (falling edge-triggered cell FDRE clocked by design_1_i/mdm_1/U0/Use_E2.BSCAN_I/Use_E2.BSCANE2_I/DRCK  {rise@0.000ns fall@16.667ns period=33.333ns})
  Destination:            design_1_i/microblaze_0/U0/MicroBlaze_Core_I/Performance.Core/Use_Debug_Logic.Master_Core.Debug_Perf/Serial_Dbg_Intf.shift_count_reg[2]/D
                            (rising edge-triggered cell FDRE clocked by design_1_i/mdm_1/U0/Use_E2.BSCAN_I/Use_E2.BSCANE2_I/DRCK  {rise@0.000ns fall@16.667ns period=33.333ns})
  Path Group:             design_1_i/mdm_1/U0/Use_E2.BSCAN_I/Use_E2.BSCANE2_I/DRCK
  Path Type:              Setup (Max at Slow Process Corner)
  Requirement:            16.667ns  (design_1_i/mdm_1/U0/Use_E2.BSCAN_I/Use_E2.BSCANE2_I/DRCK rise@33.333ns - design_1_i/mdm_1/U0/Use_E2.BSCAN_I/Use_E2.BSCANE2_I/DRCK fall@16.667ns)
  Data Path Delay:        2.631ns  (logic 0.707ns (26.874%)  route 1.924ns (73.126%))
  Logic Levels:           2  (LUT4=1 LUT6=1)
  Clock Path Skew:        -0.044ns (DCD - SCD + CPR)
    Destination Clock Delay (DCD):    3.169ns = ( 36.502 - 33.333 ) 
    Source Clock Delay      (SCD):    3.567ns = ( 20.233 - 16.667 ) 
    Clock Pessimism Removal (CPR):    0.354ns
  Clock Uncertainty:      0.035ns  ((TSJ^2 + TIJ^2)^1/2 + DJ) / 2 + PE
    Total System Jitter     (TSJ):    0.071ns
    Total Input Jitter      (TIJ):    0.000ns
    Discrete Jitter          (DJ):    0.000ns
    Phase Error              (PE):    0.000ns

    Location             Delay type                Incr(ns)  Path(ns)    Netlist Resource(s)
  -------------------------------------------------------------------    -------------------
                         (clock design_1_i/mdm_1/U0/Use_E2.BSCAN_I/Use_E2.BSCANE2_I/DRCK fall edge)
                                                     16.667    16.667 f  
    BSCAN_X0Y1           BSCANE2                      0.000    16.667 f  design_1_i/mdm_1/U0/Use_E2.BSCAN_I/Use_E2.BSCANE2_I/DRCK
                         net (fo=1, routed)           1.905    18.572    design_1_i/mdm_1/U0/No_Dbg_Reg_Access.BUFG_DRCK/DRCK
    BUFGCTRL_X0Y1        BUFG (Prop_bufg_I_O)         0.096    18.668 f  design_1_i/mdm_1/U0/No_Dbg_Reg_Access.BUFG_DRCK/Using_FPGA.Native/O
                         net (fo=232, routed)         1.565    20.233    design_1_i/mdm_1/U0/MDM_Core_I1/JTAG_CONTROL_I/Use_BSCAN.SYNC_FDRE/Using_FPGA.Native_0
    SLICE_X43Y41         FDRE                                         r  design_1_i/mdm_1/U0/MDM_Core_I1/JTAG_CONTROL_I/Use_BSCAN.SYNC_FDRE/Using_FPGA.Native/C  (IS_INVERTED)
  -------------------------------------------------------------------    -------------------
    SLICE_X43Y41         FDRE (Prop_fdre_C_Q)         0.459    20.692 r  design_1_i/mdm_1/U0/MDM_Core_I1/JTAG_CONTROL_I/Use_BSCAN.SYNC_FDRE/Using_FPGA.Native/Q
                         net (fo=4, routed)           0.740    21.433    design_1_i/mdm_1/U0/MDM_Core_I1/JTAG_CONTROL_I/Use_BSCAN.SYNC_FDRE/sync
    SLICE_X41Y42         LUT6 (Prop_lut6_I0_O)        0.124    21.557 r  design_1_i/mdm_1/U0/MDM_Core_I1/JTAG_CONTROL_I/Use_BSCAN.SYNC_FDRE/Dbg_Shift_0_INST_0/O
                         net (fo=8, routed)           1.184    22.740    design_1_i/microblaze_0/U0/MicroBlaze_Core_I/Performance.Core/Use_Debug_Logic.Master_Core.Debug_Perf/Dbg_Shift
    SLICE_X39Y37         LUT4 (Prop_lut4_I2_O)        0.124    22.864 r  design_1_i/microblaze_0/U0/MicroBlaze_Core_I/Performance.Core/Use_Debug_Logic.Master_Core.Debug_Perf/Serial_Dbg_Intf.shift_count[2]_i_1/O
                         net (fo=1, routed)           0.000    22.864    design_1_i/microblaze_0/U0/MicroBlaze_Core_I/Performance.Core/Use_Debug_Logic.Master_Core.Debug_Perf/p_0_in[2]
    SLICE_X39Y37         FDRE                                         r  design_1_i/microblaze_0/U0/MicroBlaze_Core_I/Performance.Core/Use_Debug_Logic.Master_Core.Debug_Perf/Serial_Dbg_Intf.shift_count_reg[2]/D
  -------------------------------------------------------------------    -------------------

                         (clock design_1_i/mdm_1/U0/Use_E2.BSCAN_I/Use_E2.BSCANE2_I/DRCK rise edge)
                                                     33.333    33.333 r  
    BSCAN_X0Y1           BSCANE2                      0.000    33.333 r  design_1_i/mdm_1/U0/Use_E2.BSCAN_I/Use_E2.BSCANE2_I/DRCK
                         net (fo=1, routed)           1.636    34.969    design_1_i/mdm_1/U0/No_Dbg_Reg_Access.BUFG_DRCK/DRCK
    BUFGCTRL_X0Y1        BUFG (Prop_bufg_I_O)         0.091    35.060 r  design_1_i/mdm_1/U0/No_Dbg_Reg_Access.BUFG_DRCK/Using_FPGA.Native/O
                         net (fo=232, routed)         1.441    36.502    design_1_i/microblaze_0/U0/MicroBlaze_Core_I/Performance.Core/Use_Debug_Logic.Master_Core.Debug_Perf/Dbg_Clk
    SLICE_X39Y37         FDRE                                         r  design_1_i/microblaze_0/U0/MicroBlaze_Core_I/Performance.Core/Use_Debug_Logic.Master_Core.Debug_Perf/Serial_Dbg_Intf.shift_count_reg[2]/C
                         clock pessimism              0.354    36.856    
                         clock uncertainty           -0.035    36.821    
    SLICE_X39Y37         FDRE (Setup_fdre_C_D)        0.031    36.852    design_1_i/microblaze_0/U0/MicroBlaze_Core_I/Performance.Core/Use_Debug_Logic.Master_Core.Debug_Perf/Serial_Dbg_Intf.shift_count_reg[2]
  -------------------------------------------------------------------
                         required time                         36.852    
                         arrival time                         -22.864    
  -------------------------------------------------------------------
                         slack                                 13.987    

Slack (MET) :             14.003ns  (required time - arrival time)
  Source:                 design_1_i/mdm_1/U0/MDM_Core_I1/JTAG_CONTROL_I/Use_BSCAN.SYNC_FDRE/Using_FPGA.Native/C
                            (falling edge-triggered cell FDRE clocked by design_1_i/mdm_1/U0/Use_E2.BSCAN_I/Use_E2.BSCANE2_I/DRCK  {rise@0.000ns fall@16.667ns period=33.333ns})
  Destination:            design_1_i/microblaze_0/U0/MicroBlaze_Core_I/Performance.Core/Use_Debug_Logic.Master_Core.Debug_Perf/Serial_Dbg_Intf.shift_count_reg[3]/D
                            (rising edge-triggered cell FDRE clocked by design_1_i/mdm_1/U0/Use_E2.BSCAN_I/Use_E2.BSCANE2_I/DRCK  {rise@0.000ns fall@16.667ns period=33.333ns})
  Path Group:             design_1_i/mdm_1/U0/Use_E2.BSCAN_I/Use_E2.BSCANE2_I/DRCK
  Path Type:              Setup (Max at Slow Process Corner)
  Requirement:            16.667ns  (design_1_i/mdm_1/U0/Use_E2.BSCAN_I/Use_E2.BSCANE2_I/DRCK rise@33.333ns - design_1_i/mdm_1/U0/Use_E2.BSCAN_I/Use_E2.BSCANE2_I/DRCK fall@16.667ns)
  Data Path Delay:        2.659ns  (logic 0.735ns (27.645%)  route 1.924ns (72.355%))
  Logic Levels:           2  (LUT5=1 LUT6=1)
  Clock Path Skew:        -0.044ns (DCD - SCD + CPR)
    Destination Clock Delay (DCD):    3.169ns = ( 36.502 - 33.333 ) 
    Source Clock Delay      (SCD):    3.567ns = ( 20.233 - 16.667 ) 
    Clock Pessimism Removal (CPR):    0.354ns
  Clock Uncertainty:      0.035ns  ((TSJ^2 + TIJ^2)^1/2 + DJ) / 2 + PE
    Total System Jitter     (TSJ):    0.071ns
    Total Input Jitter      (TIJ):    0.000ns
    Discrete Jitter          (DJ):    0.000ns
    Phase Error              (PE):    0.000ns

    Location             Delay type                Incr(ns)  Path(ns)    Netlist Resource(s)
  -------------------------------------------------------------------    -------------------
                         (clock design_1_i/mdm_1/U0/Use_E2.BSCAN_I/Use_E2.BSCANE2_I/DRCK fall edge)
                                                     16.667    16.667 f  
    BSCAN_X0Y1           BSCANE2                      0.000    16.667 f  design_1_i/mdm_1/U0/Use_E2.BSCAN_I/Use_E2.BSCANE2_I/DRCK
                         net (fo=1, routed)           1.905    18.572    design_1_i/mdm_1/U0/No_Dbg_Reg_Access.BUFG_DRCK/DRCK
    BUFGCTRL_X0Y1        BUFG (Prop_bufg_I_O)         0.096    18.668 f  design_1_i/mdm_1/U0/No_Dbg_Reg_Access.BUFG_DRCK/Using_FPGA.Native/O
                         net (fo=232, routed)         1.565    20.233    design_1_i/mdm_1/U0/MDM_Core_I1/JTAG_CONTROL_I/Use_BSCAN.SYNC_FDRE/Using_FPGA.Native_0
    SLICE_X43Y41         FDRE                                         r  design_1_i/mdm_1/U0/MDM_Core_I1/JTAG_CONTROL_I/Use_BSCAN.SYNC_FDRE/Using_FPGA.Native/C  (IS_INVERTED)
  -------------------------------------------------------------------    -------------------
    SLICE_X43Y41         FDRE (Prop_fdre_C_Q)         0.459    20.692 r  design_1_i/mdm_1/U0/MDM_Core_I1/JTAG_CONTROL_I/Use_BSCAN.SYNC_FDRE/Using_FPGA.Native/Q
                         net (fo=4, routed)           0.740    21.433    design_1_i/mdm_1/U0/MDM_Core_I1/JTAG_CONTROL_I/Use_BSCAN.SYNC_FDRE/sync
    SLICE_X41Y42         LUT6 (Prop_lut6_I0_O)        0.124    21.557 r  design_1_i/mdm_1/U0/MDM_Core_I1/JTAG_CONTROL_I/Use_BSCAN.SYNC_FDRE/Dbg_Shift_0_INST_0/O
                         net (fo=8, routed)           1.184    22.740    design_1_i/microblaze_0/U0/MicroBlaze_Core_I/Performance.Core/Use_Debug_Logic.Master_Core.Debug_Perf/Dbg_Shift
    SLICE_X39Y37         LUT5 (Prop_lut5_I3_O)        0.152    22.892 r  design_1_i/microblaze_0/U0/MicroBlaze_Core_I/Performance.Core/Use_Debug_Logic.Master_Core.Debug_Perf/Serial_Dbg_Intf.shift_count[3]_i_1/O
                         net (fo=1, routed)           0.000    22.892    design_1_i/microblaze_0/U0/MicroBlaze_Core_I/Performance.Core/Use_Debug_Logic.Master_Core.Debug_Perf/p_0_in[3]
    SLICE_X39Y37         FDRE                                         r  design_1_i/microblaze_0/U0/MicroBlaze_Core_I/Performance.Core/Use_Debug_Logic.Master_Core.Debug_Perf/Serial_Dbg_Intf.shift_count_reg[3]/D
  -------------------------------------------------------------------    -------------------

                         (clock design_1_i/mdm_1/U0/Use_E2.BSCAN_I/Use_E2.BSCANE2_I/DRCK rise edge)
                                                     33.333    33.333 r  
    BSCAN_X0Y1           BSCANE2                      0.000    33.333 r  design_1_i/mdm_1/U0/Use_E2.BSCAN_I/Use_E2.BSCANE2_I/DRCK
                         net (fo=1, routed)           1.636    34.969    design_1_i/mdm_1/U0/No_Dbg_Reg_Access.BUFG_DRCK/DRCK
    BUFGCTRL_X0Y1        BUFG (Prop_bufg_I_O)         0.091    35.060 r  design_1_i/mdm_1/U0/No_Dbg_Reg_Access.BUFG_DRCK/Using_FPGA.Native/O
                         net (fo=232, routed)         1.441    36.502    design_1_i/microblaze_0/U0/MicroBlaze_Core_I/Performance.Core/Use_Debug_Logic.Master_Core.Debug_Perf/Dbg_Clk
    SLICE_X39Y37         FDRE                                         r  design_1_i/microblaze_0/U0/MicroBlaze_Core_I/Performance.Core/Use_Debug_Logic.Master_Core.Debug_Perf/Serial_Dbg_Intf.shift_count_reg[3]/C
                         clock pessimism              0.354    36.856    
                         clock uncertainty           -0.035    36.821    
    SLICE_X39Y37         FDRE (Setup_fdre_C_D)        0.075    36.896    design_1_i/microblaze_0/U0/MicroBlaze_Core_I/Performance.Core/Use_Debug_Logic.Master_Core.Debug_Perf/Serial_Dbg_Intf.shift_count_reg[3]
  -------------------------------------------------------------------
                         required time                         36.896    
                         arrival time                         -22.892    
  -------------------------------------------------------------------
                         slack                                 14.003    

Slack (MET) :             14.133ns  (required time - arrival time)
  Source:                 design_1_i/mdm_1/U0/MDM_Core_I1/JTAG_CONTROL_I/Use_BSCAN.SYNC_FDRE/Using_FPGA.Native/C
                            (falling edge-triggered cell FDRE clocked by design_1_i/mdm_1/U0/Use_E2.BSCAN_I/Use_E2.BSCANE2_I/DRCK  {rise@0.000ns fall@16.667ns period=33.333ns})
  Destination:            design_1_i/microblaze_0/U0/MicroBlaze_Core_I/Performance.Core/Use_Debug_Logic.Master_Core.Debug_Perf/Serial_Dbg_Intf.shift_count_reg[0]/D
                            (rising edge-triggered cell FDRE clocked by design_1_i/mdm_1/U0/Use_E2.BSCAN_I/Use_E2.BSCANE2_I/DRCK  {rise@0.000ns fall@16.667ns period=33.333ns})
  Path Group:             design_1_i/mdm_1/U0/Use_E2.BSCAN_I/Use_E2.BSCANE2_I/DRCK
  Path Type:              Setup (Max at Slow Process Corner)
  Requirement:            16.667ns  (design_1_i/mdm_1/U0/Use_E2.BSCAN_I/Use_E2.BSCANE2_I/DRCK rise@33.333ns - design_1_i/mdm_1/U0/Use_E2.BSCAN_I/Use_E2.BSCANE2_I/DRCK fall@16.667ns)
  Data Path Delay:        2.499ns  (logic 0.707ns (28.286%)  route 1.792ns (71.714%))
  Logic Levels:           2  (LUT2=1 LUT6=1)
  Clock Path Skew:        -0.028ns (DCD - SCD + CPR)
    Destination Clock Delay (DCD):    3.171ns = ( 36.504 - 33.333 ) 
    Source Clock Delay      (SCD):    3.567ns = ( 20.233 - 16.667 ) 
    Clock Pessimism Removal (CPR):    0.368ns
  Clock Uncertainty:      0.035ns  ((TSJ^2 + TIJ^2)^1/2 + DJ) / 2 + PE
    Total System Jitter     (TSJ):    0.071ns
    Total Input Jitter      (TIJ):    0.000ns
    Discrete Jitter          (DJ):    0.000ns
    Phase Error              (PE):    0.000ns

    Location             Delay type                Incr(ns)  Path(ns)    Netlist Resource(s)
  -------------------------------------------------------------------    -------------------
                         (clock design_1_i/mdm_1/U0/Use_E2.BSCAN_I/Use_E2.BSCANE2_I/DRCK fall edge)
                                                     16.667    16.667 f  
    BSCAN_X0Y1           BSCANE2                      0.000    16.667 f  design_1_i/mdm_1/U0/Use_E2.BSCAN_I/Use_E2.BSCANE2_I/DRCK
                         net (fo=1, routed)           1.905    18.572    design_1_i/mdm_1/U0/No_Dbg_Reg_Access.BUFG_DRCK/DRCK
    BUFGCTRL_X0Y1        BUFG (Prop_bufg_I_O)         0.096    18.668 f  design_1_i/mdm_1/U0/No_Dbg_Reg_Access.BUFG_DRCK/Using_FPGA.Native/O
                         net (fo=232, routed)         1.565    20.233    design_1_i/mdm_1/U0/MDM_Core_I1/JTAG_CONTROL_I/Use_BSCAN.SYNC_FDRE/Using_FPGA.Native_0
    SLICE_X43Y41         FDRE                                         r  design_1_i/mdm_1/U0/MDM_Core_I1/JTAG_CONTROL_I/Use_BSCAN.SYNC_FDRE/Using_FPGA.Native/C  (IS_INVERTED)
  -------------------------------------------------------------------    -------------------
    SLICE_X43Y41         FDRE (Prop_fdre_C_Q)         0.459    20.692 r  design_1_i/mdm_1/U0/MDM_Core_I1/JTAG_CONTROL_I/Use_BSCAN.SYNC_FDRE/Using_FPGA.Native/Q
                         net (fo=4, routed)           0.740    21.433    design_1_i/mdm_1/U0/MDM_Core_I1/JTAG_CONTROL_I/Use_BSCAN.SYNC_FDRE/sync
    SLICE_X41Y42         LUT6 (Prop_lut6_I0_O)        0.124    21.557 r  design_1_i/mdm_1/U0/MDM_Core_I1/JTAG_CONTROL_I/Use_BSCAN.SYNC_FDRE/Dbg_Shift_0_INST_0/O
                         net (fo=8, routed)           1.052    22.609    design_1_i/microblaze_0/U0/MicroBlaze_Core_I/Performance.Core/Use_Debug_Logic.Master_Core.Debug_Perf/Dbg_Shift
    SLICE_X40Y37         LUT2 (Prop_lut2_I0_O)        0.124    22.733 r  design_1_i/microblaze_0/U0/MicroBlaze_Core_I/Performance.Core/Use_Debug_Logic.Master_Core.Debug_Perf/Serial_Dbg_Intf.shift_count[0]_i_1/O
                         net (fo=1, routed)           0.000    22.733    design_1_i/microblaze_0/U0/MicroBlaze_Core_I/Performance.Core/Use_Debug_Logic.Master_Core.Debug_Perf/p_0_in[0]
    SLICE_X40Y37         FDRE                                         r  design_1_i/microblaze_0/U0/MicroBlaze_Core_I/Performance.Core/Use_Debug_Logic.Master_Core.Debug_Perf/Serial_Dbg_Intf.shift_count_reg[0]/D
  -------------------------------------------------------------------    -------------------

                         (clock design_1_i/mdm_1/U0/Use_E2.BSCAN_I/Use_E2.BSCANE2_I/DRCK rise edge)
                                                     33.333    33.333 r  
    BSCAN_X0Y1           BSCANE2                      0.000    33.333 r  design_1_i/mdm_1/U0/Use_E2.BSCAN_I/Use_E2.BSCANE2_I/DRCK
                         net (fo=1, routed)           1.636    34.969    design_1_i/mdm_1/U0/No_Dbg_Reg_Access.BUFG_DRCK/DRCK
    BUFGCTRL_X0Y1        BUFG (Prop_bufg_I_O)         0.091    35.060 r  design_1_i/mdm_1/U0/No_Dbg_Reg_Access.BUFG_DRCK/Using_FPGA.Native/O
                         net (fo=232, routed)         1.443    36.504    design_1_i/microblaze_0/U0/MicroBlaze_Core_I/Performance.Core/Use_Debug_Logic.Master_Core.Debug_Perf/Dbg_Clk
    SLICE_X40Y37         FDRE                                         r  design_1_i/microblaze_0/U0/MicroBlaze_Core_I/Performance.Core/Use_Debug_Logic.Master_Core.Debug_Perf/Serial_Dbg_Intf.shift_count_reg[0]/C
                         clock pessimism              0.368    36.872    
                         clock uncertainty           -0.035    36.837    
    SLICE_X40Y37         FDRE (Setup_fdre_C_D)        0.029    36.866    design_1_i/microblaze_0/U0/MicroBlaze_Core_I/Performance.Core/Use_Debug_Logic.Master_Core.Debug_Perf/Serial_Dbg_Intf.shift_count_reg[0]
  -------------------------------------------------------------------
                         required time                         36.866    
                         arrival time                         -22.733    
  -------------------------------------------------------------------
                         slack                                 14.133    

Slack (MET) :             14.142ns  (required time - arrival time)
  Source:                 design_1_i/mdm_1/U0/MDM_Core_I1/JTAG_CONTROL_I/Use_BSCAN.SYNC_FDRE/Using_FPGA.Native/C
                            (falling edge-triggered cell FDRE clocked by design_1_i/mdm_1/U0/Use_E2.BSCAN_I/Use_E2.BSCANE2_I/DRCK  {rise@0.000ns fall@16.667ns period=33.333ns})
  Destination:            design_1_i/microblaze_0/U0/MicroBlaze_Core_I/Performance.Core/Use_Debug_Logic.Master_Core.Debug_Perf/Serial_Dbg_Intf.shift_count_reg[4]/D
                            (rising edge-triggered cell FDRE clocked by design_1_i/mdm_1/U0/Use_E2.BSCAN_I/Use_E2.BSCANE2_I/DRCK  {rise@0.000ns fall@16.667ns period=33.333ns})
  Path Group:             design_1_i/mdm_1/U0/Use_E2.BSCAN_I/Use_E2.BSCANE2_I/DRCK
  Path Type:              Setup (Max at Slow Process Corner)
  Requirement:            16.667ns  (design_1_i/mdm_1/U0/Use_E2.BSCAN_I/Use_E2.BSCANE2_I/DRCK rise@33.333ns - design_1_i/mdm_1/U0/Use_E2.BSCAN_I/Use_E2.BSCANE2_I/DRCK fall@16.667ns)
  Data Path Delay:        2.492ns  (logic 0.707ns (28.368%)  route 1.785ns (71.632%))
  Logic Levels:           2  (LUT6=2)
  Clock Path Skew:        -0.028ns (DCD - SCD + CPR)
    Destination Clock Delay (DCD):    3.171ns = ( 36.504 - 33.333 ) 
    Source Clock Delay      (SCD):    3.567ns = ( 20.233 - 16.667 ) 
    Clock Pessimism Removal (CPR):    0.368ns
  Clock Uncertainty:      0.035ns  ((TSJ^2 + TIJ^2)^1/2 + DJ) / 2 + PE
    Total System Jitter     (TSJ):    0.071ns
    Total Input Jitter      (TIJ):    0.000ns
    Discrete Jitter          (DJ):    0.000ns
    Phase Error              (PE):    0.000ns

    Location             Delay type                Incr(ns)  Path(ns)    Netlist Resource(s)
  -------------------------------------------------------------------    -------------------
                         (clock design_1_i/mdm_1/U0/Use_E2.BSCAN_I/Use_E2.BSCANE2_I/DRCK fall edge)
                                                     16.667    16.667 f  
    BSCAN_X0Y1           BSCANE2                      0.000    16.667 f  design_1_i/mdm_1/U0/Use_E2.BSCAN_I/Use_E2.BSCANE2_I/DRCK
                         net (fo=1, routed)           1.905    18.572    design_1_i/mdm_1/U0/No_Dbg_Reg_Access.BUFG_DRCK/DRCK
    BUFGCTRL_X0Y1        BUFG (Prop_bufg_I_O)         0.096    18.668 f  design_1_i/mdm_1/U0/No_Dbg_Reg_Access.BUFG_DRCK/Using_FPGA.Native/O
                         net (fo=232, routed)         1.565    20.233    design_1_i/mdm_1/U0/MDM_Core_I1/JTAG_CONTROL_I/Use_BSCAN.SYNC_FDRE/Using_FPGA.Native_0
    SLICE_X43Y41         FDRE                                         r  design_1_i/mdm_1/U0/MDM_Core_I1/JTAG_CONTROL_I/Use_BSCAN.SYNC_FDRE/Using_FPGA.Native/C  (IS_INVERTED)
  -------------------------------------------------------------------    -------------------
    SLICE_X43Y41         FDRE (Prop_fdre_C_Q)         0.459    20.692 r  design_1_i/mdm_1/U0/MDM_Core_I1/JTAG_CONTROL_I/Use_BSCAN.SYNC_FDRE/Using_FPGA.Native/Q
                         net (fo=4, routed)           0.740    21.433    design_1_i/mdm_1/U0/MDM_Core_I1/JTAG_CONTROL_I/Use_BSCAN.SYNC_FDRE/sync
    SLICE_X41Y42         LUT6 (Prop_lut6_I0_O)        0.124    21.557 r  design_1_i/mdm_1/U0/MDM_Core_I1/JTAG_CONTROL_I/Use_BSCAN.SYNC_FDRE/Dbg_Shift_0_INST_0/O
                         net (fo=8, routed)           1.045    22.602    design_1_i/microblaze_0/U0/MicroBlaze_Core_I/Performance.Core/Use_Debug_Logic.Master_Core.Debug_Perf/Dbg_Shift
    SLICE_X40Y37         LUT6 (Prop_lut6_I4_O)        0.124    22.726 r  design_1_i/microblaze_0/U0/MicroBlaze_Core_I/Performance.Core/Use_Debug_Logic.Master_Core.Debug_Perf/Serial_Dbg_Intf.shift_count[4]_i_1/O
                         net (fo=1, routed)           0.000    22.726    design_1_i/microblaze_0/U0/MicroBlaze_Core_I/Performance.Core/Use_Debug_Logic.Master_Core.Debug_Perf/p_0_in[4]
    SLICE_X40Y37         FDRE                                         r  design_1_i/microblaze_0/U0/MicroBlaze_Core_I/Performance.Core/Use_Debug_Logic.Master_Core.Debug_Perf/Serial_Dbg_Intf.shift_count_reg[4]/D
  -------------------------------------------------------------------    -------------------

                         (clock design_1_i/mdm_1/U0/Use_E2.BSCAN_I/Use_E2.BSCANE2_I/DRCK rise edge)
                                                     33.333    33.333 r  
    BSCAN_X0Y1           BSCANE2                      0.000    33.333 r  design_1_i/mdm_1/U0/Use_E2.BSCAN_I/Use_E2.BSCANE2_I/DRCK
                         net (fo=1, routed)           1.636    34.969    design_1_i/mdm_1/U0/No_Dbg_Reg_Access.BUFG_DRCK/DRCK
    BUFGCTRL_X0Y1        BUFG (Prop_bufg_I_O)         0.091    35.060 r  design_1_i/mdm_1/U0/No_Dbg_Reg_Access.BUFG_DRCK/Using_FPGA.Native/O
                         net (fo=232, routed)         1.443    36.504    design_1_i/microblaze_0/U0/MicroBlaze_Core_I/Performance.Core/Use_Debug_Logic.Master_Core.Debug_Perf/Dbg_Clk
    SLICE_X40Y37         FDRE                                         r  design_1_i/microblaze_0/U0/MicroBlaze_Core_I/Performance.Core/Use_Debug_Logic.Master_Core.Debug_Perf/Serial_Dbg_Intf.shift_count_reg[4]/C
                         clock pessimism              0.368    36.872    
                         clock uncertainty           -0.035    36.837    
    SLICE_X40Y37         FDRE (Setup_fdre_C_D)        0.031    36.868    design_1_i/microblaze_0/U0/MicroBlaze_Core_I/Performance.Core/Use_Debug_Logic.Master_Core.Debug_Perf/Serial_Dbg_Intf.shift_count_reg[4]
  -------------------------------------------------------------------
                         required time                         36.868    
                         arrival time                         -22.726    
  -------------------------------------------------------------------
                         slack                                 14.142    

Slack (MET) :             14.380ns  (required time - arrival time)
  Source:                 design_1_i/mdm_1/U0/MDM_Core_I1/JTAG_CONTROL_I/Use_BSCAN.SYNC_FDRE/Using_FPGA.Native/C
                            (falling edge-triggered cell FDRE clocked by design_1_i/mdm_1/U0/Use_E2.BSCAN_I/Use_E2.BSCANE2_I/DRCK  {rise@0.000ns fall@16.667ns period=33.333ns})
  Destination:            design_1_i/microblaze_0/U0/MicroBlaze_Core_I/Performance.Core/Use_Debug_Logic.Master_Core.Debug_Perf/Serial_Dbg_Intf.shift_count_reg[6]/D
                            (rising edge-triggered cell FDRE clocked by design_1_i/mdm_1/U0/Use_E2.BSCAN_I/Use_E2.BSCANE2_I/DRCK  {rise@0.000ns fall@16.667ns period=33.333ns})
  Path Group:             design_1_i/mdm_1/U0/Use_E2.BSCAN_I/Use_E2.BSCANE2_I/DRCK
  Path Type:              Setup (Max at Slow Process Corner)
  Requirement:            16.667ns  (design_1_i/mdm_1/U0/Use_E2.BSCAN_I/Use_E2.BSCANE2_I/DRCK rise@33.333ns - design_1_i/mdm_1/U0/Use_E2.BSCAN_I/Use_E2.BSCANE2_I/DRCK fall@16.667ns)
  Data Path Delay:        2.237ns  (logic 0.707ns (31.607%)  route 1.530ns (68.393%))
  Logic Levels:           2  (LUT3=1 LUT6=1)
  Clock Path Skew:        -0.043ns (DCD - SCD + CPR)
    Destination Clock Delay (DCD):    3.170ns = ( 36.503 - 33.333 ) 
    Source Clock Delay      (SCD):    3.567ns = ( 20.233 - 16.667 ) 
    Clock Pessimism Removal (CPR):    0.354ns
  Clock Uncertainty:      0.035ns  ((TSJ^2 + TIJ^2)^1/2 + DJ) / 2 + PE
    Total System Jitter     (TSJ):    0.071ns
    Total Input Jitter      (TIJ):    0.000ns
    Discrete Jitter          (DJ):    0.000ns
    Phase Error              (PE):    0.000ns

    Location             Delay type                Incr(ns)  Path(ns)    Netlist Resource(s)
  -------------------------------------------------------------------    -------------------
                         (clock design_1_i/mdm_1/U0/Use_E2.BSCAN_I/Use_E2.BSCANE2_I/DRCK fall edge)
                                                     16.667    16.667 f  
    BSCAN_X0Y1           BSCANE2                      0.000    16.667 f  design_1_i/mdm_1/U0/Use_E2.BSCAN_I/Use_E2.BSCANE2_I/DRCK
                         net (fo=1, routed)           1.905    18.572    design_1_i/mdm_1/U0/No_Dbg_Reg_Access.BUFG_DRCK/DRCK
    BUFGCTRL_X0Y1        BUFG (Prop_bufg_I_O)         0.096    18.668 f  design_1_i/mdm_1/U0/No_Dbg_Reg_Access.BUFG_DRCK/Using_FPGA.Native/O
                         net (fo=232, routed)         1.565    20.233    design_1_i/mdm_1/U0/MDM_Core_I1/JTAG_CONTROL_I/Use_BSCAN.SYNC_FDRE/Using_FPGA.Native_0
    SLICE_X43Y41         FDRE                                         r  design_1_i/mdm_1/U0/MDM_Core_I1/JTAG_CONTROL_I/Use_BSCAN.SYNC_FDRE/Using_FPGA.Native/C  (IS_INVERTED)
  -------------------------------------------------------------------    -------------------
    SLICE_X43Y41         FDRE (Prop_fdre_C_Q)         0.459    20.692 r  design_1_i/mdm_1/U0/MDM_Core_I1/JTAG_CONTROL_I/Use_BSCAN.SYNC_FDRE/Using_FPGA.Native/Q
                         net (fo=4, routed)           0.740    21.433    design_1_i/mdm_1/U0/MDM_Core_I1/JTAG_CONTROL_I/Use_BSCAN.SYNC_FDRE/sync
    SLICE_X41Y42         LUT6 (Prop_lut6_I0_O)        0.124    21.557 r  design_1_i/mdm_1/U0/MDM_Core_I1/JTAG_CONTROL_I/Use_BSCAN.SYNC_FDRE/Dbg_Shift_0_INST_0/O
                         net (fo=8, routed)           0.790    22.346    design_1_i/microblaze_0/U0/MicroBlaze_Core_I/Performance.Core/Use_Debug_Logic.Master_Core.Debug_Perf/Dbg_Shift
    SLICE_X39Y38         LUT3 (Prop_lut3_I1_O)        0.124    22.470 r  design_1_i/microblaze_0/U0/MicroBlaze_Core_I/Performance.Core/Use_Debug_Logic.Master_Core.Debug_Perf/Serial_Dbg_Intf.shift_count[6]_i_1/O
                         net (fo=1, routed)           0.000    22.470    design_1_i/microblaze_0/U0/MicroBlaze_Core_I/Performance.Core/Use_Debug_Logic.Master_Core.Debug_Perf/p_0_in[6]
    SLICE_X39Y38         FDRE                                         r  design_1_i/microblaze_0/U0/MicroBlaze_Core_I/Performance.Core/Use_Debug_Logic.Master_Core.Debug_Perf/Serial_Dbg_Intf.shift_count_reg[6]/D
  -------------------------------------------------------------------    -------------------

                         (clock design_1_i/mdm_1/U0/Use_E2.BSCAN_I/Use_E2.BSCANE2_I/DRCK rise edge)
                                                     33.333    33.333 r  
    BSCAN_X0Y1           BSCANE2                      0.000    33.333 r  design_1_i/mdm_1/U0/Use_E2.BSCAN_I/Use_E2.BSCANE2_I/DRCK
                         net (fo=1, routed)           1.636    34.969    design_1_i/mdm_1/U0/No_Dbg_Reg_Access.BUFG_DRCK/DRCK
    BUFGCTRL_X0Y1        BUFG (Prop_bufg_I_O)         0.091    35.060 r  design_1_i/mdm_1/U0/No_Dbg_Reg_Access.BUFG_DRCK/Using_FPGA.Native/O
                         net (fo=232, routed)         1.442    36.503    design_1_i/microblaze_0/U0/MicroBlaze_Core_I/Performance.Core/Use_Debug_Logic.Master_Core.Debug_Perf/Dbg_Clk
    SLICE_X39Y38         FDRE                                         r  design_1_i/microblaze_0/U0/MicroBlaze_Core_I/Performance.Core/Use_Debug_Logic.Master_Core.Debug_Perf/Serial_Dbg_Intf.shift_count_reg[6]/C
                         clock pessimism              0.354    36.857    
                         clock uncertainty           -0.035    36.822    
    SLICE_X39Y38         FDRE (Setup_fdre_C_D)        0.029    36.851    design_1_i/microblaze_0/U0/MicroBlaze_Core_I/Performance.Core/Use_Debug_Logic.Master_Core.Debug_Perf/Serial_Dbg_Intf.shift_count_reg[6]
  -------------------------------------------------------------------
                         required time                         36.851    
                         arrival time                         -22.470    
  -------------------------------------------------------------------
                         slack                                 14.380    

Slack (MET) :             14.432ns  (required time - arrival time)
  Source:                 design_1_i/mdm_1/U0/MDM_Core_I1/JTAG_CONTROL_I/Use_BSCAN.SYNC_FDRE/Using_FPGA.Native/C
                            (falling edge-triggered cell FDRE clocked by design_1_i/mdm_1/U0/Use_E2.BSCAN_I/Use_E2.BSCANE2_I/DRCK  {rise@0.000ns fall@16.667ns period=33.333ns})
  Destination:            design_1_i/microblaze_0/U0/MicroBlaze_Core_I/Performance.Core/Use_Debug_Logic.Master_Core.Debug_Perf/Serial_Dbg_Intf.shift_count_reg[7]/D
                            (rising edge-triggered cell FDRE clocked by design_1_i/mdm_1/U0/Use_E2.BSCAN_I/Use_E2.BSCANE2_I/DRCK  {rise@0.000ns fall@16.667ns period=33.333ns})
  Path Group:             design_1_i/mdm_1/U0/Use_E2.BSCAN_I/Use_E2.BSCANE2_I/DRCK
  Path Type:              Setup (Max at Slow Process Corner)
  Requirement:            16.667ns  (design_1_i/mdm_1/U0/Use_E2.BSCAN_I/Use_E2.BSCANE2_I/DRCK rise@33.333ns - design_1_i/mdm_1/U0/Use_E2.BSCAN_I/Use_E2.BSCANE2_I/DRCK fall@16.667ns)
  Data Path Delay:        2.231ns  (logic 0.701ns (31.423%)  route 1.530ns (68.577%))
  Logic Levels:           2  (LUT4=1 LUT6=1)
  Clock Path Skew:        -0.043ns (DCD - SCD + CPR)
    Destination Clock Delay (DCD):    3.170ns = ( 36.503 - 33.333 ) 
    Source Clock Delay      (SCD):    3.567ns = ( 20.233 - 16.667 ) 
    Clock Pessimism Removal (CPR):    0.354ns
  Clock Uncertainty:      0.035ns  ((TSJ^2 + TIJ^2)^1/2 + DJ) / 2 + PE
    Total System Jitter     (TSJ):    0.071ns
    Total Input Jitter      (TIJ):    0.000ns
    Discrete Jitter          (DJ):    0.000ns
    Phase Error              (PE):    0.000ns

    Location             Delay type                Incr(ns)  Path(ns)    Netlist Resource(s)
  -------------------------------------------------------------------    -------------------
                         (clock design_1_i/mdm_1/U0/Use_E2.BSCAN_I/Use_E2.BSCANE2_I/DRCK fall edge)
                                                     16.667    16.667 f  
    BSCAN_X0Y1           BSCANE2                      0.000    16.667 f  design_1_i/mdm_1/U0/Use_E2.BSCAN_I/Use_E2.BSCANE2_I/DRCK
                         net (fo=1, routed)           1.905    18.572    design_1_i/mdm_1/U0/No_Dbg_Reg_Access.BUFG_DRCK/DRCK
    BUFGCTRL_X0Y1        BUFG (Prop_bufg_I_O)         0.096    18.668 f  design_1_i/mdm_1/U0/No_Dbg_Reg_Access.BUFG_DRCK/Using_FPGA.Native/O
                         net (fo=232, routed)         1.565    20.233    design_1_i/mdm_1/U0/MDM_Core_I1/JTAG_CONTROL_I/Use_BSCAN.SYNC_FDRE/Using_FPGA.Native_0
    SLICE_X43Y41         FDRE                                         r  design_1_i/mdm_1/U0/MDM_Core_I1/JTAG_CONTROL_I/Use_BSCAN.SYNC_FDRE/Using_FPGA.Native/C  (IS_INVERTED)
  -------------------------------------------------------------------    -------------------
    SLICE_X43Y41         FDRE (Prop_fdre_C_Q)         0.459    20.692 r  design_1_i/mdm_1/U0/MDM_Core_I1/JTAG_CONTROL_I/Use_BSCAN.SYNC_FDRE/Using_FPGA.Native/Q
                         net (fo=4, routed)           0.740    21.433    design_1_i/mdm_1/U0/MDM_Core_I1/JTAG_CONTROL_I/Use_BSCAN.SYNC_FDRE/sync
    SLICE_X41Y42         LUT6 (Prop_lut6_I0_O)        0.124    21.557 r  design_1_i/mdm_1/U0/MDM_Core_I1/JTAG_CONTROL_I/Use_BSCAN.SYNC_FDRE/Dbg_Shift_0_INST_0/O
                         net (fo=8, routed)           0.790    22.346    design_1_i/microblaze_0/U0/MicroBlaze_Core_I/Performance.Core/Use_Debug_Logic.Master_Core.Debug_Perf/Dbg_Shift
    SLICE_X39Y38         LUT4 (Prop_lut4_I2_O)        0.118    22.464 r  design_1_i/microblaze_0/U0/MicroBlaze_Core_I/Performance.Core/Use_Debug_Logic.Master_Core.Debug_Perf/Serial_Dbg_Intf.shift_count[7]_i_1/O
                         net (fo=1, routed)           0.000    22.464    design_1_i/microblaze_0/U0/MicroBlaze_Core_I/Performance.Core/Use_Debug_Logic.Master_Core.Debug_Perf/p_0_in[7]
    SLICE_X39Y38         FDRE                                         r  design_1_i/microblaze_0/U0/MicroBlaze_Core_I/Performance.Core/Use_Debug_Logic.Master_Core.Debug_Perf/Serial_Dbg_Intf.shift_count_reg[7]/D
  -------------------------------------------------------------------    -------------------

                         (clock design_1_i/mdm_1/U0/Use_E2.BSCAN_I/Use_E2.BSCANE2_I/DRCK rise edge)
                                                     33.333    33.333 r  
    BSCAN_X0Y1           BSCANE2                      0.000    33.333 r  design_1_i/mdm_1/U0/Use_E2.BSCAN_I/Use_E2.BSCANE2_I/DRCK
                         net (fo=1, routed)           1.636    34.969    design_1_i/mdm_1/U0/No_Dbg_Reg_Access.BUFG_DRCK/DRCK
    BUFGCTRL_X0Y1        BUFG (Prop_bufg_I_O)         0.091    35.060 r  design_1_i/mdm_1/U0/No_Dbg_Reg_Access.BUFG_DRCK/Using_FPGA.Native/O
                         net (fo=232, routed)         1.442    36.503    design_1_i/microblaze_0/U0/MicroBlaze_Core_I/Performance.Core/Use_Debug_Logic.Master_Core.Debug_Perf/Dbg_Clk
    SLICE_X39Y38         FDRE                                         r  design_1_i/microblaze_0/U0/MicroBlaze_Core_I/Performance.Core/Use_Debug_Logic.Master_Core.Debug_Perf/Serial_Dbg_Intf.shift_count_reg[7]/C
                         clock pessimism              0.354    36.857    
                         clock uncertainty           -0.035    36.822    
    SLICE_X39Y38         FDRE (Setup_fdre_C_D)        0.075    36.897    design_1_i/microblaze_0/U0/MicroBlaze_Core_I/Performance.Core/Use_Debug_Logic.Master_Core.Debug_Perf/Serial_Dbg_Intf.shift_count_reg[7]
  -------------------------------------------------------------------
                         required time                         36.897    
                         arrival time                         -22.464    
  -------------------------------------------------------------------
                         slack                                 14.432    

Slack (MET) :             14.802ns  (required time - arrival time)
  Source:                 design_1_i/mdm_1/U0/MDM_Core_I1/JTAG_CONTROL_I/Use_BSCAN.SYNC_FDRE/Using_FPGA.Native/C
                            (falling edge-triggered cell FDRE clocked by design_1_i/mdm_1/U0/Use_E2.BSCAN_I/Use_E2.BSCANE2_I/DRCK  {rise@0.000ns fall@16.667ns period=33.333ns})
  Destination:            design_1_i/mdm_1/U0/MDM_Core_I1/JTAG_CONTROL_I/Use_Serial_Unified_Completion.mb_instr_overrun_reg/D
                            (rising edge-triggered cell FDRE clocked by design_1_i/mdm_1/U0/Use_E2.BSCAN_I/Use_E2.BSCANE2_I/DRCK  {rise@0.000ns fall@16.667ns period=33.333ns})
  Path Group:             design_1_i/mdm_1/U0/Use_E2.BSCAN_I/Use_E2.BSCANE2_I/DRCK
  Path Type:              Setup (Max at Slow Process Corner)
  Requirement:            16.667ns  (design_1_i/mdm_1/U0/Use_E2.BSCAN_I/Use_E2.BSCANE2_I/DRCK rise@33.333ns - design_1_i/mdm_1/U0/Use_E2.BSCAN_I/Use_E2.BSCANE2_I/DRCK fall@16.667ns)
  Data Path Delay:        1.835ns  (logic 0.707ns (38.534%)  route 1.128ns (61.466%))
  Logic Levels:           2  (LUT6=2)
  Clock Path Skew:        -0.025ns (DCD - SCD + CPR)
    Destination Clock Delay (DCD):    3.174ns = ( 36.507 - 33.333 ) 
    Source Clock Delay      (SCD):    3.567ns = ( 20.233 - 16.667 ) 
    Clock Pessimism Removal (CPR):    0.368ns
  Clock Uncertainty:      0.035ns  ((TSJ^2 + TIJ^2)^1/2 + DJ) / 2 + PE
    Total System Jitter     (TSJ):    0.071ns
    Total Input Jitter      (TIJ):    0.000ns
    Discrete Jitter          (DJ):    0.000ns
    Phase Error              (PE):    0.000ns

    Location             Delay type                Incr(ns)  Path(ns)    Netlist Resource(s)
  -------------------------------------------------------------------    -------------------
                         (clock design_1_i/mdm_1/U0/Use_E2.BSCAN_I/Use_E2.BSCANE2_I/DRCK fall edge)
                                                     16.667    16.667 f  
    BSCAN_X0Y1           BSCANE2                      0.000    16.667 f  design_1_i/mdm_1/U0/Use_E2.BSCAN_I/Use_E2.BSCANE2_I/DRCK
                         net (fo=1, routed)           1.905    18.572    design_1_i/mdm_1/U0/No_Dbg_Reg_Access.BUFG_DRCK/DRCK
    BUFGCTRL_X0Y1        BUFG (Prop_bufg_I_O)         0.096    18.668 f  design_1_i/mdm_1/U0/No_Dbg_Reg_Access.BUFG_DRCK/Using_FPGA.Native/O
                         net (fo=232, routed)         1.565    20.233    design_1_i/mdm_1/U0/MDM_Core_I1/JTAG_CONTROL_I/Use_BSCAN.SYNC_FDRE/Using_FPGA.Native_0
    SLICE_X43Y41         FDRE                                         r  design_1_i/mdm_1/U0/MDM_Core_I1/JTAG_CONTROL_I/Use_BSCAN.SYNC_FDRE/Using_FPGA.Native/C  (IS_INVERTED)
  -------------------------------------------------------------------    -------------------
    SLICE_X43Y41         FDRE (Prop_fdre_C_Q)         0.459    20.692 r  design_1_i/mdm_1/U0/MDM_Core_I1/JTAG_CONTROL_I/Use_BSCAN.SYNC_FDRE/Using_FPGA.Native/Q
                         net (fo=4, routed)           0.458    21.151    design_1_i/mdm_1/U0/MDM_Core_I1/JTAG_CONTROL_I/Use_BSCAN.FDC_I/sync
    SLICE_X41Y42         LUT6 (Prop_lut6_I4_O)        0.124    21.275 r  design_1_i/mdm_1/U0/MDM_Core_I1/JTAG_CONTROL_I/Use_BSCAN.FDC_I/Use_Serial_Unified_Completion.mb_instr_overrun_i_3/O
                         net (fo=2, routed)           0.670    21.944    design_1_i/mdm_1/U0/MDM_Core_I1/JTAG_CONTROL_I/Use_BSCAN.FDC_I/mb_instr_overrun1__0
    SLICE_X40Y42         LUT6 (Prop_lut6_I1_O)        0.124    22.068 r  design_1_i/mdm_1/U0/MDM_Core_I1/JTAG_CONTROL_I/Use_BSCAN.FDC_I/Use_Serial_Unified_Completion.mb_instr_overrun_i_1/O
                         net (fo=1, routed)           0.000    22.068    design_1_i/mdm_1/U0/MDM_Core_I1/JTAG_CONTROL_I/Use_BSCAN.FDC_I_n_30
    SLICE_X40Y42         FDRE                                         r  design_1_i/mdm_1/U0/MDM_Core_I1/JTAG_CONTROL_I/Use_Serial_Unified_Completion.mb_instr_overrun_reg/D
  -------------------------------------------------------------------    -------------------

                         (clock design_1_i/mdm_1/U0/Use_E2.BSCAN_I/Use_E2.BSCANE2_I/DRCK rise edge)
                                                     33.333    33.333 r  
    BSCAN_X0Y1           BSCANE2                      0.000    33.333 r  design_1_i/mdm_1/U0/Use_E2.BSCAN_I/Use_E2.BSCANE2_I/DRCK
                         net (fo=1, routed)           1.636    34.969    design_1_i/mdm_1/U0/No_Dbg_Reg_Access.BUFG_DRCK/DRCK
    BUFGCTRL_X0Y1        BUFG (Prop_bufg_I_O)         0.091    35.060 r  design_1_i/mdm_1/U0/No_Dbg_Reg_Access.BUFG_DRCK/Using_FPGA.Native/O
                         net (fo=232, routed)         1.446    36.507    design_1_i/mdm_1/U0/MDM_Core_I1/JTAG_CONTROL_I/Using_FPGA.Native
    SLICE_X40Y42         FDRE                                         r  design_1_i/mdm_1/U0/MDM_Core_I1/JTAG_CONTROL_I/Use_Serial_Unified_Completion.mb_instr_overrun_reg/C
                         clock pessimism              0.368    36.875    
                         clock uncertainty           -0.035    36.840    
    SLICE_X40Y42         FDRE (Setup_fdre_C_D)        0.031    36.871    design_1_i/mdm_1/U0/MDM_Core_I1/JTAG_CONTROL_I/Use_Serial_Unified_Completion.mb_instr_overrun_reg
  -------------------------------------------------------------------
                         required time                         36.871    
                         arrival time                         -22.068    
  -------------------------------------------------------------------
                         slack                                 14.802    





Min Delay Paths
--------------------------------------------------------------------------------------
Slack (MET) :             0.148ns  (arrival time - required time)
  Source:                 design_1_i/mdm_1/U0/MDM_Core_I1/Use_BSCAN.Config_Reg_reg_c_1/C
                            (rising edge-triggered cell FDCE clocked by design_1_i/mdm_1/U0/Use_E2.BSCAN_I/Use_E2.BSCANE2_I/DRCK  {rise@0.000ns fall@16.667ns period=33.333ns})
  Destination:            design_1_i/mdm_1/U0/MDM_Core_I1/Use_BSCAN.Config_Reg_reg_c_2/D
                            (rising edge-triggered cell FDCE clocked by design_1_i/mdm_1/U0/Use_E2.BSCAN_I/Use_E2.BSCANE2_I/DRCK  {rise@0.000ns fall@16.667ns period=33.333ns})
  Path Group:             design_1_i/mdm_1/U0/Use_E2.BSCAN_I/Use_E2.BSCANE2_I/DRCK
  Path Type:              Hold (Min at Fast Process Corner)
  Requirement:            0.000ns  (design_1_i/mdm_1/U0/Use_E2.BSCAN_I/Use_E2.BSCANE2_I/DRCK rise@0.000ns - design_1_i/mdm_1/U0/Use_E2.BSCAN_I/Use_E2.BSCANE2_I/DRCK rise@0.000ns)
  Data Path Delay:        0.207ns  (logic 0.141ns (68.087%)  route 0.066ns (31.913%))
  Logic Levels:           0  
  Clock Path Skew:        0.013ns (DCD - SCD - CPR)
    Destination Clock Delay (DCD):    1.740ns
    Source Clock Delay      (SCD):    1.348ns
    Clock Pessimism Removal (CPR):    0.379ns

    Location             Delay type                Incr(ns)  Path(ns)    Netlist Resource(s)
  -------------------------------------------------------------------    -------------------
                         (clock design_1_i/mdm_1/U0/Use_E2.BSCAN_I/Use_E2.BSCANE2_I/DRCK rise edge)
                                                      0.000     0.000 r  
    BSCAN_X0Y1           BSCANE2                      0.000     0.000 r  design_1_i/mdm_1/U0/Use_E2.BSCAN_I/Use_E2.BSCANE2_I/DRCK
                         net (fo=1, routed)           0.759     0.759    design_1_i/mdm_1/U0/No_Dbg_Reg_Access.BUFG_DRCK/DRCK
    BUFGCTRL_X0Y1        BUFG (Prop_bufg_I_O)         0.026     0.785 r  design_1_i/mdm_1/U0/No_Dbg_Reg_Access.BUFG_DRCK/Using_FPGA.Native/O
                         net (fo=232, routed)         0.563     1.348    design_1_i/mdm_1/U0/MDM_Core_I1/Using_FPGA.Native
    SLICE_X32Y44         FDCE                                         r  design_1_i/mdm_1/U0/MDM_Core_I1/Use_BSCAN.Config_Reg_reg_c_1/C
  -------------------------------------------------------------------    -------------------
    SLICE_X32Y44         FDCE (Prop_fdce_C_Q)         0.141     1.489 r  design_1_i/mdm_1/U0/MDM_Core_I1/Use_BSCAN.Config_Reg_reg_c_1/Q
                         net (fo=2, routed)           0.066     1.555    design_1_i/mdm_1/U0/MDM_Core_I1/Use_BSCAN.Config_Reg_reg_c_1_n_0
    SLICE_X33Y44         FDCE                                         r  design_1_i/mdm_1/U0/MDM_Core_I1/Use_BSCAN.Config_Reg_reg_c_2/D
  -------------------------------------------------------------------    -------------------

                         (clock design_1_i/mdm_1/U0/Use_E2.BSCAN_I/Use_E2.BSCANE2_I/DRCK rise edge)
                                                      0.000     0.000 r  
    BSCAN_X0Y1           BSCANE2                      0.000     0.000 r  design_1_i/mdm_1/U0/Use_E2.BSCAN_I/Use_E2.BSCANE2_I/DRCK
                         net (fo=1, routed)           0.879     0.879    design_1_i/mdm_1/U0/No_Dbg_Reg_Access.BUFG_DRCK/DRCK
    BUFGCTRL_X0Y1        BUFG (Prop_bufg_I_O)         0.029     0.908 r  design_1_i/mdm_1/U0/No_Dbg_Reg_Access.BUFG_DRCK/Using_FPGA.Native/O
                         net (fo=232, routed)         0.832     1.740    design_1_i/mdm_1/U0/MDM_Core_I1/Using_FPGA.Native
    SLICE_X33Y44         FDCE                                         r  design_1_i/mdm_1/U0/MDM_Core_I1/Use_BSCAN.Config_Reg_reg_c_2/C
                         clock pessimism             -0.379     1.361    
    SLICE_X33Y44         FDCE (Hold_fdce_C_D)         0.046     1.407    design_1_i/mdm_1/U0/MDM_Core_I1/Use_BSCAN.Config_Reg_reg_c_2
  -------------------------------------------------------------------
                         required time                         -1.407    
                         arrival time                           1.555    
  -------------------------------------------------------------------
                         slack                                  0.148    

Slack (MET) :             0.163ns  (arrival time - required time)
  Source:                 design_1_i/microblaze_0/U0/MicroBlaze_Core_I/Performance.Core/Use_Debug_Logic.Master_Core.Debug_Perf/Serial_Dbg_Intf.shift_datain_reg[12]/C
                            (rising edge-triggered cell FDRE clocked by design_1_i/mdm_1/U0/Use_E2.BSCAN_I/Use_E2.BSCANE2_I/DRCK  {rise@0.000ns fall@16.667ns period=33.333ns})
  Destination:            design_1_i/microblaze_0/U0/MicroBlaze_Core_I/Performance.Core/Use_Debug_Logic.Master_Core.Debug_Perf/Serial_Dbg_Intf.New_Instr_Reg_TCK_reg[11]/D
                            (rising edge-triggered cell FDRE clocked by design_1_i/mdm_1/U0/Use_E2.BSCAN_I/Use_E2.BSCANE2_I/DRCK  {rise@0.000ns fall@16.667ns period=33.333ns})
  Path Group:             design_1_i/mdm_1/U0/Use_E2.BSCAN_I/Use_E2.BSCANE2_I/DRCK
  Path Type:              Hold (Min at Fast Process Corner)
  Requirement:            0.000ns  (design_1_i/mdm_1/U0/Use_E2.BSCAN_I/Use_E2.BSCANE2_I/DRCK rise@0.000ns - design_1_i/mdm_1/U0/Use_E2.BSCAN_I/Use_E2.BSCANE2_I/DRCK rise@0.000ns)
  Data Path Delay:        0.267ns  (logic 0.141ns (52.727%)  route 0.126ns (47.273%))
  Logic Levels:           0  
  Clock Path Skew:        0.034ns (DCD - SCD - CPR)
    Destination Clock Delay (DCD):    1.734ns
    Source Clock Delay      (SCD):    1.343ns
    Clock Pessimism Removal (CPR):    0.357ns

    Location             Delay type                Incr(ns)  Path(ns)    Netlist Resource(s)
  -------------------------------------------------------------------    -------------------
                         (clock design_1_i/mdm_1/U0/Use_E2.BSCAN_I/Use_E2.BSCANE2_I/DRCK rise edge)
                                                      0.000     0.000 r  
    BSCAN_X0Y1           BSCANE2                      0.000     0.000 r  design_1_i/mdm_1/U0/Use_E2.BSCAN_I/Use_E2.BSCANE2_I/DRCK
                         net (fo=1, routed)           0.759     0.759    design_1_i/mdm_1/U0/No_Dbg_Reg_Access.BUFG_DRCK/DRCK
    BUFGCTRL_X0Y1        BUFG (Prop_bufg_I_O)         0.026     0.785 r  design_1_i/mdm_1/U0/No_Dbg_Reg_Access.BUFG_DRCK/Using_FPGA.Native/O
                         net (fo=232, routed)         0.558     1.343    design_1_i/microblaze_0/U0/MicroBlaze_Core_I/Performance.Core/Use_Debug_Logic.Master_Core.Debug_Perf/Dbg_Clk
    SLICE_X55Y19         FDRE                                         r  design_1_i/microblaze_0/U0/MicroBlaze_Core_I/Performance.Core/Use_Debug_Logic.Master_Core.Debug_Perf/Serial_Dbg_Intf.shift_datain_reg[12]/C
  -------------------------------------------------------------------    -------------------
    SLICE_X55Y19         FDRE (Prop_fdre_C_Q)         0.141     1.484 r  design_1_i/microblaze_0/U0/MicroBlaze_Core_I/Performance.Core/Use_Debug_Logic.Master_Core.Debug_Perf/Serial_Dbg_Intf.shift_datain_reg[12]/Q
                         net (fo=2, routed)           0.126     1.611    design_1_i/microblaze_0/U0/MicroBlaze_Core_I/Performance.Core/Use_Debug_Logic.Master_Core.Debug_Perf/Serial_Dbg_Intf.shift_datain_reg_n_0_[12]
    SLICE_X57Y20         FDRE                                         r  design_1_i/microblaze_0/U0/MicroBlaze_Core_I/Performance.Core/Use_Debug_Logic.Master_Core.Debug_Perf/Serial_Dbg_Intf.New_Instr_Reg_TCK_reg[11]/D
  -------------------------------------------------------------------    -------------------

                         (clock design_1_i/mdm_1/U0/Use_E2.BSCAN_I/Use_E2.BSCANE2_I/DRCK rise edge)
                                                      0.000     0.000 r  
    BSCAN_X0Y1           BSCANE2                      0.000     0.000 r  design_1_i/mdm_1/U0/Use_E2.BSCAN_I/Use_E2.BSCANE2_I/DRCK
                         net (fo=1, routed)           0.879     0.879    design_1_i/mdm_1/U0/No_Dbg_Reg_Access.BUFG_DRCK/DRCK
    BUFGCTRL_X0Y1        BUFG (Prop_bufg_I_O)         0.029     0.908 r  design_1_i/mdm_1/U0/No_Dbg_Reg_Access.BUFG_DRCK/Using_FPGA.Native/O
                         net (fo=232, routed)         0.826     1.734    design_1_i/microblaze_0/U0/MicroBlaze_Core_I/Performance.Core/Use_Debug_Logic.Master_Core.Debug_Perf/Dbg_Clk
    SLICE_X57Y20         FDRE                                         r  design_1_i/microblaze_0/U0/MicroBlaze_Core_I/Performance.Core/Use_Debug_Logic.Master_Core.Debug_Perf/Serial_Dbg_Intf.New_Instr_Reg_TCK_reg[11]/C
                         clock pessimism             -0.357     1.377    
    SLICE_X57Y20         FDRE (Hold_fdre_C_D)         0.070     1.447    design_1_i/microblaze_0/U0/MicroBlaze_Core_I/Performance.Core/Use_Debug_Logic.Master_Core.Debug_Perf/Serial_Dbg_Intf.New_Instr_Reg_TCK_reg[11]
  -------------------------------------------------------------------
                         required time                         -1.447    
                         arrival time                           1.611    
  -------------------------------------------------------------------
                         slack                                  0.163    

Slack (MET) :             0.168ns  (arrival time - required time)
  Source:                 design_1_i/microblaze_0/U0/MicroBlaze_Core_I/Performance.Core/Use_Debug_Logic.Master_Core.Debug_Perf/Serial_Dbg_Intf.sync_dbg_hit/sync_bits[0].sync_bit/Single_Synchronize.use_async_reset.sync_reg/C
                            (rising edge-triggered cell FDRE clocked by design_1_i/mdm_1/U0/Use_E2.BSCAN_I/Use_E2.BSCANE2_I/DRCK  {rise@0.000ns fall@16.667ns period=33.333ns})
  Destination:            design_1_i/microblaze_0/U0/MicroBlaze_Core_I/Performance.Core/Use_Debug_Logic.Master_Core.Debug_Perf/Serial_Dbg_Intf.status_reg_reg[0]/D
                            (rising edge-triggered cell FDRE clocked by design_1_i/mdm_1/U0/Use_E2.BSCAN_I/Use_E2.BSCANE2_I/DRCK  {rise@0.000ns fall@16.667ns period=33.333ns})
  Path Group:             design_1_i/mdm_1/U0/Use_E2.BSCAN_I/Use_E2.BSCANE2_I/DRCK
  Path Type:              Hold (Min at Fast Process Corner)
  Requirement:            0.000ns  (design_1_i/mdm_1/U0/Use_E2.BSCAN_I/Use_E2.BSCANE2_I/DRCK rise@0.000ns - design_1_i/mdm_1/U0/Use_E2.BSCAN_I/Use_E2.BSCANE2_I/DRCK rise@0.000ns)
  Data Path Delay:        0.253ns  (logic 0.141ns (55.730%)  route 0.112ns (44.270%))
  Logic Levels:           0  
  Clock Path Skew:        0.015ns (DCD - SCD - CPR)
    Destination Clock Delay (DCD):    1.735ns
    Source Clock Delay      (SCD):    1.344ns
    Clock Pessimism Removal (CPR):    0.376ns

    Location             Delay type                Incr(ns)  Path(ns)    Netlist Resource(s)
  -------------------------------------------------------------------    -------------------
                         (clock design_1_i/mdm_1/U0/Use_E2.BSCAN_I/Use_E2.BSCANE2_I/DRCK rise edge)
                                                      0.000     0.000 r  
    BSCAN_X0Y1           BSCANE2                      0.000     0.000 r  design_1_i/mdm_1/U0/Use_E2.BSCAN_I/Use_E2.BSCANE2_I/DRCK
                         net (fo=1, routed)           0.759     0.759    design_1_i/mdm_1/U0/No_Dbg_Reg_Access.BUFG_DRCK/DRCK
    BUFGCTRL_X0Y1        BUFG (Prop_bufg_I_O)         0.026     0.785 r  design_1_i/mdm_1/U0/No_Dbg_Reg_Access.BUFG_DRCK/Using_FPGA.Native/O
                         net (fo=232, routed)         0.559     1.344    design_1_i/microblaze_0/U0/MicroBlaze_Core_I/Performance.Core/Use_Debug_Logic.Master_Core.Debug_Perf/Serial_Dbg_Intf.sync_dbg_hit/sync_bits[0].sync_bit/Dbg_Clk
    SLICE_X39Y35         FDRE                                         r  design_1_i/microblaze_0/U0/MicroBlaze_Core_I/Performance.Core/Use_Debug_Logic.Master_Core.Debug_Perf/Serial_Dbg_Intf.sync_dbg_hit/sync_bits[0].sync_bit/Single_Synchronize.use_async_reset.sync_reg/C
  -------------------------------------------------------------------    -------------------
    SLICE_X39Y35         FDRE (Prop_fdre_C_Q)         0.141     1.485 r  design_1_i/microblaze_0/U0/MicroBlaze_Core_I/Performance.Core/Use_Debug_Logic.Master_Core.Debug_Perf/Serial_Dbg_Intf.sync_dbg_hit/sync_bits[0].sync_bit/Single_Synchronize.use_async_reset.sync_reg/Q
                         net (fo=1, routed)           0.112     1.597    design_1_i/microblaze_0/U0/MicroBlaze_Core_I/Performance.Core/Use_Debug_Logic.Master_Core.Debug_Perf/sync
    SLICE_X39Y36         FDRE                                         r  design_1_i/microblaze_0/U0/MicroBlaze_Core_I/Performance.Core/Use_Debug_Logic.Master_Core.Debug_Perf/Serial_Dbg_Intf.status_reg_reg[0]/D
  -------------------------------------------------------------------    -------------------

                         (clock design_1_i/mdm_1/U0/Use_E2.BSCAN_I/Use_E2.BSCANE2_I/DRCK rise edge)
                                                      0.000     0.000 r  
    BSCAN_X0Y1           BSCANE2                      0.000     0.000 r  design_1_i/mdm_1/U0/Use_E2.BSCAN_I/Use_E2.BSCANE2_I/DRCK
                         net (fo=1, routed)           0.879     0.879    design_1_i/mdm_1/U0/No_Dbg_Reg_Access.BUFG_DRCK/DRCK
    BUFGCTRL_X0Y1        BUFG (Prop_bufg_I_O)         0.029     0.908 r  design_1_i/mdm_1/U0/No_Dbg_Reg_Access.BUFG_DRCK/Using_FPGA.Native/O
                         net (fo=232, routed)         0.827     1.735    design_1_i/microblaze_0/U0/MicroBlaze_Core_I/Performance.Core/Use_Debug_Logic.Master_Core.Debug_Perf/Dbg_Clk
    SLICE_X39Y36         FDRE                                         r  design_1_i/microblaze_0/U0/MicroBlaze_Core_I/Performance.Core/Use_Debug_Logic.Master_Core.Debug_Perf/Serial_Dbg_Intf.status_reg_reg[0]/C
                         clock pessimism             -0.376     1.359    
    SLICE_X39Y36         FDRE (Hold_fdre_C_D)         0.070     1.429    design_1_i/microblaze_0/U0/MicroBlaze_Core_I/Performance.Core/Use_Debug_Logic.Master_Core.Debug_Perf/Serial_Dbg_Intf.status_reg_reg[0]
  -------------------------------------------------------------------
                         required time                         -1.429    
                         arrival time                           1.597    
  -------------------------------------------------------------------
                         slack                                  0.168    

Slack (MET) :             0.169ns  (arrival time - required time)
  Source:                 design_1_i/mdm_1/U0/MDM_Core_I1/Use_BSCAN.Config_Reg_reg[25]/C
                            (rising edge-triggered cell FDPE clocked by design_1_i/mdm_1/U0/Use_E2.BSCAN_I/Use_E2.BSCANE2_I/DRCK  {rise@0.000ns fall@16.667ns period=33.333ns})
  Destination:            design_1_i/mdm_1/U0/MDM_Core_I1/Use_BSCAN.Config_Reg_reg[12]_srl13_MDM_Core_I1_Use_BSCAN.Config_Reg_reg_c_11/D
                            (rising edge-triggered cell SRL16E clocked by design_1_i/mdm_1/U0/Use_E2.BSCAN_I/Use_E2.BSCANE2_I/DRCK  {rise@0.000ns fall@16.667ns period=33.333ns})
  Path Group:             design_1_i/mdm_1/U0/Use_E2.BSCAN_I/Use_E2.BSCANE2_I/DRCK
  Path Type:              Hold (Min at Fast Process Corner)
  Requirement:            0.000ns  (design_1_i/mdm_1/U0/Use_E2.BSCAN_I/Use_E2.BSCANE2_I/DRCK rise@0.000ns - design_1_i/mdm_1/U0/Use_E2.BSCAN_I/Use_E2.BSCANE2_I/DRCK rise@0.000ns)
  Data Path Delay:        0.245ns  (logic 0.128ns (52.327%)  route 0.117ns (47.673%))
  Logic Levels:           0  
  Clock Path Skew:        0.013ns (DCD - SCD - CPR)
    Destination Clock Delay (DCD):    1.740ns
    Source Clock Delay      (SCD):    1.348ns
    Clock Pessimism Removal (CPR):    0.379ns

    Location             Delay type                Incr(ns)  Path(ns)    Netlist Resource(s)
  -------------------------------------------------------------------    -------------------
                         (clock design_1_i/mdm_1/U0/Use_E2.BSCAN_I/Use_E2.BSCANE2_I/DRCK rise edge)
                                                      0.000     0.000 r  
    BSCAN_X0Y1           BSCANE2                      0.000     0.000 r  design_1_i/mdm_1/U0/Use_E2.BSCAN_I/Use_E2.BSCANE2_I/DRCK
                         net (fo=1, routed)           0.759     0.759    design_1_i/mdm_1/U0/No_Dbg_Reg_Access.BUFG_DRCK/DRCK
    BUFGCTRL_X0Y1        BUFG (Prop_bufg_I_O)         0.026     0.785 r  design_1_i/mdm_1/U0/No_Dbg_Reg_Access.BUFG_DRCK/Using_FPGA.Native/O
                         net (fo=232, routed)         0.563     1.348    design_1_i/mdm_1/U0/MDM_Core_I1/Using_FPGA.Native
    SLICE_X31Y44         FDPE                                         r  design_1_i/mdm_1/U0/MDM_Core_I1/Use_BSCAN.Config_Reg_reg[25]/C
  -------------------------------------------------------------------    -------------------
    SLICE_X31Y44         FDPE (Prop_fdpe_C_Q)         0.128     1.476 r  design_1_i/mdm_1/U0/MDM_Core_I1/Use_BSCAN.Config_Reg_reg[25]/Q
                         net (fo=1, routed)           0.117     1.593    design_1_i/mdm_1/U0/MDM_Core_I1/Use_BSCAN.Config_Reg_reg_n_0_[25]
    SLICE_X30Y44         SRL16E                                       r  design_1_i/mdm_1/U0/MDM_Core_I1/Use_BSCAN.Config_Reg_reg[12]_srl13_MDM_Core_I1_Use_BSCAN.Config_Reg_reg_c_11/D
  -------------------------------------------------------------------    -------------------

                         (clock design_1_i/mdm_1/U0/Use_E2.BSCAN_I/Use_E2.BSCANE2_I/DRCK rise edge)
                                                      0.000     0.000 r  
    BSCAN_X0Y1           BSCANE2                      0.000     0.000 r  design_1_i/mdm_1/U0/Use_E2.BSCAN_I/Use_E2.BSCANE2_I/DRCK
                         net (fo=1, routed)           0.879     0.879    design_1_i/mdm_1/U0/No_Dbg_Reg_Access.BUFG_DRCK/DRCK
    BUFGCTRL_X0Y1        BUFG (Prop_bufg_I_O)         0.029     0.908 r  design_1_i/mdm_1/U0/No_Dbg_Reg_Access.BUFG_DRCK/Using_FPGA.Native/O
                         net (fo=232, routed)         0.832     1.740    design_1_i/mdm_1/U0/MDM_Core_I1/Using_FPGA.Native
    SLICE_X30Y44         SRL16E                                       r  design_1_i/mdm_1/U0/MDM_Core_I1/Use_BSCAN.Config_Reg_reg[12]_srl13_MDM_Core_I1_Use_BSCAN.Config_Reg_reg_c_11/CLK
                         clock pessimism             -0.379     1.361    
    SLICE_X30Y44         SRL16E (Hold_srl16e_CLK_D)
                                                      0.063     1.424    design_1_i/mdm_1/U0/MDM_Core_I1/Use_BSCAN.Config_Reg_reg[12]_srl13_MDM_Core_I1_Use_BSCAN.Config_Reg_reg_c_11
  -------------------------------------------------------------------
                         required time                         -1.424    
                         arrival time                           1.593    
  -------------------------------------------------------------------
                         slack                                  0.169    

Slack (MET) :             0.169ns  (arrival time - required time)
  Source:                 design_1_i/mdm_1/U0/MDM_Core_I1/Use_BSCAN.Config_Reg_reg[30]/C
                            (rising edge-triggered cell FDPE clocked by design_1_i/mdm_1/U0/Use_E2.BSCAN_I/Use_E2.BSCANE2_I/DRCK  {rise@0.000ns fall@16.667ns period=33.333ns})
  Destination:            design_1_i/mdm_1/U0/MDM_Core_I1/Use_BSCAN.Config_Reg_reg[28]_srl2_MDM_Core_I1_Use_BSCAN.Config_Reg_reg_c_0/D
                            (rising edge-triggered cell SRL16E clocked by design_1_i/mdm_1/U0/Use_E2.BSCAN_I/Use_E2.BSCANE2_I/DRCK  {rise@0.000ns fall@16.667ns period=33.333ns})
  Path Group:             design_1_i/mdm_1/U0/Use_E2.BSCAN_I/Use_E2.BSCANE2_I/DRCK
  Path Type:              Hold (Min at Fast Process Corner)
  Requirement:            0.000ns  (design_1_i/mdm_1/U0/Use_E2.BSCAN_I/Use_E2.BSCANE2_I/DRCK rise@0.000ns - design_1_i/mdm_1/U0/Use_E2.BSCAN_I/Use_E2.BSCANE2_I/DRCK rise@0.000ns)
  Data Path Delay:        0.244ns  (logic 0.128ns (52.512%)  route 0.116ns (47.488%))
  Logic Levels:           0  
  Clock Path Skew:        0.013ns (DCD - SCD - CPR)
    Destination Clock Delay (DCD):    1.740ns
    Source Clock Delay      (SCD):    1.348ns
    Clock Pessimism Removal (CPR):    0.379ns

    Location             Delay type                Incr(ns)  Path(ns)    Netlist Resource(s)
  -------------------------------------------------------------------    -------------------
                         (clock design_1_i/mdm_1/U0/Use_E2.BSCAN_I/Use_E2.BSCANE2_I/DRCK rise edge)
                                                      0.000     0.000 r  
    BSCAN_X0Y1           BSCANE2                      0.000     0.000 r  design_1_i/mdm_1/U0/Use_E2.BSCAN_I/Use_E2.BSCANE2_I/DRCK
                         net (fo=1, routed)           0.759     0.759    design_1_i/mdm_1/U0/No_Dbg_Reg_Access.BUFG_DRCK/DRCK
    BUFGCTRL_X0Y1        BUFG (Prop_bufg_I_O)         0.026     0.785 r  design_1_i/mdm_1/U0/No_Dbg_Reg_Access.BUFG_DRCK/Using_FPGA.Native/O
                         net (fo=232, routed)         0.563     1.348    design_1_i/mdm_1/U0/MDM_Core_I1/Using_FPGA.Native
    SLICE_X31Y44         FDPE                                         r  design_1_i/mdm_1/U0/MDM_Core_I1/Use_BSCAN.Config_Reg_reg[30]/C
  -------------------------------------------------------------------    -------------------
    SLICE_X31Y44         FDPE (Prop_fdpe_C_Q)         0.128     1.476 r  design_1_i/mdm_1/U0/MDM_Core_I1/Use_BSCAN.Config_Reg_reg[30]/Q
                         net (fo=1, routed)           0.116     1.592    design_1_i/mdm_1/U0/MDM_Core_I1/Use_BSCAN.Config_Reg_reg_n_0_[30]
    SLICE_X30Y44         SRL16E                                       r  design_1_i/mdm_1/U0/MDM_Core_I1/Use_BSCAN.Config_Reg_reg[28]_srl2_MDM_Core_I1_Use_BSCAN.Config_Reg_reg_c_0/D
  -------------------------------------------------------------------    -------------------

                         (clock design_1_i/mdm_1/U0/Use_E2.BSCAN_I/Use_E2.BSCANE2_I/DRCK rise edge)
                                                      0.000     0.000 r  
    BSCAN_X0Y1           BSCANE2                      0.000     0.000 r  design_1_i/mdm_1/U0/Use_E2.BSCAN_I/Use_E2.BSCANE2_I/DRCK
                         net (fo=1, routed)           0.879     0.879    design_1_i/mdm_1/U0/No_Dbg_Reg_Access.BUFG_DRCK/DRCK
    BUFGCTRL_X0Y1        BUFG (Prop_bufg_I_O)         0.029     0.908 r  design_1_i/mdm_1/U0/No_Dbg_Reg_Access.BUFG_DRCK/Using_FPGA.Native/O
                         net (fo=232, routed)         0.832     1.740    design_1_i/mdm_1/U0/MDM_Core_I1/Using_FPGA.Native
    SLICE_X30Y44         SRL16E                                       r  design_1_i/mdm_1/U0/MDM_Core_I1/Use_BSCAN.Config_Reg_reg[28]_srl2_MDM_Core_I1_Use_BSCAN.Config_Reg_reg_c_0/CLK
                         clock pessimism             -0.379     1.361    
    SLICE_X30Y44         SRL16E (Hold_srl16e_CLK_D)
                                                      0.062     1.423    design_1_i/mdm_1/U0/MDM_Core_I1/Use_BSCAN.Config_Reg_reg[28]_srl2_MDM_Core_I1_Use_BSCAN.Config_Reg_reg_c_0
  -------------------------------------------------------------------
                         required time                         -1.423    
                         arrival time                           1.592    
  -------------------------------------------------------------------
                         slack                                  0.169    

Slack (MET) :             0.170ns  (arrival time - required time)
  Source:                 design_1_i/microblaze_0/U0/MicroBlaze_Core_I/Performance.Core/Use_Debug_Logic.Master_Core.Debug_Perf/Serial_Dbg_Intf.shift_datain_reg[13]/C
                            (rising edge-triggered cell FDRE clocked by design_1_i/mdm_1/U0/Use_E2.BSCAN_I/Use_E2.BSCANE2_I/DRCK  {rise@0.000ns fall@16.667ns period=33.333ns})
  Destination:            design_1_i/microblaze_0/U0/MicroBlaze_Core_I/Performance.Core/Use_Debug_Logic.Master_Core.Debug_Perf/Serial_Dbg_Intf.New_Instr_Reg_TCK_reg[12]/D
                            (rising edge-triggered cell FDRE clocked by design_1_i/mdm_1/U0/Use_E2.BSCAN_I/Use_E2.BSCANE2_I/DRCK  {rise@0.000ns fall@16.667ns period=33.333ns})
  Path Group:             design_1_i/mdm_1/U0/Use_E2.BSCAN_I/Use_E2.BSCANE2_I/DRCK
  Path Type:              Hold (Min at Fast Process Corner)
  Requirement:            0.000ns  (design_1_i/mdm_1/U0/Use_E2.BSCAN_I/Use_E2.BSCANE2_I/DRCK rise@0.000ns - design_1_i/mdm_1/U0/Use_E2.BSCAN_I/Use_E2.BSCANE2_I/DRCK rise@0.000ns)
  Data Path Delay:        0.271ns  (logic 0.141ns (52.119%)  route 0.130ns (47.881%))
  Logic Levels:           0  
  Clock Path Skew:        0.031ns (DCD - SCD - CPR)
    Destination Clock Delay (DCD):    1.729ns
    Source Clock Delay      (SCD):    1.341ns
    Clock Pessimism Removal (CPR):    0.357ns

    Location             Delay type                Incr(ns)  Path(ns)    Netlist Resource(s)
  -------------------------------------------------------------------    -------------------
                         (clock design_1_i/mdm_1/U0/Use_E2.BSCAN_I/Use_E2.BSCANE2_I/DRCK rise edge)
                                                      0.000     0.000 r  
    BSCAN_X0Y1           BSCANE2                      0.000     0.000 r  design_1_i/mdm_1/U0/Use_E2.BSCAN_I/Use_E2.BSCANE2_I/DRCK
                         net (fo=1, routed)           0.759     0.759    design_1_i/mdm_1/U0/No_Dbg_Reg_Access.BUFG_DRCK/DRCK
    BUFGCTRL_X0Y1        BUFG (Prop_bufg_I_O)         0.026     0.785 r  design_1_i/mdm_1/U0/No_Dbg_Reg_Access.BUFG_DRCK/Using_FPGA.Native/O
                         net (fo=232, routed)         0.556     1.341    design_1_i/microblaze_0/U0/MicroBlaze_Core_I/Performance.Core/Use_Debug_Logic.Master_Core.Debug_Perf/Dbg_Clk
    SLICE_X57Y23         FDRE                                         r  design_1_i/microblaze_0/U0/MicroBlaze_Core_I/Performance.Core/Use_Debug_Logic.Master_Core.Debug_Perf/Serial_Dbg_Intf.shift_datain_reg[13]/C
  -------------------------------------------------------------------    -------------------
    SLICE_X57Y23         FDRE (Prop_fdre_C_Q)         0.141     1.482 r  design_1_i/microblaze_0/U0/MicroBlaze_Core_I/Performance.Core/Use_Debug_Logic.Master_Core.Debug_Perf/Serial_Dbg_Intf.shift_datain_reg[13]/Q
                         net (fo=2, routed)           0.130     1.612    design_1_i/microblaze_0/U0/MicroBlaze_Core_I/Performance.Core/Use_Debug_Logic.Master_Core.Debug_Perf/Serial_Dbg_Intf.shift_datain_reg_n_0_[13]
    SLICE_X55Y24         FDRE                                         r  design_1_i/microblaze_0/U0/MicroBlaze_Core_I/Performance.Core/Use_Debug_Logic.Master_Core.Debug_Perf/Serial_Dbg_Intf.New_Instr_Reg_TCK_reg[12]/D
  -------------------------------------------------------------------    -------------------

                         (clock design_1_i/mdm_1/U0/Use_E2.BSCAN_I/Use_E2.BSCANE2_I/DRCK rise edge)
                                                      0.000     0.000 r  
    BSCAN_X0Y1           BSCANE2                      0.000     0.000 r  design_1_i/mdm_1/U0/Use_E2.BSCAN_I/Use_E2.BSCANE2_I/DRCK
                         net (fo=1, routed)           0.879     0.879    design_1_i/mdm_1/U0/No_Dbg_Reg_Access.BUFG_DRCK/DRCK
    BUFGCTRL_X0Y1        BUFG (Prop_bufg_I_O)         0.029     0.908 r  design_1_i/mdm_1/U0/No_Dbg_Reg_Access.BUFG_DRCK/Using_FPGA.Native/O
                         net (fo=232, routed)         0.821     1.729    design_1_i/microblaze_0/U0/MicroBlaze_Core_I/Performance.Core/Use_Debug_Logic.Master_Core.Debug_Perf/Dbg_Clk
    SLICE_X55Y24         FDRE                                         r  design_1_i/microblaze_0/U0/MicroBlaze_Core_I/Performance.Core/Use_Debug_Logic.Master_Core.Debug_Perf/Serial_Dbg_Intf.New_Instr_Reg_TCK_reg[12]/C
                         clock pessimism             -0.357     1.372    
    SLICE_X55Y24         FDRE (Hold_fdre_C_D)         0.070     1.442    design_1_i/microblaze_0/U0/MicroBlaze_Core_I/Performance.Core/Use_Debug_Logic.Master_Core.Debug_Perf/Serial_Dbg_Intf.New_Instr_Reg_TCK_reg[12]
  -------------------------------------------------------------------
                         required time                         -1.442    
                         arrival time                           1.612    
  -------------------------------------------------------------------
                         slack                                  0.170    

Slack (MET) :             0.172ns  (arrival time - required time)
  Source:                 design_1_i/microblaze_0/U0/MicroBlaze_Core_I/Performance.Core/Use_Debug_Logic.Master_Core.Debug_Perf/Serial_Dbg_Intf.shift_datain_reg[12]/C
                            (rising edge-triggered cell FDRE clocked by design_1_i/mdm_1/U0/Use_E2.BSCAN_I/Use_E2.BSCANE2_I/DRCK  {rise@0.000ns fall@16.667ns period=33.333ns})
  Destination:            design_1_i/microblaze_0/U0/MicroBlaze_Core_I/Performance.Core/Use_Debug_Logic.Master_Core.Debug_Perf/Serial_Dbg_Intf.shift_datain_reg[11]/D
                            (rising edge-triggered cell FDRE clocked by design_1_i/mdm_1/U0/Use_E2.BSCAN_I/Use_E2.BSCANE2_I/DRCK  {rise@0.000ns fall@16.667ns period=33.333ns})
  Path Group:             design_1_i/mdm_1/U0/Use_E2.BSCAN_I/Use_E2.BSCANE2_I/DRCK
  Path Type:              Hold (Min at Fast Process Corner)
  Requirement:            0.000ns  (design_1_i/mdm_1/U0/Use_E2.BSCAN_I/Use_E2.BSCANE2_I/DRCK rise@0.000ns - design_1_i/mdm_1/U0/Use_E2.BSCAN_I/Use_E2.BSCANE2_I/DRCK rise@0.000ns)
  Data Path Delay:        0.263ns  (logic 0.141ns (53.537%)  route 0.122ns (46.463%))
  Logic Levels:           0  
  Clock Path Skew:        0.015ns (DCD - SCD - CPR)
    Destination Clock Delay (DCD):    1.736ns
    Source Clock Delay      (SCD):    1.343ns
    Clock Pessimism Removal (CPR):    0.378ns

    Location             Delay type                Incr(ns)  Path(ns)    Netlist Resource(s)
  -------------------------------------------------------------------    -------------------
                         (clock design_1_i/mdm_1/U0/Use_E2.BSCAN_I/Use_E2.BSCANE2_I/DRCK rise edge)
                                                      0.000     0.000 r  
    BSCAN_X0Y1           BSCANE2                      0.000     0.000 r  design_1_i/mdm_1/U0/Use_E2.BSCAN_I/Use_E2.BSCANE2_I/DRCK
                         net (fo=1, routed)           0.759     0.759    design_1_i/mdm_1/U0/No_Dbg_Reg_Access.BUFG_DRCK/DRCK
    BUFGCTRL_X0Y1        BUFG (Prop_bufg_I_O)         0.026     0.785 r  design_1_i/mdm_1/U0/No_Dbg_Reg_Access.BUFG_DRCK/Using_FPGA.Native/O
                         net (fo=232, routed)         0.558     1.343    design_1_i/microblaze_0/U0/MicroBlaze_Core_I/Performance.Core/Use_Debug_Logic.Master_Core.Debug_Perf/Dbg_Clk
    SLICE_X55Y19         FDRE                                         r  design_1_i/microblaze_0/U0/MicroBlaze_Core_I/Performance.Core/Use_Debug_Logic.Master_Core.Debug_Perf/Serial_Dbg_Intf.shift_datain_reg[12]/C
  -------------------------------------------------------------------    -------------------
    SLICE_X55Y19         FDRE (Prop_fdre_C_Q)         0.141     1.484 r  design_1_i/microblaze_0/U0/MicroBlaze_Core_I/Performance.Core/Use_Debug_Logic.Master_Core.Debug_Perf/Serial_Dbg_Intf.shift_datain_reg[12]/Q
                         net (fo=2, routed)           0.122     1.606    design_1_i/microblaze_0/U0/MicroBlaze_Core_I/Performance.Core/Use_Debug_Logic.Master_Core.Debug_Perf/Serial_Dbg_Intf.shift_datain_reg_n_0_[12]
    SLICE_X54Y18         FDRE                                         r  design_1_i/microblaze_0/U0/MicroBlaze_Core_I/Performance.Core/Use_Debug_Logic.Master_Core.Debug_Perf/Serial_Dbg_Intf.shift_datain_reg[11]/D
  -------------------------------------------------------------------    -------------------

                         (clock design_1_i/mdm_1/U0/Use_E2.BSCAN_I/Use_E2.BSCANE2_I/DRCK rise edge)
                                                      0.000     0.000 r  
    BSCAN_X0Y1           BSCANE2                      0.000     0.000 r  design_1_i/mdm_1/U0/Use_E2.BSCAN_I/Use_E2.BSCANE2_I/DRCK
                         net (fo=1, routed)           0.879     0.879    design_1_i/mdm_1/U0/No_Dbg_Reg_Access.BUFG_DRCK/DRCK
    BUFGCTRL_X0Y1        BUFG (Prop_bufg_I_O)         0.029     0.908 r  design_1_i/mdm_1/U0/No_Dbg_Reg_Access.BUFG_DRCK/Using_FPGA.Native/O
                         net (fo=232, routed)         0.828     1.736    design_1_i/microblaze_0/U0/MicroBlaze_Core_I/Performance.Core/Use_Debug_Logic.Master_Core.Debug_Perf/Dbg_Clk
    SLICE_X54Y18         FDRE                                         r  design_1_i/microblaze_0/U0/MicroBlaze_Core_I/Performance.Core/Use_Debug_Logic.Master_Core.Debug_Perf/Serial_Dbg_Intf.shift_datain_reg[11]/C
                         clock pessimism             -0.378     1.358    
    SLICE_X54Y18         FDRE (Hold_fdre_C_D)         0.076     1.434    design_1_i/microblaze_0/U0/MicroBlaze_Core_I/Performance.Core/Use_Debug_Logic.Master_Core.Debug_Perf/Serial_Dbg_Intf.shift_datain_reg[11]
  -------------------------------------------------------------------
                         required time                         -1.434    
                         arrival time                           1.606    
  -------------------------------------------------------------------
                         slack                                  0.172    

Slack (MET) :             0.180ns  (arrival time - required time)
  Source:                 design_1_i/microblaze_0/U0/MicroBlaze_Core_I/Performance.Core/Use_Debug_Logic.Master_Core.Debug_Perf/Serial_Dbg_Intf.shift_datain_reg[25]/C
                            (rising edge-triggered cell FDRE clocked by design_1_i/mdm_1/U0/Use_E2.BSCAN_I/Use_E2.BSCANE2_I/DRCK  {rise@0.000ns fall@16.667ns period=33.333ns})
  Destination:            design_1_i/microblaze_0/U0/MicroBlaze_Core_I/Performance.Core/Use_Debug_Logic.Master_Core.Debug_Perf/Serial_Dbg_Intf.New_Instr_Reg_TCK_reg[24]/D
                            (rising edge-triggered cell FDRE clocked by design_1_i/mdm_1/U0/Use_E2.BSCAN_I/Use_E2.BSCANE2_I/DRCK  {rise@0.000ns fall@16.667ns period=33.333ns})
  Path Group:             design_1_i/mdm_1/U0/Use_E2.BSCAN_I/Use_E2.BSCANE2_I/DRCK
  Path Type:              Hold (Min at Fast Process Corner)
  Requirement:            0.000ns  (design_1_i/mdm_1/U0/Use_E2.BSCAN_I/Use_E2.BSCANE2_I/DRCK rise@0.000ns - design_1_i/mdm_1/U0/Use_E2.BSCAN_I/Use_E2.BSCANE2_I/DRCK rise@0.000ns)
  Data Path Delay:        0.203ns  (logic 0.128ns (62.981%)  route 0.075ns (37.019%))
  Logic Levels:           0  
  Clock Path Skew:        0.013ns (DCD - SCD - CPR)
    Destination Clock Delay (DCD):    1.735ns
    Source Clock Delay      (SCD):    1.343ns
    Clock Pessimism Removal (CPR):    0.379ns

    Location             Delay type                Incr(ns)  Path(ns)    Netlist Resource(s)
  -------------------------------------------------------------------    -------------------
                         (clock design_1_i/mdm_1/U0/Use_E2.BSCAN_I/Use_E2.BSCANE2_I/DRCK rise edge)
                                                      0.000     0.000 r  
    BSCAN_X0Y1           BSCANE2                      0.000     0.000 r  design_1_i/mdm_1/U0/Use_E2.BSCAN_I/Use_E2.BSCANE2_I/DRCK
                         net (fo=1, routed)           0.759     0.759    design_1_i/mdm_1/U0/No_Dbg_Reg_Access.BUFG_DRCK/DRCK
    BUFGCTRL_X0Y1        BUFG (Prop_bufg_I_O)         0.026     0.785 r  design_1_i/mdm_1/U0/No_Dbg_Reg_Access.BUFG_DRCK/Using_FPGA.Native/O
                         net (fo=232, routed)         0.558     1.343    design_1_i/microblaze_0/U0/MicroBlaze_Core_I/Performance.Core/Use_Debug_Logic.Master_Core.Debug_Perf/Dbg_Clk
    SLICE_X55Y19         FDRE                                         r  design_1_i/microblaze_0/U0/MicroBlaze_Core_I/Performance.Core/Use_Debug_Logic.Master_Core.Debug_Perf/Serial_Dbg_Intf.shift_datain_reg[25]/C
  -------------------------------------------------------------------    -------------------
    SLICE_X55Y19         FDRE (Prop_fdre_C_Q)         0.128     1.471 r  design_1_i/microblaze_0/U0/MicroBlaze_Core_I/Performance.Core/Use_Debug_Logic.Master_Core.Debug_Perf/Serial_Dbg_Intf.shift_datain_reg[25]/Q
                         net (fo=2, routed)           0.075     1.546    design_1_i/microblaze_0/U0/MicroBlaze_Core_I/Performance.Core/Use_Debug_Logic.Master_Core.Debug_Perf/Serial_Dbg_Intf.shift_datain_reg_n_0_[25]
    SLICE_X54Y19         FDRE                                         r  design_1_i/microblaze_0/U0/MicroBlaze_Core_I/Performance.Core/Use_Debug_Logic.Master_Core.Debug_Perf/Serial_Dbg_Intf.New_Instr_Reg_TCK_reg[24]/D
  -------------------------------------------------------------------    -------------------

                         (clock design_1_i/mdm_1/U0/Use_E2.BSCAN_I/Use_E2.BSCANE2_I/DRCK rise edge)
                                                      0.000     0.000 r  
    BSCAN_X0Y1           BSCANE2                      0.000     0.000 r  design_1_i/mdm_1/U0/Use_E2.BSCAN_I/Use_E2.BSCANE2_I/DRCK
                         net (fo=1, routed)           0.879     0.879    design_1_i/mdm_1/U0/No_Dbg_Reg_Access.BUFG_DRCK/DRCK
    BUFGCTRL_X0Y1        BUFG (Prop_bufg_I_O)         0.029     0.908 r  design_1_i/mdm_1/U0/No_Dbg_Reg_Access.BUFG_DRCK/Using_FPGA.Native/O
                         net (fo=232, routed)         0.827     1.735    design_1_i/microblaze_0/U0/MicroBlaze_Core_I/Performance.Core/Use_Debug_Logic.Master_Core.Debug_Perf/Dbg_Clk
    SLICE_X54Y19         FDRE                                         r  design_1_i/microblaze_0/U0/MicroBlaze_Core_I/Performance.Core/Use_Debug_Logic.Master_Core.Debug_Perf/Serial_Dbg_Intf.New_Instr_Reg_TCK_reg[24]/C
                         clock pessimism             -0.379     1.356    
    SLICE_X54Y19         FDRE (Hold_fdre_C_D)         0.010     1.366    design_1_i/microblaze_0/U0/MicroBlaze_Core_I/Performance.Core/Use_Debug_Logic.Master_Core.Debug_Perf/Serial_Dbg_Intf.New_Instr_Reg_TCK_reg[24]
  -------------------------------------------------------------------
                         required time                         -1.366    
                         arrival time                           1.546    
  -------------------------------------------------------------------
                         slack                                  0.180    

Slack (MET) :             0.181ns  (arrival time - required time)
  Source:                 design_1_i/mdm_1/U0/MDM_Core_I1/JTAG_CONTROL_I/Use_Serial_Unified_Completion.mb_data_overrun_reg/C
                            (rising edge-triggered cell FDRE clocked by design_1_i/mdm_1/U0/Use_E2.BSCAN_I/Use_E2.BSCANE2_I/DRCK  {rise@0.000ns fall@16.667ns period=33.333ns})
  Destination:            design_1_i/mdm_1/U0/MDM_Core_I1/JTAG_CONTROL_I/Use_Serial_Unified_Completion._Completion_Status_Register.sample_1_reg[12]/D
                            (rising edge-triggered cell FDRE clocked by design_1_i/mdm_1/U0/Use_E2.BSCAN_I/Use_E2.BSCANE2_I/DRCK  {rise@0.000ns fall@16.667ns period=33.333ns})
  Path Group:             design_1_i/mdm_1/U0/Use_E2.BSCAN_I/Use_E2.BSCANE2_I/DRCK
  Path Type:              Hold (Min at Fast Process Corner)
  Requirement:            0.000ns  (design_1_i/mdm_1/U0/Use_E2.BSCAN_I/Use_E2.BSCANE2_I/DRCK rise@0.000ns - design_1_i/mdm_1/U0/Use_E2.BSCAN_I/Use_E2.BSCANE2_I/DRCK rise@0.000ns)
  Data Path Delay:        0.286ns  (logic 0.141ns (49.247%)  route 0.145ns (50.753%))
  Logic Levels:           0  
  Clock Path Skew:        0.035ns (DCD - SCD - CPR)
    Destination Clock Delay (DCD):    1.740ns
    Source Clock Delay      (SCD):    1.348ns
    Clock Pessimism Removal (CPR):    0.357ns

    Location             Delay type                Incr(ns)  Path(ns)    Netlist Resource(s)
  -------------------------------------------------------------------    -------------------
                         (clock design_1_i/mdm_1/U0/Use_E2.BSCAN_I/Use_E2.BSCANE2_I/DRCK rise edge)
                                                      0.000     0.000 r  
    BSCAN_X0Y1           BSCANE2                      0.000     0.000 r  design_1_i/mdm_1/U0/Use_E2.BSCAN_I/Use_E2.BSCANE2_I/DRCK
                         net (fo=1, routed)           0.759     0.759    design_1_i/mdm_1/U0/No_Dbg_Reg_Access.BUFG_DRCK/DRCK
    BUFGCTRL_X0Y1        BUFG (Prop_bufg_I_O)         0.026     0.785 r  design_1_i/mdm_1/U0/No_Dbg_Reg_Access.BUFG_DRCK/Using_FPGA.Native/O
                         net (fo=232, routed)         0.563     1.348    design_1_i/mdm_1/U0/MDM_Core_I1/JTAG_CONTROL_I/Using_FPGA.Native
    SLICE_X40Y44         FDRE                                         r  design_1_i/mdm_1/U0/MDM_Core_I1/JTAG_CONTROL_I/Use_Serial_Unified_Completion.mb_data_overrun_reg/C
  -------------------------------------------------------------------    -------------------
    SLICE_X40Y44         FDRE (Prop_fdre_C_Q)         0.141     1.489 r  design_1_i/mdm_1/U0/MDM_Core_I1/JTAG_CONTROL_I/Use_Serial_Unified_Completion.mb_data_overrun_reg/Q
                         net (fo=3, routed)           0.145     1.634    design_1_i/mdm_1/U0/MDM_Core_I1/JTAG_CONTROL_I/Use_Serial_Unified_Completion.mb_data_overrun_reg_n_0
    SLICE_X37Y44         FDRE                                         r  design_1_i/mdm_1/U0/MDM_Core_I1/JTAG_CONTROL_I/Use_Serial_Unified_Completion._Completion_Status_Register.sample_1_reg[12]/D
  -------------------------------------------------------------------    -------------------

                         (clock design_1_i/mdm_1/U0/Use_E2.BSCAN_I/Use_E2.BSCANE2_I/DRCK rise edge)
                                                      0.000     0.000 r  
    BSCAN_X0Y1           BSCANE2                      0.000     0.000 r  design_1_i/mdm_1/U0/Use_E2.BSCAN_I/Use_E2.BSCANE2_I/DRCK
                         net (fo=1, routed)           0.879     0.879    design_1_i/mdm_1/U0/No_Dbg_Reg_Access.BUFG_DRCK/DRCK
    BUFGCTRL_X0Y1        BUFG (Prop_bufg_I_O)         0.029     0.908 r  design_1_i/mdm_1/U0/No_Dbg_Reg_Access.BUFG_DRCK/Using_FPGA.Native/O
                         net (fo=232, routed)         0.832     1.740    design_1_i/mdm_1/U0/MDM_Core_I1/JTAG_CONTROL_I/Using_FPGA.Native
    SLICE_X37Y44         FDRE                                         r  design_1_i/mdm_1/U0/MDM_Core_I1/JTAG_CONTROL_I/Use_Serial_Unified_Completion._Completion_Status_Register.sample_1_reg[12]/C
                         clock pessimism             -0.357     1.383    
    SLICE_X37Y44         FDRE (Hold_fdre_C_D)         0.070     1.453    design_1_i/mdm_1/U0/MDM_Core_I1/JTAG_CONTROL_I/Use_Serial_Unified_Completion._Completion_Status_Register.sample_1_reg[12]
  -------------------------------------------------------------------
                         required time                         -1.453    
                         arrival time                           1.634    
  -------------------------------------------------------------------
                         slack                                  0.181    

Slack (MET) :             0.187ns  (arrival time - required time)
  Source:                 design_1_i/mdm_1/U0/MDM_Core_I1/Use_BSCAN.Config_Reg_reg_c_10/C
                            (rising edge-triggered cell FDCE clocked by design_1_i/mdm_1/U0/Use_E2.BSCAN_I/Use_E2.BSCANE2_I/DRCK  {rise@0.000ns fall@16.667ns period=33.333ns})
  Destination:            design_1_i/mdm_1/U0/MDM_Core_I1/Use_BSCAN.Config_Reg_reg_c_11/D
                            (rising edge-triggered cell FDCE clocked by design_1_i/mdm_1/U0/Use_E2.BSCAN_I/Use_E2.BSCANE2_I/DRCK  {rise@0.000ns fall@16.667ns period=33.333ns})
  Path Group:             design_1_i/mdm_1/U0/Use_E2.BSCAN_I/Use_E2.BSCANE2_I/DRCK
  Path Type:              Hold (Min at Fast Process Corner)
  Requirement:            0.000ns  (design_1_i/mdm_1/U0/Use_E2.BSCAN_I/Use_E2.BSCANE2_I/DRCK rise@0.000ns - design_1_i/mdm_1/U0/Use_E2.BSCAN_I/Use_E2.BSCANE2_I/DRCK rise@0.000ns)
  Data Path Delay:        0.262ns  (logic 0.141ns (53.880%)  route 0.121ns (46.120%))
  Logic Levels:           0  
  Clock Path Skew:        0.000ns (DCD - SCD - CPR)
    Destination Clock Delay (DCD):    1.740ns
    Source Clock Delay      (SCD):    1.348ns
    Clock Pessimism Removal (CPR):    0.392ns

    Location             Delay type                Incr(ns)  Path(ns)    Netlist Resource(s)
  -------------------------------------------------------------------    -------------------
                         (clock design_1_i/mdm_1/U0/Use_E2.BSCAN_I/Use_E2.BSCANE2_I/DRCK rise edge)
                                                      0.000     0.000 r  
    BSCAN_X0Y1           BSCANE2                      0.000     0.000 r  design_1_i/mdm_1/U0/Use_E2.BSCAN_I/Use_E2.BSCANE2_I/DRCK
                         net (fo=1, routed)           0.759     0.759    design_1_i/mdm_1/U0/No_Dbg_Reg_Access.BUFG_DRCK/DRCK
    BUFGCTRL_X0Y1        BUFG (Prop_bufg_I_O)         0.026     0.785 r  design_1_i/mdm_1/U0/No_Dbg_Reg_Access.BUFG_DRCK/Using_FPGA.Native/O
                         net (fo=232, routed)         0.563     1.348    design_1_i/mdm_1/U0/MDM_Core_I1/Using_FPGA.Native
    SLICE_X32Y44         FDCE                                         r  design_1_i/mdm_1/U0/MDM_Core_I1/Use_BSCAN.Config_Reg_reg_c_10/C
  -------------------------------------------------------------------    -------------------
    SLICE_X32Y44         FDCE (Prop_fdce_C_Q)         0.141     1.489 r  design_1_i/mdm_1/U0/MDM_Core_I1/Use_BSCAN.Config_Reg_reg_c_10/Q
                         net (fo=1, routed)           0.121     1.610    design_1_i/mdm_1/U0/MDM_Core_I1/Use_BSCAN.Config_Reg_reg_c_10_n_0
    SLICE_X32Y44         FDCE                                         r  design_1_i/mdm_1/U0/MDM_Core_I1/Use_BSCAN.Config_Reg_reg_c_11/D
  -------------------------------------------------------------------    -------------------

                         (clock design_1_i/mdm_1/U0/Use_E2.BSCAN_I/Use_E2.BSCANE2_I/DRCK rise edge)
                                                      0.000     0.000 r  
    BSCAN_X0Y1           BSCANE2                      0.000     0.000 r  design_1_i/mdm_1/U0/Use_E2.BSCAN_I/Use_E2.BSCANE2_I/DRCK
                         net (fo=1, routed)           0.879     0.879    design_1_i/mdm_1/U0/No_Dbg_Reg_Access.BUFG_DRCK/DRCK
    BUFGCTRL_X0Y1        BUFG (Prop_bufg_I_O)         0.029     0.908 r  design_1_i/mdm_1/U0/No_Dbg_Reg_Access.BUFG_DRCK/Using_FPGA.Native/O
                         net (fo=232, routed)         0.832     1.740    design_1_i/mdm_1/U0/MDM_Core_I1/Using_FPGA.Native
    SLICE_X32Y44         FDCE                                         r  design_1_i/mdm_1/U0/MDM_Core_I1/Use_BSCAN.Config_Reg_reg_c_11/C
                         clock pessimism             -0.392     1.348    
    SLICE_X32Y44         FDCE (Hold_fdce_C_D)         0.075     1.423    design_1_i/mdm_1/U0/MDM_Core_I1/Use_BSCAN.Config_Reg_reg_c_11
  -------------------------------------------------------------------
                         required time                         -1.423    
                         arrival time                           1.610    
  -------------------------------------------------------------------
                         slack                                  0.187    





Pulse Width Checks
--------------------------------------------------------------------------------------
Clock Name:         design_1_i/mdm_1/U0/Use_E2.BSCAN_I/Use_E2.BSCANE2_I/DRCK
Waveform(ns):       { 0.000 16.667 }
Period(ns):         33.333
Sources:            { design_1_i/mdm_1/U0/Use_E2.BSCAN_I/Use_E2.BSCANE2_I/DRCK }

Check Type        Corner  Lib Pin     Reference Pin  Required(ns)  Actual(ns)  Slack(ns)  Location       Pin
Min Period        n/a     BUFG/I      n/a            2.155         33.333      31.178     BUFGCTRL_X0Y1  design_1_i/mdm_1/U0/No_Dbg_Reg_Access.BUFG_DRCK/Using_FPGA.Native/I
Min Period        n/a     FDRE/C      n/a            1.000         33.333      32.333     SLICE_X43Y41   design_1_i/mdm_1/U0/MDM_Core_I1/JTAG_CONTROL_I/Use_BSCAN.SYNC_FDRE/Using_FPGA.Native/C
Min Period        n/a     FDRE/C      n/a            1.000         33.333      32.333     SLICE_X37Y44   design_1_i/mdm_1/U0/MDM_Core_I1/JTAG_CONTROL_I/Use_Serial_Unified_Completion._Completion_Status_Register.sample_1_reg[10]/C
Min Period        n/a     FDRE/C      n/a            1.000         33.333      32.333     SLICE_X37Y44   design_1_i/mdm_1/U0/MDM_Core_I1/JTAG_CONTROL_I/Use_Serial_Unified_Completion._Completion_Status_Register.sample_1_reg[11]/C
Min Period        n/a     FDRE/C      n/a            1.000         33.333      32.333     SLICE_X37Y44   design_1_i/mdm_1/U0/MDM_Core_I1/JTAG_CONTROL_I/Use_Serial_Unified_Completion._Completion_Status_Register.sample_1_reg[12]/C
Min Period        n/a     FDRE/C      n/a            1.000         33.333      32.333     SLICE_X37Y44   design_1_i/mdm_1/U0/MDM_Core_I1/JTAG_CONTROL_I/Use_Serial_Unified_Completion._Completion_Status_Register.sample_1_reg[13]/C
Min Period        n/a     FDRE/C      n/a            1.000         33.333      32.333     SLICE_X37Y44   design_1_i/mdm_1/U0/MDM_Core_I1/JTAG_CONTROL_I/Use_Serial_Unified_Completion._Completion_Status_Register.sample_1_reg[14]/C
Min Period        n/a     FDRE/C      n/a            1.000         33.333      32.333     SLICE_X37Y44   design_1_i/mdm_1/U0/MDM_Core_I1/JTAG_CONTROL_I/Use_Serial_Unified_Completion._Completion_Status_Register.sample_1_reg[15]/C
Min Period        n/a     FDRE/C      n/a            1.000         33.333      32.333     SLICE_X37Y45   design_1_i/mdm_1/U0/MDM_Core_I1/JTAG_CONTROL_I/Use_Serial_Unified_Completion._Completion_Status_Register.sample_reg[13]/C
Min Period        n/a     FDRE/C      n/a            1.000         33.333      32.333     SLICE_X37Y45   design_1_i/mdm_1/U0/MDM_Core_I1/JTAG_CONTROL_I/Use_Serial_Unified_Completion._Completion_Status_Register.sample_reg[14]/C
Low Pulse Width   Fast    SRL16E/CLK  n/a            0.980         16.666      15.686     SLICE_X38Y43   design_1_i/mdm_1/U0/MDM_Core_I1/JTAG_CONTROL_I/Use_Config_SRL16E.SRL16E_1/Use_unisim.MB_SRL16E_I1/CLK
Low Pulse Width   Fast    SRL16E/CLK  n/a            0.980         16.666      15.686     SLICE_X38Y43   design_1_i/mdm_1/U0/MDM_Core_I1/JTAG_CONTROL_I/Use_Config_SRL16E.SRL16E_2/Use_unisim.MB_SRL16E_I1/CLK
Low Pulse Width   Fast    SRL16E/CLK  n/a            0.980         16.666      15.686     SLICE_X38Y43   design_1_i/mdm_1/U0/MDM_Core_I1/JTAG_CONTROL_I/Use_ID_SRL16E.SRL16E_ID_1/Use_unisim.MB_SRL16E_I1/CLK
Low Pulse Width   Fast    SRL16E/CLK  n/a            0.980         16.666      15.686     SLICE_X38Y43   design_1_i/mdm_1/U0/MDM_Core_I1/JTAG_CONTROL_I/Use_ID_SRL16E.SRL16E_ID_2/Use_unisim.MB_SRL16E_I1/CLK
Low Pulse Width   Fast    SRL16E/CLK  n/a            0.980         16.666      15.686     SLICE_X30Y44   design_1_i/mdm_1/U0/MDM_Core_I1/Use_BSCAN.Config_Reg_reg[12]_srl13_MDM_Core_I1_Use_BSCAN.Config_Reg_reg_c_11/CLK
Low Pulse Width   Fast    SRL16E/CLK  n/a            0.980         16.666      15.686     SLICE_X30Y44   design_1_i/mdm_1/U0/MDM_Core_I1/Use_BSCAN.Config_Reg_reg[28]_srl2_MDM_Core_I1_Use_BSCAN.Config_Reg_reg_c_0/CLK
Low Pulse Width   Fast    SRL16E/CLK  n/a            0.980         16.666      15.686     SLICE_X30Y44   design_1_i/mdm_1/U0/MDM_Core_I1/Use_BSCAN.Config_Reg_reg[5]_srl4_MDM_Core_I1_Use_BSCAN.Config_Reg_reg_c_2/CLK
Low Pulse Width   Fast    SRL16E/CLK  n/a            0.980         16.666      15.686     SLICE_X38Y37   design_1_i/microblaze_0/U0/MicroBlaze_Core_I/Performance.Core/Use_Debug_Logic.Master_Core.Debug_Perf/Serial_Dbg_Intf.SRL16E_1/Use_unisim.MB_SRL16E_I1/CLK
Low Pulse Width   Fast    SRL16E/CLK  n/a            0.980         16.666      15.686     SLICE_X38Y37   design_1_i/microblaze_0/U0/MicroBlaze_Core_I/Performance.Core/Use_Debug_Logic.Master_Core.Debug_Perf/Serial_Dbg_Intf.SRL16E_3/Use_unisim.MB_SRL16E_I1/CLK
Low Pulse Width   Fast    SRL16E/CLK  n/a            0.980         16.666      15.686     SLICE_X38Y37   design_1_i/microblaze_0/U0/MicroBlaze_Core_I/Performance.Core/Use_Debug_Logic.Master_Core.Debug_Perf/Serial_Dbg_Intf.The_Cache_Addresses[1].SRL16E_Cache_I/Use_unisim.MB_SRL16E_I1/CLK
High Pulse Width  Slow    SRL16E/CLK  n/a            0.980         16.666      15.686     SLICE_X38Y43   design_1_i/mdm_1/U0/MDM_Core_I1/JTAG_CONTROL_I/Use_Config_SRL16E.SRL16E_1/Use_unisim.MB_SRL16E_I1/CLK
High Pulse Width  Slow    SRL16E/CLK  n/a            0.980         16.666      15.686     SLICE_X38Y43   design_1_i/mdm_1/U0/MDM_Core_I1/JTAG_CONTROL_I/Use_Config_SRL16E.SRL16E_2/Use_unisim.MB_SRL16E_I1/CLK
High Pulse Width  Slow    SRL16E/CLK  n/a            0.980         16.666      15.686     SLICE_X38Y43   design_1_i/mdm_1/U0/MDM_Core_I1/JTAG_CONTROL_I/Use_ID_SRL16E.SRL16E_ID_1/Use_unisim.MB_SRL16E_I1/CLK
High Pulse Width  Slow    SRL16E/CLK  n/a            0.980         16.666      15.686     SLICE_X38Y43   design_1_i/mdm_1/U0/MDM_Core_I1/JTAG_CONTROL_I/Use_ID_SRL16E.SRL16E_ID_2/Use_unisim.MB_SRL16E_I1/CLK
High Pulse Width  Slow    SRL16E/CLK  n/a            0.980         16.666      15.686     SLICE_X30Y44   design_1_i/mdm_1/U0/MDM_Core_I1/Use_BSCAN.Config_Reg_reg[12]_srl13_MDM_Core_I1_Use_BSCAN.Config_Reg_reg_c_11/CLK
High Pulse Width  Slow    SRL16E/CLK  n/a            0.980         16.666      15.686     SLICE_X30Y44   design_1_i/mdm_1/U0/MDM_Core_I1/Use_BSCAN.Config_Reg_reg[28]_srl2_MDM_Core_I1_Use_BSCAN.Config_Reg_reg_c_0/CLK
High Pulse Width  Slow    SRL16E/CLK  n/a            0.980         16.666      15.686     SLICE_X30Y44   design_1_i/mdm_1/U0/MDM_Core_I1/Use_BSCAN.Config_Reg_reg[5]_srl4_MDM_Core_I1_Use_BSCAN.Config_Reg_reg_c_2/CLK
High Pulse Width  Slow    SRL16E/CLK  n/a            0.980         16.666      15.686     SLICE_X38Y37   design_1_i/microblaze_0/U0/MicroBlaze_Core_I/Performance.Core/Use_Debug_Logic.Master_Core.Debug_Perf/Serial_Dbg_Intf.SRL16E_1/Use_unisim.MB_SRL16E_I1/CLK
High Pulse Width  Slow    SRL16E/CLK  n/a            0.980         16.666      15.686     SLICE_X38Y37   design_1_i/microblaze_0/U0/MicroBlaze_Core_I/Performance.Core/Use_Debug_Logic.Master_Core.Debug_Perf/Serial_Dbg_Intf.SRL16E_3/Use_unisim.MB_SRL16E_I1/CLK
High Pulse Width  Slow    SRL16E/CLK  n/a            0.980         16.666      15.686     SLICE_X38Y36   design_1_i/microblaze_0/U0/MicroBlaze_Core_I/Performance.Core/Use_Debug_Logic.Master_Core.Debug_Perf/Serial_Dbg_Intf.SRL16E_4/Use_unisim.MB_SRL16E_I1/CLK



---------------------------------------------------------------------------------------------------
From Clock:  design_1_i/mdm_1/U0/Use_E2.BSCAN_I/Use_E2.BSCANE2_I/UPDATE
  To Clock:  design_1_i/mdm_1/U0/Use_E2.BSCAN_I/Use_E2.BSCANE2_I/UPDATE

Setup :            0  Failing Endpoints,  Worst Slack       10.912ns,  Total Violation        0.000ns
Hold  :            0  Failing Endpoints,  Worst Slack        0.262ns,  Total Violation        0.000ns
PW    :            0  Failing Endpoints,  Worst Slack       16.166ns,  Total Violation        0.000ns
---------------------------------------------------------------------------------------------------


Max Delay Paths
--------------------------------------------------------------------------------------
Slack (MET) :             10.912ns  (required time - arrival time)
  Source:                 design_1_i/mdm_1/U0/MDM_Core_I1/JTAG_CONTROL_I/Use_BSCAN.command_reg[6]/C
                            (falling edge-triggered cell FDRE clocked by design_1_i/mdm_1/U0/Use_E2.BSCAN_I/Use_E2.BSCANE2_I/UPDATE  {rise@0.000ns fall@16.667ns period=33.333ns})
  Destination:            design_1_i/microblaze_0/U0/MicroBlaze_Core_I/Performance.Core/Use_Debug_Logic.Master_Core.Debug_Perf/Serial_Dbg_Intf.control_reg_reg[0]/CE
                            (rising edge-triggered cell FDRE clocked by design_1_i/mdm_1/U0/Use_E2.BSCAN_I/Use_E2.BSCANE2_I/UPDATE  {rise@0.000ns fall@16.667ns period=33.333ns})
  Path Group:             design_1_i/mdm_1/U0/Use_E2.BSCAN_I/Use_E2.BSCANE2_I/UPDATE
  Path Type:              Setup (Max at Slow Process Corner)
  Requirement:            16.667ns  (design_1_i/mdm_1/U0/Use_E2.BSCAN_I/Use_E2.BSCANE2_I/UPDATE rise@33.333ns - design_1_i/mdm_1/U0/Use_E2.BSCAN_I/Use_E2.BSCANE2_I/UPDATE fall@16.667ns)
  Data Path Delay:        5.260ns  (logic 1.035ns (19.677%)  route 4.225ns (80.323%))
  Logic Levels:           2  (LUT3=1 LUT5=1)
  Clock Path Skew:        -0.051ns (DCD - SCD + CPR)
    Destination Clock Delay (DCD):    2.890ns = ( 36.223 - 33.333 ) 
    Source Clock Delay      (SCD):    3.255ns = ( 19.921 - 16.667 ) 
    Clock Pessimism Removal (CPR):    0.314ns
  Clock Uncertainty:      0.035ns  ((TSJ^2 + TIJ^2)^1/2 + DJ) / 2 + PE
    Total System Jitter     (TSJ):    0.071ns
    Total Input Jitter      (TIJ):    0.000ns
    Discrete Jitter          (DJ):    0.000ns
    Phase Error              (PE):    0.000ns

    Location             Delay type                Incr(ns)  Path(ns)    Netlist Resource(s)
  -------------------------------------------------------------------    -------------------
                         (clock design_1_i/mdm_1/U0/Use_E2.BSCAN_I/Use_E2.BSCANE2_I/UPDATE fall edge)
                                                     16.667    16.667 f  
    BSCAN_X0Y1           BSCANE2                      0.000    16.667 f  design_1_i/mdm_1/U0/Use_E2.BSCAN_I/Use_E2.BSCANE2_I/UPDATE
                         net (fo=1, routed)           1.593    18.260    design_1_i/mdm_1/U0/Use_E2.BSCAN_I/Dbg_Update_0
    BUFGCTRL_X0Y2        BUFG (Prop_bufg_I_O)         0.096    18.356 f  design_1_i/mdm_1/U0/Use_E2.BSCAN_I/Dbg_Update_0_BUFG_inst/O
                         net (fo=39, routed)          1.565    19.921    design_1_i/mdm_1/U0/MDM_Core_I1/JTAG_CONTROL_I/CLK
    SLICE_X42Y42         FDRE                                         r  design_1_i/mdm_1/U0/MDM_Core_I1/JTAG_CONTROL_I/Use_BSCAN.command_reg[6]/C  (IS_INVERTED)
  -------------------------------------------------------------------    -------------------
    SLICE_X42Y42         FDRE (Prop_fdre_C_Q)         0.524    20.445 f  design_1_i/mdm_1/U0/MDM_Core_I1/JTAG_CONTROL_I/Use_BSCAN.command_reg[6]/Q
                         net (fo=15, routed)          1.669    22.115    design_1_i/mdm_1/U0/MDM_Core_I1/JTAG_CONTROL_I/Use_BSCAN.FDC_I/command[6]
    SLICE_X40Y41         LUT3 (Prop_lut3_I2_O)        0.154    22.269 f  design_1_i/mdm_1/U0/MDM_Core_I1/JTAG_CONTROL_I/Use_BSCAN.FDC_I/Dbg_Reg_En_0[6]_INST_0/O
                         net (fo=8, routed)           1.143    23.411    design_1_i/microblaze_0/U0/MicroBlaze_Core_I/Performance.Core/Use_Debug_Logic.Master_Core.Debug_Perf/Dbg_Reg_En[6]
    SLICE_X40Y37         LUT5 (Prop_lut5_I3_O)        0.357    23.768 r  design_1_i/microblaze_0/U0/MicroBlaze_Core_I/Performance.Core/Use_Debug_Logic.Master_Core.Debug_Perf/Serial_Dbg_Intf.normal_stop_TClk_i_1/O
                         net (fo=8, routed)           1.413    25.181    design_1_i/microblaze_0/U0/MicroBlaze_Core_I/Performance.Core/Use_Debug_Logic.Master_Core.Debug_Perf/Control_Reg_En
    SLICE_X45Y22         FDRE                                         r  design_1_i/microblaze_0/U0/MicroBlaze_Core_I/Performance.Core/Use_Debug_Logic.Master_Core.Debug_Perf/Serial_Dbg_Intf.control_reg_reg[0]/CE
  -------------------------------------------------------------------    -------------------

                         (clock design_1_i/mdm_1/U0/Use_E2.BSCAN_I/Use_E2.BSCANE2_I/UPDATE rise edge)
                                                     33.333    33.333 r  
    BSCAN_X0Y1           BSCANE2                      0.000    33.333 r  design_1_i/mdm_1/U0/Use_E2.BSCAN_I/Use_E2.BSCANE2_I/UPDATE
                         net (fo=1, routed)           1.364    34.697    design_1_i/mdm_1/U0/Use_E2.BSCAN_I/Dbg_Update_0
    BUFGCTRL_X0Y2        BUFG (Prop_bufg_I_O)         0.091    34.788 r  design_1_i/mdm_1/U0/Use_E2.BSCAN_I/Dbg_Update_0_BUFG_inst/O
                         net (fo=39, routed)          1.434    36.223    design_1_i/microblaze_0/U0/MicroBlaze_Core_I/Performance.Core/Use_Debug_Logic.Master_Core.Debug_Perf/Dbg_Update
    SLICE_X45Y22         FDRE                                         r  design_1_i/microblaze_0/U0/MicroBlaze_Core_I/Performance.Core/Use_Debug_Logic.Master_Core.Debug_Perf/Serial_Dbg_Intf.control_reg_reg[0]/C
                         clock pessimism              0.314    36.537    
                         clock uncertainty           -0.035    36.501    
    SLICE_X45Y22         FDRE (Setup_fdre_C_CE)      -0.408    36.093    design_1_i/microblaze_0/U0/MicroBlaze_Core_I/Performance.Core/Use_Debug_Logic.Master_Core.Debug_Perf/Serial_Dbg_Intf.control_reg_reg[0]
  -------------------------------------------------------------------
                         required time                         36.093    
                         arrival time                         -25.181    
  -------------------------------------------------------------------
                         slack                                 10.912    

Slack (MET) :             11.132ns  (required time - arrival time)
  Source:                 design_1_i/mdm_1/U0/MDM_Core_I1/JTAG_CONTROL_I/Use_BSCAN.command_reg[6]/C
                            (falling edge-triggered cell FDRE clocked by design_1_i/mdm_1/U0/Use_E2.BSCAN_I/Use_E2.BSCANE2_I/UPDATE  {rise@0.000ns fall@16.667ns period=33.333ns})
  Destination:            design_1_i/microblaze_0/U0/MicroBlaze_Core_I/Performance.Core/Use_Debug_Logic.Master_Core.Debug_Perf/Serial_Dbg_Intf.normal_stop_TClk_reg/CE
                            (rising edge-triggered cell FDCE clocked by design_1_i/mdm_1/U0/Use_E2.BSCAN_I/Use_E2.BSCANE2_I/UPDATE  {rise@0.000ns fall@16.667ns period=33.333ns})
  Path Group:             design_1_i/mdm_1/U0/Use_E2.BSCAN_I/Use_E2.BSCANE2_I/UPDATE
  Path Type:              Setup (Max at Slow Process Corner)
  Requirement:            16.667ns  (design_1_i/mdm_1/U0/Use_E2.BSCAN_I/Use_E2.BSCANE2_I/UPDATE rise@33.333ns - design_1_i/mdm_1/U0/Use_E2.BSCAN_I/Use_E2.BSCANE2_I/UPDATE fall@16.667ns)
  Data Path Delay:        5.041ns  (logic 1.035ns (20.532%)  route 4.006ns (79.468%))
  Logic Levels:           2  (LUT3=1 LUT5=1)
  Clock Path Skew:        -0.050ns (DCD - SCD + CPR)
    Destination Clock Delay (DCD):    2.891ns = ( 36.224 - 33.333 ) 
    Source Clock Delay      (SCD):    3.255ns = ( 19.921 - 16.667 ) 
    Clock Pessimism Removal (CPR):    0.314ns
  Clock Uncertainty:      0.035ns  ((TSJ^2 + TIJ^2)^1/2 + DJ) / 2 + PE
    Total System Jitter     (TSJ):    0.071ns
    Total Input Jitter      (TIJ):    0.000ns
    Discrete Jitter          (DJ):    0.000ns
    Phase Error              (PE):    0.000ns

    Location             Delay type                Incr(ns)  Path(ns)    Netlist Resource(s)
  -------------------------------------------------------------------    -------------------
                         (clock design_1_i/mdm_1/U0/Use_E2.BSCAN_I/Use_E2.BSCANE2_I/UPDATE fall edge)
                                                     16.667    16.667 f  
    BSCAN_X0Y1           BSCANE2                      0.000    16.667 f  design_1_i/mdm_1/U0/Use_E2.BSCAN_I/Use_E2.BSCANE2_I/UPDATE
                         net (fo=1, routed)           1.593    18.260    design_1_i/mdm_1/U0/Use_E2.BSCAN_I/Dbg_Update_0
    BUFGCTRL_X0Y2        BUFG (Prop_bufg_I_O)         0.096    18.356 f  design_1_i/mdm_1/U0/Use_E2.BSCAN_I/Dbg_Update_0_BUFG_inst/O
                         net (fo=39, routed)          1.565    19.921    design_1_i/mdm_1/U0/MDM_Core_I1/JTAG_CONTROL_I/CLK
    SLICE_X42Y42         FDRE                                         r  design_1_i/mdm_1/U0/MDM_Core_I1/JTAG_CONTROL_I/Use_BSCAN.command_reg[6]/C  (IS_INVERTED)
  -------------------------------------------------------------------    -------------------
    SLICE_X42Y42         FDRE (Prop_fdre_C_Q)         0.524    20.445 f  design_1_i/mdm_1/U0/MDM_Core_I1/JTAG_CONTROL_I/Use_BSCAN.command_reg[6]/Q
                         net (fo=15, routed)          1.669    22.115    design_1_i/mdm_1/U0/MDM_Core_I1/JTAG_CONTROL_I/Use_BSCAN.FDC_I/command[6]
    SLICE_X40Y41         LUT3 (Prop_lut3_I2_O)        0.154    22.269 f  design_1_i/mdm_1/U0/MDM_Core_I1/JTAG_CONTROL_I/Use_BSCAN.FDC_I/Dbg_Reg_En_0[6]_INST_0/O
                         net (fo=8, routed)           1.143    23.411    design_1_i/microblaze_0/U0/MicroBlaze_Core_I/Performance.Core/Use_Debug_Logic.Master_Core.Debug_Perf/Dbg_Reg_En[6]
    SLICE_X40Y37         LUT5 (Prop_lut5_I3_O)        0.357    23.768 r  design_1_i/microblaze_0/U0/MicroBlaze_Core_I/Performance.Core/Use_Debug_Logic.Master_Core.Debug_Perf/Serial_Dbg_Intf.normal_stop_TClk_i_1/O
                         net (fo=8, routed)           1.194    24.962    design_1_i/microblaze_0/U0/MicroBlaze_Core_I/Performance.Core/Use_Debug_Logic.Master_Core.Debug_Perf/Control_Reg_En
    SLICE_X39Y31         FDCE                                         r  design_1_i/microblaze_0/U0/MicroBlaze_Core_I/Performance.Core/Use_Debug_Logic.Master_Core.Debug_Perf/Serial_Dbg_Intf.normal_stop_TClk_reg/CE
  -------------------------------------------------------------------    -------------------

                         (clock design_1_i/mdm_1/U0/Use_E2.BSCAN_I/Use_E2.BSCANE2_I/UPDATE rise edge)
                                                     33.333    33.333 r  
    BSCAN_X0Y1           BSCANE2                      0.000    33.333 r  design_1_i/mdm_1/U0/Use_E2.BSCAN_I/Use_E2.BSCANE2_I/UPDATE
                         net (fo=1, routed)           1.364    34.697    design_1_i/mdm_1/U0/Use_E2.BSCAN_I/Dbg_Update_0
    BUFGCTRL_X0Y2        BUFG (Prop_bufg_I_O)         0.091    34.788 r  design_1_i/mdm_1/U0/Use_E2.BSCAN_I/Dbg_Update_0_BUFG_inst/O
                         net (fo=39, routed)          1.435    36.224    design_1_i/microblaze_0/U0/MicroBlaze_Core_I/Performance.Core/Use_Debug_Logic.Master_Core.Debug_Perf/Dbg_Update
    SLICE_X39Y31         FDCE                                         r  design_1_i/microblaze_0/U0/MicroBlaze_Core_I/Performance.Core/Use_Debug_Logic.Master_Core.Debug_Perf/Serial_Dbg_Intf.normal_stop_TClk_reg/C
                         clock pessimism              0.314    36.538    
                         clock uncertainty           -0.035    36.502    
    SLICE_X39Y31         FDCE (Setup_fdce_C_CE)      -0.408    36.094    design_1_i/microblaze_0/U0/MicroBlaze_Core_I/Performance.Core/Use_Debug_Logic.Master_Core.Debug_Perf/Serial_Dbg_Intf.normal_stop_TClk_reg
  -------------------------------------------------------------------
                         required time                         36.094    
                         arrival time                         -24.962    
  -------------------------------------------------------------------
                         slack                                 11.132    

Slack (MET) :             11.182ns  (required time - arrival time)
  Source:                 design_1_i/mdm_1/U0/MDM_Core_I1/JTAG_CONTROL_I/Use_BSCAN.command_reg[6]/C
                            (falling edge-triggered cell FDRE clocked by design_1_i/mdm_1/U0/Use_E2.BSCAN_I/Use_E2.BSCANE2_I/UPDATE  {rise@0.000ns fall@16.667ns period=33.333ns})
  Destination:            design_1_i/microblaze_0/U0/MicroBlaze_Core_I/Performance.Core/Use_Debug_Logic.Master_Core.Debug_Perf/Serial_Dbg_Intf.single_Step_TClk_reg/CE
                            (rising edge-triggered cell FDCE clocked by design_1_i/mdm_1/U0/Use_E2.BSCAN_I/Use_E2.BSCANE2_I/UPDATE  {rise@0.000ns fall@16.667ns period=33.333ns})
  Path Group:             design_1_i/mdm_1/U0/Use_E2.BSCAN_I/Use_E2.BSCANE2_I/UPDATE
  Path Type:              Setup (Max at Slow Process Corner)
  Requirement:            16.667ns  (design_1_i/mdm_1/U0/Use_E2.BSCAN_I/Use_E2.BSCANE2_I/UPDATE rise@33.333ns - design_1_i/mdm_1/U0/Use_E2.BSCAN_I/Use_E2.BSCANE2_I/UPDATE fall@16.667ns)
  Data Path Delay:        4.995ns  (logic 1.035ns (20.720%)  route 3.960ns (79.280%))
  Logic Levels:           2  (LUT3=1 LUT5=1)
  Clock Path Skew:        -0.046ns (DCD - SCD + CPR)
    Destination Clock Delay (DCD):    2.895ns = ( 36.228 - 33.333 ) 
    Source Clock Delay      (SCD):    3.255ns = ( 19.921 - 16.667 ) 
    Clock Pessimism Removal (CPR):    0.314ns
  Clock Uncertainty:      0.035ns  ((TSJ^2 + TIJ^2)^1/2 + DJ) / 2 + PE
    Total System Jitter     (TSJ):    0.071ns
    Total Input Jitter      (TIJ):    0.000ns
    Discrete Jitter          (DJ):    0.000ns
    Phase Error              (PE):    0.000ns

    Location             Delay type                Incr(ns)  Path(ns)    Netlist Resource(s)
  -------------------------------------------------------------------    -------------------
                         (clock design_1_i/mdm_1/U0/Use_E2.BSCAN_I/Use_E2.BSCANE2_I/UPDATE fall edge)
                                                     16.667    16.667 f  
    BSCAN_X0Y1           BSCANE2                      0.000    16.667 f  design_1_i/mdm_1/U0/Use_E2.BSCAN_I/Use_E2.BSCANE2_I/UPDATE
                         net (fo=1, routed)           1.593    18.260    design_1_i/mdm_1/U0/Use_E2.BSCAN_I/Dbg_Update_0
    BUFGCTRL_X0Y2        BUFG (Prop_bufg_I_O)         0.096    18.356 f  design_1_i/mdm_1/U0/Use_E2.BSCAN_I/Dbg_Update_0_BUFG_inst/O
                         net (fo=39, routed)          1.565    19.921    design_1_i/mdm_1/U0/MDM_Core_I1/JTAG_CONTROL_I/CLK
    SLICE_X42Y42         FDRE                                         r  design_1_i/mdm_1/U0/MDM_Core_I1/JTAG_CONTROL_I/Use_BSCAN.command_reg[6]/C  (IS_INVERTED)
  -------------------------------------------------------------------    -------------------
    SLICE_X42Y42         FDRE (Prop_fdre_C_Q)         0.524    20.445 f  design_1_i/mdm_1/U0/MDM_Core_I1/JTAG_CONTROL_I/Use_BSCAN.command_reg[6]/Q
                         net (fo=15, routed)          1.669    22.115    design_1_i/mdm_1/U0/MDM_Core_I1/JTAG_CONTROL_I/Use_BSCAN.FDC_I/command[6]
    SLICE_X40Y41         LUT3 (Prop_lut3_I2_O)        0.154    22.269 f  design_1_i/mdm_1/U0/MDM_Core_I1/JTAG_CONTROL_I/Use_BSCAN.FDC_I/Dbg_Reg_En_0[6]_INST_0/O
                         net (fo=8, routed)           1.143    23.411    design_1_i/microblaze_0/U0/MicroBlaze_Core_I/Performance.Core/Use_Debug_Logic.Master_Core.Debug_Perf/Dbg_Reg_En[6]
    SLICE_X40Y37         LUT5 (Prop_lut5_I3_O)        0.357    23.768 r  design_1_i/microblaze_0/U0/MicroBlaze_Core_I/Performance.Core/Use_Debug_Logic.Master_Core.Debug_Perf/Serial_Dbg_Intf.normal_stop_TClk_i_1/O
                         net (fo=8, routed)           1.148    24.916    design_1_i/microblaze_0/U0/MicroBlaze_Core_I/Performance.Core/Use_Debug_Logic.Master_Core.Debug_Perf/Control_Reg_En
    SLICE_X40Y17         FDCE                                         r  design_1_i/microblaze_0/U0/MicroBlaze_Core_I/Performance.Core/Use_Debug_Logic.Master_Core.Debug_Perf/Serial_Dbg_Intf.single_Step_TClk_reg/CE
  -------------------------------------------------------------------    -------------------

                         (clock design_1_i/mdm_1/U0/Use_E2.BSCAN_I/Use_E2.BSCANE2_I/UPDATE rise edge)
                                                     33.333    33.333 r  
    BSCAN_X0Y1           BSCANE2                      0.000    33.333 r  design_1_i/mdm_1/U0/Use_E2.BSCAN_I/Use_E2.BSCANE2_I/UPDATE
                         net (fo=1, routed)           1.364    34.697    design_1_i/mdm_1/U0/Use_E2.BSCAN_I/Dbg_Update_0
    BUFGCTRL_X0Y2        BUFG (Prop_bufg_I_O)         0.091    34.788 r  design_1_i/mdm_1/U0/Use_E2.BSCAN_I/Dbg_Update_0_BUFG_inst/O
                         net (fo=39, routed)          1.439    36.228    design_1_i/microblaze_0/U0/MicroBlaze_Core_I/Performance.Core/Use_Debug_Logic.Master_Core.Debug_Perf/Dbg_Update
    SLICE_X40Y17         FDCE                                         r  design_1_i/microblaze_0/U0/MicroBlaze_Core_I/Performance.Core/Use_Debug_Logic.Master_Core.Debug_Perf/Serial_Dbg_Intf.single_Step_TClk_reg/C
                         clock pessimism              0.314    36.542    
                         clock uncertainty           -0.035    36.506    
    SLICE_X40Y17         FDCE (Setup_fdce_C_CE)      -0.408    36.098    design_1_i/microblaze_0/U0/MicroBlaze_Core_I/Performance.Core/Use_Debug_Logic.Master_Core.Debug_Perf/Serial_Dbg_Intf.single_Step_TClk_reg
  -------------------------------------------------------------------
                         required time                         36.098    
                         arrival time                         -24.916    
  -------------------------------------------------------------------
                         slack                                 11.182    

Slack (MET) :             11.293ns  (required time - arrival time)
  Source:                 design_1_i/mdm_1/U0/MDM_Core_I1/JTAG_CONTROL_I/Use_BSCAN.command_reg[6]/C
                            (falling edge-triggered cell FDRE clocked by design_1_i/mdm_1/U0/Use_E2.BSCAN_I/Use_E2.BSCANE2_I/UPDATE  {rise@0.000ns fall@16.667ns period=33.333ns})
  Destination:            design_1_i/microblaze_0/U0/MicroBlaze_Core_I/Performance.Core/Use_Debug_Logic.Master_Core.Debug_Perf/Serial_Dbg_Intf.control_reg_reg[8]/CE
                            (rising edge-triggered cell FDRE clocked by design_1_i/mdm_1/U0/Use_E2.BSCAN_I/Use_E2.BSCANE2_I/UPDATE  {rise@0.000ns fall@16.667ns period=33.333ns})
  Path Group:             design_1_i/mdm_1/U0/Use_E2.BSCAN_I/Use_E2.BSCANE2_I/UPDATE
  Path Type:              Setup (Max at Slow Process Corner)
  Requirement:            16.667ns  (design_1_i/mdm_1/U0/Use_E2.BSCAN_I/Use_E2.BSCANE2_I/UPDATE rise@33.333ns - design_1_i/mdm_1/U0/Use_E2.BSCAN_I/Use_E2.BSCANE2_I/UPDATE fall@16.667ns)
  Data Path Delay:        4.882ns  (logic 1.035ns (21.200%)  route 3.847ns (78.800%))
  Logic Levels:           2  (LUT3=1 LUT5=1)
  Clock Path Skew:        -0.048ns (DCD - SCD + CPR)
    Destination Clock Delay (DCD):    2.893ns = ( 36.226 - 33.333 ) 
    Source Clock Delay      (SCD):    3.255ns = ( 19.921 - 16.667 ) 
    Clock Pessimism Removal (CPR):    0.314ns
  Clock Uncertainty:      0.035ns  ((TSJ^2 + TIJ^2)^1/2 + DJ) / 2 + PE
    Total System Jitter     (TSJ):    0.071ns
    Total Input Jitter      (TIJ):    0.000ns
    Discrete Jitter          (DJ):    0.000ns
    Phase Error              (PE):    0.000ns

    Location             Delay type                Incr(ns)  Path(ns)    Netlist Resource(s)
  -------------------------------------------------------------------    -------------------
                         (clock design_1_i/mdm_1/U0/Use_E2.BSCAN_I/Use_E2.BSCANE2_I/UPDATE fall edge)
                                                     16.667    16.667 f  
    BSCAN_X0Y1           BSCANE2                      0.000    16.667 f  design_1_i/mdm_1/U0/Use_E2.BSCAN_I/Use_E2.BSCANE2_I/UPDATE
                         net (fo=1, routed)           1.593    18.260    design_1_i/mdm_1/U0/Use_E2.BSCAN_I/Dbg_Update_0
    BUFGCTRL_X0Y2        BUFG (Prop_bufg_I_O)         0.096    18.356 f  design_1_i/mdm_1/U0/Use_E2.BSCAN_I/Dbg_Update_0_BUFG_inst/O
                         net (fo=39, routed)          1.565    19.921    design_1_i/mdm_1/U0/MDM_Core_I1/JTAG_CONTROL_I/CLK
    SLICE_X42Y42         FDRE                                         r  design_1_i/mdm_1/U0/MDM_Core_I1/JTAG_CONTROL_I/Use_BSCAN.command_reg[6]/C  (IS_INVERTED)
  -------------------------------------------------------------------    -------------------
    SLICE_X42Y42         FDRE (Prop_fdre_C_Q)         0.524    20.445 f  design_1_i/mdm_1/U0/MDM_Core_I1/JTAG_CONTROL_I/Use_BSCAN.command_reg[6]/Q
                         net (fo=15, routed)          1.669    22.115    design_1_i/mdm_1/U0/MDM_Core_I1/JTAG_CONTROL_I/Use_BSCAN.FDC_I/command[6]
    SLICE_X40Y41         LUT3 (Prop_lut3_I2_O)        0.154    22.269 f  design_1_i/mdm_1/U0/MDM_Core_I1/JTAG_CONTROL_I/Use_BSCAN.FDC_I/Dbg_Reg_En_0[6]_INST_0/O
                         net (fo=8, routed)           1.143    23.411    design_1_i/microblaze_0/U0/MicroBlaze_Core_I/Performance.Core/Use_Debug_Logic.Master_Core.Debug_Perf/Dbg_Reg_En[6]
    SLICE_X40Y37         LUT5 (Prop_lut5_I3_O)        0.357    23.768 r  design_1_i/microblaze_0/U0/MicroBlaze_Core_I/Performance.Core/Use_Debug_Logic.Master_Core.Debug_Perf/Serial_Dbg_Intf.normal_stop_TClk_i_1/O
                         net (fo=8, routed)           1.035    24.803    design_1_i/microblaze_0/U0/MicroBlaze_Core_I/Performance.Core/Use_Debug_Logic.Master_Core.Debug_Perf/Control_Reg_En
    SLICE_X45Y29         FDRE                                         r  design_1_i/microblaze_0/U0/MicroBlaze_Core_I/Performance.Core/Use_Debug_Logic.Master_Core.Debug_Perf/Serial_Dbg_Intf.control_reg_reg[8]/CE
  -------------------------------------------------------------------    -------------------

                         (clock design_1_i/mdm_1/U0/Use_E2.BSCAN_I/Use_E2.BSCANE2_I/UPDATE rise edge)
                                                     33.333    33.333 r  
    BSCAN_X0Y1           BSCANE2                      0.000    33.333 r  design_1_i/mdm_1/U0/Use_E2.BSCAN_I/Use_E2.BSCANE2_I/UPDATE
                         net (fo=1, routed)           1.364    34.697    design_1_i/mdm_1/U0/Use_E2.BSCAN_I/Dbg_Update_0
    BUFGCTRL_X0Y2        BUFG (Prop_bufg_I_O)         0.091    34.788 r  design_1_i/mdm_1/U0/Use_E2.BSCAN_I/Dbg_Update_0_BUFG_inst/O
                         net (fo=39, routed)          1.437    36.226    design_1_i/microblaze_0/U0/MicroBlaze_Core_I/Performance.Core/Use_Debug_Logic.Master_Core.Debug_Perf/Dbg_Update
    SLICE_X45Y29         FDRE                                         r  design_1_i/microblaze_0/U0/MicroBlaze_Core_I/Performance.Core/Use_Debug_Logic.Master_Core.Debug_Perf/Serial_Dbg_Intf.control_reg_reg[8]/C
                         clock pessimism              0.314    36.540    
                         clock uncertainty           -0.035    36.504    
    SLICE_X45Y29         FDRE (Setup_fdre_C_CE)      -0.408    36.096    design_1_i/microblaze_0/U0/MicroBlaze_Core_I/Performance.Core/Use_Debug_Logic.Master_Core.Debug_Perf/Serial_Dbg_Intf.control_reg_reg[8]
  -------------------------------------------------------------------
                         required time                         36.096    
                         arrival time                         -24.803    
  -------------------------------------------------------------------
                         slack                                 11.293    

Slack (MET) :             11.328ns  (required time - arrival time)
  Source:                 design_1_i/mdm_1/U0/MDM_Core_I1/JTAG_CONTROL_I/Use_BSCAN.command_reg[6]/C
                            (falling edge-triggered cell FDRE clocked by design_1_i/mdm_1/U0/Use_E2.BSCAN_I/Use_E2.BSCANE2_I/UPDATE  {rise@0.000ns fall@16.667ns period=33.333ns})
  Destination:            design_1_i/microblaze_0/U0/MicroBlaze_Core_I/Performance.Core/Use_Debug_Logic.Master_Core.Debug_Perf/Serial_Dbg_Intf.control_reg_reg[4]/CE
                            (rising edge-triggered cell FDRE clocked by design_1_i/mdm_1/U0/Use_E2.BSCAN_I/Use_E2.BSCANE2_I/UPDATE  {rise@0.000ns fall@16.667ns period=33.333ns})
  Path Group:             design_1_i/mdm_1/U0/Use_E2.BSCAN_I/Use_E2.BSCANE2_I/UPDATE
  Path Type:              Setup (Max at Slow Process Corner)
  Requirement:            16.667ns  (design_1_i/mdm_1/U0/Use_E2.BSCAN_I/Use_E2.BSCANE2_I/UPDATE rise@33.333ns - design_1_i/mdm_1/U0/Use_E2.BSCAN_I/Use_E2.BSCANE2_I/UPDATE fall@16.667ns)
  Data Path Delay:        4.846ns  (logic 1.035ns (21.356%)  route 3.811ns (78.644%))
  Logic Levels:           2  (LUT3=1 LUT5=1)
  Clock Path Skew:        -0.049ns (DCD - SCD + CPR)
    Destination Clock Delay (DCD):    2.892ns = ( 36.225 - 33.333 ) 
    Source Clock Delay      (SCD):    3.255ns = ( 19.921 - 16.667 ) 
    Clock Pessimism Removal (CPR):    0.314ns
  Clock Uncertainty:      0.035ns  ((TSJ^2 + TIJ^2)^1/2 + DJ) / 2 + PE
    Total System Jitter     (TSJ):    0.071ns
    Total Input Jitter      (TIJ):    0.000ns
    Discrete Jitter          (DJ):    0.000ns
    Phase Error              (PE):    0.000ns

    Location             Delay type                Incr(ns)  Path(ns)    Netlist Resource(s)
  -------------------------------------------------------------------    -------------------
                         (clock design_1_i/mdm_1/U0/Use_E2.BSCAN_I/Use_E2.BSCANE2_I/UPDATE fall edge)
                                                     16.667    16.667 f  
    BSCAN_X0Y1           BSCANE2                      0.000    16.667 f  design_1_i/mdm_1/U0/Use_E2.BSCAN_I/Use_E2.BSCANE2_I/UPDATE
                         net (fo=1, routed)           1.593    18.260    design_1_i/mdm_1/U0/Use_E2.BSCAN_I/Dbg_Update_0
    BUFGCTRL_X0Y2        BUFG (Prop_bufg_I_O)         0.096    18.356 f  design_1_i/mdm_1/U0/Use_E2.BSCAN_I/Dbg_Update_0_BUFG_inst/O
                         net (fo=39, routed)          1.565    19.921    design_1_i/mdm_1/U0/MDM_Core_I1/JTAG_CONTROL_I/CLK
    SLICE_X42Y42         FDRE                                         r  design_1_i/mdm_1/U0/MDM_Core_I1/JTAG_CONTROL_I/Use_BSCAN.command_reg[6]/C  (IS_INVERTED)
  -------------------------------------------------------------------    -------------------
    SLICE_X42Y42         FDRE (Prop_fdre_C_Q)         0.524    20.445 f  design_1_i/mdm_1/U0/MDM_Core_I1/JTAG_CONTROL_I/Use_BSCAN.command_reg[6]/Q
                         net (fo=15, routed)          1.669    22.115    design_1_i/mdm_1/U0/MDM_Core_I1/JTAG_CONTROL_I/Use_BSCAN.FDC_I/command[6]
    SLICE_X40Y41         LUT3 (Prop_lut3_I2_O)        0.154    22.269 f  design_1_i/mdm_1/U0/MDM_Core_I1/JTAG_CONTROL_I/Use_BSCAN.FDC_I/Dbg_Reg_En_0[6]_INST_0/O
                         net (fo=8, routed)           1.143    23.411    design_1_i/microblaze_0/U0/MicroBlaze_Core_I/Performance.Core/Use_Debug_Logic.Master_Core.Debug_Perf/Dbg_Reg_En[6]
    SLICE_X40Y37         LUT5 (Prop_lut5_I3_O)        0.357    23.768 r  design_1_i/microblaze_0/U0/MicroBlaze_Core_I/Performance.Core/Use_Debug_Logic.Master_Core.Debug_Perf/Serial_Dbg_Intf.normal_stop_TClk_i_1/O
                         net (fo=8, routed)           0.999    24.767    design_1_i/microblaze_0/U0/MicroBlaze_Core_I/Performance.Core/Use_Debug_Logic.Master_Core.Debug_Perf/Control_Reg_En
    SLICE_X43Y19         FDRE                                         r  design_1_i/microblaze_0/U0/MicroBlaze_Core_I/Performance.Core/Use_Debug_Logic.Master_Core.Debug_Perf/Serial_Dbg_Intf.control_reg_reg[4]/CE
  -------------------------------------------------------------------    -------------------

                         (clock design_1_i/mdm_1/U0/Use_E2.BSCAN_I/Use_E2.BSCANE2_I/UPDATE rise edge)
                                                     33.333    33.333 r  
    BSCAN_X0Y1           BSCANE2                      0.000    33.333 r  design_1_i/mdm_1/U0/Use_E2.BSCAN_I/Use_E2.BSCANE2_I/UPDATE
                         net (fo=1, routed)           1.364    34.697    design_1_i/mdm_1/U0/Use_E2.BSCAN_I/Dbg_Update_0
    BUFGCTRL_X0Y2        BUFG (Prop_bufg_I_O)         0.091    34.788 r  design_1_i/mdm_1/U0/Use_E2.BSCAN_I/Dbg_Update_0_BUFG_inst/O
                         net (fo=39, routed)          1.436    36.225    design_1_i/microblaze_0/U0/MicroBlaze_Core_I/Performance.Core/Use_Debug_Logic.Master_Core.Debug_Perf/Dbg_Update
    SLICE_X43Y19         FDRE                                         r  design_1_i/microblaze_0/U0/MicroBlaze_Core_I/Performance.Core/Use_Debug_Logic.Master_Core.Debug_Perf/Serial_Dbg_Intf.control_reg_reg[4]/C
                         clock pessimism              0.314    36.539    
                         clock uncertainty           -0.035    36.503    
    SLICE_X43Y19         FDRE (Setup_fdre_C_CE)      -0.408    36.095    design_1_i/microblaze_0/U0/MicroBlaze_Core_I/Performance.Core/Use_Debug_Logic.Master_Core.Debug_Perf/Serial_Dbg_Intf.control_reg_reg[4]
  -------------------------------------------------------------------
                         required time                         36.095    
                         arrival time                         -24.767    
  -------------------------------------------------------------------
                         slack                                 11.328    

Slack (MET) :             11.328ns  (required time - arrival time)
  Source:                 design_1_i/mdm_1/U0/MDM_Core_I1/JTAG_CONTROL_I/Use_BSCAN.command_reg[6]/C
                            (falling edge-triggered cell FDRE clocked by design_1_i/mdm_1/U0/Use_E2.BSCAN_I/Use_E2.BSCANE2_I/UPDATE  {rise@0.000ns fall@16.667ns period=33.333ns})
  Destination:            design_1_i/microblaze_0/U0/MicroBlaze_Core_I/Performance.Core/Use_Debug_Logic.Master_Core.Debug_Perf/Serial_Dbg_Intf.control_reg_reg[5]/CE
                            (rising edge-triggered cell FDRE clocked by design_1_i/mdm_1/U0/Use_E2.BSCAN_I/Use_E2.BSCANE2_I/UPDATE  {rise@0.000ns fall@16.667ns period=33.333ns})
  Path Group:             design_1_i/mdm_1/U0/Use_E2.BSCAN_I/Use_E2.BSCANE2_I/UPDATE
  Path Type:              Setup (Max at Slow Process Corner)
  Requirement:            16.667ns  (design_1_i/mdm_1/U0/Use_E2.BSCAN_I/Use_E2.BSCANE2_I/UPDATE rise@33.333ns - design_1_i/mdm_1/U0/Use_E2.BSCAN_I/Use_E2.BSCANE2_I/UPDATE fall@16.667ns)
  Data Path Delay:        4.846ns  (logic 1.035ns (21.356%)  route 3.811ns (78.644%))
  Logic Levels:           2  (LUT3=1 LUT5=1)
  Clock Path Skew:        -0.049ns (DCD - SCD + CPR)
    Destination Clock Delay (DCD):    2.892ns = ( 36.225 - 33.333 ) 
    Source Clock Delay      (SCD):    3.255ns = ( 19.921 - 16.667 ) 
    Clock Pessimism Removal (CPR):    0.314ns
  Clock Uncertainty:      0.035ns  ((TSJ^2 + TIJ^2)^1/2 + DJ) / 2 + PE
    Total System Jitter     (TSJ):    0.071ns
    Total Input Jitter      (TIJ):    0.000ns
    Discrete Jitter          (DJ):    0.000ns
    Phase Error              (PE):    0.000ns

    Location             Delay type                Incr(ns)  Path(ns)    Netlist Resource(s)
  -------------------------------------------------------------------    -------------------
                         (clock design_1_i/mdm_1/U0/Use_E2.BSCAN_I/Use_E2.BSCANE2_I/UPDATE fall edge)
                                                     16.667    16.667 f  
    BSCAN_X0Y1           BSCANE2                      0.000    16.667 f  design_1_i/mdm_1/U0/Use_E2.BSCAN_I/Use_E2.BSCANE2_I/UPDATE
                         net (fo=1, routed)           1.593    18.260    design_1_i/mdm_1/U0/Use_E2.BSCAN_I/Dbg_Update_0
    BUFGCTRL_X0Y2        BUFG (Prop_bufg_I_O)         0.096    18.356 f  design_1_i/mdm_1/U0/Use_E2.BSCAN_I/Dbg_Update_0_BUFG_inst/O
                         net (fo=39, routed)          1.565    19.921    design_1_i/mdm_1/U0/MDM_Core_I1/JTAG_CONTROL_I/CLK
    SLICE_X42Y42         FDRE                                         r  design_1_i/mdm_1/U0/MDM_Core_I1/JTAG_CONTROL_I/Use_BSCAN.command_reg[6]/C  (IS_INVERTED)
  -------------------------------------------------------------------    -------------------
    SLICE_X42Y42         FDRE (Prop_fdre_C_Q)         0.524    20.445 f  design_1_i/mdm_1/U0/MDM_Core_I1/JTAG_CONTROL_I/Use_BSCAN.command_reg[6]/Q
                         net (fo=15, routed)          1.669    22.115    design_1_i/mdm_1/U0/MDM_Core_I1/JTAG_CONTROL_I/Use_BSCAN.FDC_I/command[6]
    SLICE_X40Y41         LUT3 (Prop_lut3_I2_O)        0.154    22.269 f  design_1_i/mdm_1/U0/MDM_Core_I1/JTAG_CONTROL_I/Use_BSCAN.FDC_I/Dbg_Reg_En_0[6]_INST_0/O
                         net (fo=8, routed)           1.143    23.411    design_1_i/microblaze_0/U0/MicroBlaze_Core_I/Performance.Core/Use_Debug_Logic.Master_Core.Debug_Perf/Dbg_Reg_En[6]
    SLICE_X40Y37         LUT5 (Prop_lut5_I3_O)        0.357    23.768 r  design_1_i/microblaze_0/U0/MicroBlaze_Core_I/Performance.Core/Use_Debug_Logic.Master_Core.Debug_Perf/Serial_Dbg_Intf.normal_stop_TClk_i_1/O
                         net (fo=8, routed)           0.999    24.767    design_1_i/microblaze_0/U0/MicroBlaze_Core_I/Performance.Core/Use_Debug_Logic.Master_Core.Debug_Perf/Control_Reg_En
    SLICE_X43Y19         FDRE                                         r  design_1_i/microblaze_0/U0/MicroBlaze_Core_I/Performance.Core/Use_Debug_Logic.Master_Core.Debug_Perf/Serial_Dbg_Intf.control_reg_reg[5]/CE
  -------------------------------------------------------------------    -------------------

                         (clock design_1_i/mdm_1/U0/Use_E2.BSCAN_I/Use_E2.BSCANE2_I/UPDATE rise edge)
                                                     33.333    33.333 r  
    BSCAN_X0Y1           BSCANE2                      0.000    33.333 r  design_1_i/mdm_1/U0/Use_E2.BSCAN_I/Use_E2.BSCANE2_I/UPDATE
                         net (fo=1, routed)           1.364    34.697    design_1_i/mdm_1/U0/Use_E2.BSCAN_I/Dbg_Update_0
    BUFGCTRL_X0Y2        BUFG (Prop_bufg_I_O)         0.091    34.788 r  design_1_i/mdm_1/U0/Use_E2.BSCAN_I/Dbg_Update_0_BUFG_inst/O
                         net (fo=39, routed)          1.436    36.225    design_1_i/microblaze_0/U0/MicroBlaze_Core_I/Performance.Core/Use_Debug_Logic.Master_Core.Debug_Perf/Dbg_Update
    SLICE_X43Y19         FDRE                                         r  design_1_i/microblaze_0/U0/MicroBlaze_Core_I/Performance.Core/Use_Debug_Logic.Master_Core.Debug_Perf/Serial_Dbg_Intf.control_reg_reg[5]/C
                         clock pessimism              0.314    36.539    
                         clock uncertainty           -0.035    36.503    
    SLICE_X43Y19         FDRE (Setup_fdre_C_CE)      -0.408    36.095    design_1_i/microblaze_0/U0/MicroBlaze_Core_I/Performance.Core/Use_Debug_Logic.Master_Core.Debug_Perf/Serial_Dbg_Intf.control_reg_reg[5]
  -------------------------------------------------------------------
                         required time                         36.095    
                         arrival time                         -24.767    
  -------------------------------------------------------------------
                         slack                                 11.328    

Slack (MET) :             11.357ns  (required time - arrival time)
  Source:                 design_1_i/mdm_1/U0/MDM_Core_I1/JTAG_CONTROL_I/Use_BSCAN.command_reg[6]/C
                            (falling edge-triggered cell FDRE clocked by design_1_i/mdm_1/U0/Use_E2.BSCAN_I/Use_E2.BSCANE2_I/UPDATE  {rise@0.000ns fall@16.667ns period=33.333ns})
  Destination:            design_1_i/microblaze_0/U0/MicroBlaze_Core_I/Performance.Core/Use_Debug_Logic.Master_Core.Debug_Perf/Serial_Dbg_Intf.force_stop_TClk_reg/CE
                            (rising edge-triggered cell FDCE clocked by design_1_i/mdm_1/U0/Use_E2.BSCAN_I/Use_E2.BSCANE2_I/UPDATE  {rise@0.000ns fall@16.667ns period=33.333ns})
  Path Group:             design_1_i/mdm_1/U0/Use_E2.BSCAN_I/Use_E2.BSCANE2_I/UPDATE
  Path Type:              Setup (Max at Slow Process Corner)
  Requirement:            16.667ns  (design_1_i/mdm_1/U0/Use_E2.BSCAN_I/Use_E2.BSCANE2_I/UPDATE rise@33.333ns - design_1_i/mdm_1/U0/Use_E2.BSCAN_I/Use_E2.BSCANE2_I/UPDATE fall@16.667ns)
  Data Path Delay:        4.852ns  (logic 1.035ns (21.333%)  route 3.817ns (78.667%))
  Logic Levels:           2  (LUT3=1 LUT5=1)
  Clock Path Skew:        -0.050ns (DCD - SCD + CPR)
    Destination Clock Delay (DCD):    2.891ns = ( 36.224 - 33.333 ) 
    Source Clock Delay      (SCD):    3.255ns = ( 19.921 - 16.667 ) 
    Clock Pessimism Removal (CPR):    0.314ns
  Clock Uncertainty:      0.035ns  ((TSJ^2 + TIJ^2)^1/2 + DJ) / 2 + PE
    Total System Jitter     (TSJ):    0.071ns
    Total Input Jitter      (TIJ):    0.000ns
    Discrete Jitter          (DJ):    0.000ns
    Phase Error              (PE):    0.000ns

    Location             Delay type                Incr(ns)  Path(ns)    Netlist Resource(s)
  -------------------------------------------------------------------    -------------------
                         (clock design_1_i/mdm_1/U0/Use_E2.BSCAN_I/Use_E2.BSCANE2_I/UPDATE fall edge)
                                                     16.667    16.667 f  
    BSCAN_X0Y1           BSCANE2                      0.000    16.667 f  design_1_i/mdm_1/U0/Use_E2.BSCAN_I/Use_E2.BSCANE2_I/UPDATE
                         net (fo=1, routed)           1.593    18.260    design_1_i/mdm_1/U0/Use_E2.BSCAN_I/Dbg_Update_0
    BUFGCTRL_X0Y2        BUFG (Prop_bufg_I_O)         0.096    18.356 f  design_1_i/mdm_1/U0/Use_E2.BSCAN_I/Dbg_Update_0_BUFG_inst/O
                         net (fo=39, routed)          1.565    19.921    design_1_i/mdm_1/U0/MDM_Core_I1/JTAG_CONTROL_I/CLK
    SLICE_X42Y42         FDRE                                         r  design_1_i/mdm_1/U0/MDM_Core_I1/JTAG_CONTROL_I/Use_BSCAN.command_reg[6]/C  (IS_INVERTED)
  -------------------------------------------------------------------    -------------------
    SLICE_X42Y42         FDRE (Prop_fdre_C_Q)         0.524    20.445 f  design_1_i/mdm_1/U0/MDM_Core_I1/JTAG_CONTROL_I/Use_BSCAN.command_reg[6]/Q
                         net (fo=15, routed)          1.669    22.115    design_1_i/mdm_1/U0/MDM_Core_I1/JTAG_CONTROL_I/Use_BSCAN.FDC_I/command[6]
    SLICE_X40Y41         LUT3 (Prop_lut3_I2_O)        0.154    22.269 f  design_1_i/mdm_1/U0/MDM_Core_I1/JTAG_CONTROL_I/Use_BSCAN.FDC_I/Dbg_Reg_En_0[6]_INST_0/O
                         net (fo=8, routed)           1.143    23.411    design_1_i/microblaze_0/U0/MicroBlaze_Core_I/Performance.Core/Use_Debug_Logic.Master_Core.Debug_Perf/Dbg_Reg_En[6]
    SLICE_X40Y37         LUT5 (Prop_lut5_I3_O)        0.357    23.768 r  design_1_i/microblaze_0/U0/MicroBlaze_Core_I/Performance.Core/Use_Debug_Logic.Master_Core.Debug_Perf/Serial_Dbg_Intf.normal_stop_TClk_i_1/O
                         net (fo=8, routed)           1.004    24.773    design_1_i/microblaze_0/U0/MicroBlaze_Core_I/Performance.Core/Use_Debug_Logic.Master_Core.Debug_Perf/Control_Reg_En
    SLICE_X38Y31         FDCE                                         r  design_1_i/microblaze_0/U0/MicroBlaze_Core_I/Performance.Core/Use_Debug_Logic.Master_Core.Debug_Perf/Serial_Dbg_Intf.force_stop_TClk_reg/CE
  -------------------------------------------------------------------    -------------------

                         (clock design_1_i/mdm_1/U0/Use_E2.BSCAN_I/Use_E2.BSCANE2_I/UPDATE rise edge)
                                                     33.333    33.333 r  
    BSCAN_X0Y1           BSCANE2                      0.000    33.333 r  design_1_i/mdm_1/U0/Use_E2.BSCAN_I/Use_E2.BSCANE2_I/UPDATE
                         net (fo=1, routed)           1.364    34.697    design_1_i/mdm_1/U0/Use_E2.BSCAN_I/Dbg_Update_0
    BUFGCTRL_X0Y2        BUFG (Prop_bufg_I_O)         0.091    34.788 r  design_1_i/mdm_1/U0/Use_E2.BSCAN_I/Dbg_Update_0_BUFG_inst/O
                         net (fo=39, routed)          1.435    36.224    design_1_i/microblaze_0/U0/MicroBlaze_Core_I/Performance.Core/Use_Debug_Logic.Master_Core.Debug_Perf/Dbg_Update
    SLICE_X38Y31         FDCE                                         r  design_1_i/microblaze_0/U0/MicroBlaze_Core_I/Performance.Core/Use_Debug_Logic.Master_Core.Debug_Perf/Serial_Dbg_Intf.force_stop_TClk_reg/C
                         clock pessimism              0.314    36.538    
                         clock uncertainty           -0.035    36.502    
    SLICE_X38Y31         FDCE (Setup_fdce_C_CE)      -0.372    36.130    design_1_i/microblaze_0/U0/MicroBlaze_Core_I/Performance.Core/Use_Debug_Logic.Master_Core.Debug_Perf/Serial_Dbg_Intf.force_stop_TClk_reg
  -------------------------------------------------------------------
                         required time                         36.130    
                         arrival time                         -24.773    
  -------------------------------------------------------------------
                         slack                                 11.357    

Slack (MET) :             11.588ns  (required time - arrival time)
  Source:                 design_1_i/mdm_1/U0/MDM_Core_I1/JTAG_CONTROL_I/Use_BSCAN.command_reg[6]/C
                            (falling edge-triggered cell FDRE clocked by design_1_i/mdm_1/U0/Use_E2.BSCAN_I/Use_E2.BSCANE2_I/UPDATE  {rise@0.000ns fall@16.667ns period=33.333ns})
  Destination:            design_1_i/microblaze_0/U0/MicroBlaze_Core_I/Performance.Core/Use_Debug_Logic.Master_Core.Debug_Perf/Serial_Dbg_Intf.continue_from_brk_TClk_reg/CE
                            (rising edge-triggered cell FDCE clocked by design_1_i/mdm_1/U0/Use_E2.BSCAN_I/Use_E2.BSCANE2_I/UPDATE  {rise@0.000ns fall@16.667ns period=33.333ns})
  Path Group:             design_1_i/mdm_1/U0/Use_E2.BSCAN_I/Use_E2.BSCANE2_I/UPDATE
  Path Type:              Setup (Max at Slow Process Corner)
  Requirement:            16.667ns  (design_1_i/mdm_1/U0/Use_E2.BSCAN_I/Use_E2.BSCANE2_I/UPDATE rise@33.333ns - design_1_i/mdm_1/U0/Use_E2.BSCAN_I/Use_E2.BSCANE2_I/UPDATE fall@16.667ns)
  Data Path Delay:        4.584ns  (logic 1.035ns (22.579%)  route 3.549ns (77.421%))
  Logic Levels:           2  (LUT3=1 LUT5=1)
  Clock Path Skew:        -0.051ns (DCD - SCD + CPR)
    Destination Clock Delay (DCD):    2.890ns = ( 36.223 - 33.333 ) 
    Source Clock Delay      (SCD):    3.255ns = ( 19.921 - 16.667 ) 
    Clock Pessimism Removal (CPR):    0.314ns
  Clock Uncertainty:      0.035ns  ((TSJ^2 + TIJ^2)^1/2 + DJ) / 2 + PE
    Total System Jitter     (TSJ):    0.071ns
    Total Input Jitter      (TIJ):    0.000ns
    Discrete Jitter          (DJ):    0.000ns
    Phase Error              (PE):    0.000ns

    Location             Delay type                Incr(ns)  Path(ns)    Netlist Resource(s)
  -------------------------------------------------------------------    -------------------
                         (clock design_1_i/mdm_1/U0/Use_E2.BSCAN_I/Use_E2.BSCANE2_I/UPDATE fall edge)
                                                     16.667    16.667 f  
    BSCAN_X0Y1           BSCANE2                      0.000    16.667 f  design_1_i/mdm_1/U0/Use_E2.BSCAN_I/Use_E2.BSCANE2_I/UPDATE
                         net (fo=1, routed)           1.593    18.260    design_1_i/mdm_1/U0/Use_E2.BSCAN_I/Dbg_Update_0
    BUFGCTRL_X0Y2        BUFG (Prop_bufg_I_O)         0.096    18.356 f  design_1_i/mdm_1/U0/Use_E2.BSCAN_I/Dbg_Update_0_BUFG_inst/O
                         net (fo=39, routed)          1.565    19.921    design_1_i/mdm_1/U0/MDM_Core_I1/JTAG_CONTROL_I/CLK
    SLICE_X42Y42         FDRE                                         r  design_1_i/mdm_1/U0/MDM_Core_I1/JTAG_CONTROL_I/Use_BSCAN.command_reg[6]/C  (IS_INVERTED)
  -------------------------------------------------------------------    -------------------
    SLICE_X42Y42         FDRE (Prop_fdre_C_Q)         0.524    20.445 f  design_1_i/mdm_1/U0/MDM_Core_I1/JTAG_CONTROL_I/Use_BSCAN.command_reg[6]/Q
                         net (fo=15, routed)          1.669    22.115    design_1_i/mdm_1/U0/MDM_Core_I1/JTAG_CONTROL_I/Use_BSCAN.FDC_I/command[6]
    SLICE_X40Y41         LUT3 (Prop_lut3_I2_O)        0.154    22.269 f  design_1_i/mdm_1/U0/MDM_Core_I1/JTAG_CONTROL_I/Use_BSCAN.FDC_I/Dbg_Reg_En_0[6]_INST_0/O
                         net (fo=8, routed)           1.143    23.411    design_1_i/microblaze_0/U0/MicroBlaze_Core_I/Performance.Core/Use_Debug_Logic.Master_Core.Debug_Perf/Dbg_Reg_En[6]
    SLICE_X40Y37         LUT5 (Prop_lut5_I3_O)        0.357    23.768 r  design_1_i/microblaze_0/U0/MicroBlaze_Core_I/Performance.Core/Use_Debug_Logic.Master_Core.Debug_Perf/Serial_Dbg_Intf.normal_stop_TClk_i_1/O
                         net (fo=8, routed)           0.737    24.505    design_1_i/microblaze_0/U0/MicroBlaze_Core_I/Performance.Core/Use_Debug_Logic.Master_Core.Debug_Perf/Control_Reg_En
    SLICE_X39Y29         FDCE                                         r  design_1_i/microblaze_0/U0/MicroBlaze_Core_I/Performance.Core/Use_Debug_Logic.Master_Core.Debug_Perf/Serial_Dbg_Intf.continue_from_brk_TClk_reg/CE
  -------------------------------------------------------------------    -------------------

                         (clock design_1_i/mdm_1/U0/Use_E2.BSCAN_I/Use_E2.BSCANE2_I/UPDATE rise edge)
                                                     33.333    33.333 r  
    BSCAN_X0Y1           BSCANE2                      0.000    33.333 r  design_1_i/mdm_1/U0/Use_E2.BSCAN_I/Use_E2.BSCANE2_I/UPDATE
                         net (fo=1, routed)           1.364    34.697    design_1_i/mdm_1/U0/Use_E2.BSCAN_I/Dbg_Update_0
    BUFGCTRL_X0Y2        BUFG (Prop_bufg_I_O)         0.091    34.788 r  design_1_i/mdm_1/U0/Use_E2.BSCAN_I/Dbg_Update_0_BUFG_inst/O
                         net (fo=39, routed)          1.434    36.223    design_1_i/microblaze_0/U0/MicroBlaze_Core_I/Performance.Core/Use_Debug_Logic.Master_Core.Debug_Perf/Dbg_Update
    SLICE_X39Y29         FDCE                                         r  design_1_i/microblaze_0/U0/MicroBlaze_Core_I/Performance.Core/Use_Debug_Logic.Master_Core.Debug_Perf/Serial_Dbg_Intf.continue_from_brk_TClk_reg/C
                         clock pessimism              0.314    36.537    
                         clock uncertainty           -0.035    36.501    
    SLICE_X39Y29         FDCE (Setup_fdce_C_CE)      -0.408    36.093    design_1_i/microblaze_0/U0/MicroBlaze_Core_I/Performance.Core/Use_Debug_Logic.Master_Core.Debug_Perf/Serial_Dbg_Intf.continue_from_brk_TClk_reg
  -------------------------------------------------------------------
                         required time                         36.093    
                         arrival time                         -24.505    
  -------------------------------------------------------------------
                         slack                                 11.588    

Slack (MET) :             11.965ns  (required time - arrival time)
  Source:                 design_1_i/mdm_1/U0/MDM_Core_I1/JTAG_CONTROL_I/Use_BSCAN.command_reg[6]/C
                            (falling edge-triggered cell FDRE clocked by design_1_i/mdm_1/U0/Use_E2.BSCAN_I/Use_E2.BSCANE2_I/UPDATE  {rise@0.000ns fall@16.667ns period=33.333ns})
  Destination:            design_1_i/microblaze_0/U0/MicroBlaze_Core_I/Performance.Core/Use_Debug_Logic.Master_Core.Debug_Perf/Serial_Dbg_Intf.command_reg_reg[0]/CE
                            (rising edge-triggered cell FDCE clocked by design_1_i/mdm_1/U0/Use_E2.BSCAN_I/Use_E2.BSCANE2_I/UPDATE  {rise@0.000ns fall@16.667ns period=33.333ns})
  Path Group:             design_1_i/mdm_1/U0/Use_E2.BSCAN_I/Use_E2.BSCANE2_I/UPDATE
  Path Type:              Setup (Max at Slow Process Corner)
  Requirement:            16.667ns  (design_1_i/mdm_1/U0/Use_E2.BSCAN_I/Use_E2.BSCANE2_I/UPDATE rise@33.333ns - design_1_i/mdm_1/U0/Use_E2.BSCAN_I/Use_E2.BSCANE2_I/UPDATE fall@16.667ns)
  Data Path Delay:        4.431ns  (logic 1.005ns (22.683%)  route 3.426ns (77.316%))
  Logic Levels:           2  (LUT3=1 LUT5=1)
  Clock Path Skew:        -0.031ns (DCD - SCD + CPR)
    Destination Clock Delay (DCD):    2.896ns = ( 36.229 - 33.333 ) 
    Source Clock Delay      (SCD):    3.255ns = ( 19.921 - 16.667 ) 
    Clock Pessimism Removal (CPR):    0.328ns
  Clock Uncertainty:      0.035ns  ((TSJ^2 + TIJ^2)^1/2 + DJ) / 2 + PE
    Total System Jitter     (TSJ):    0.071ns
    Total Input Jitter      (TIJ):    0.000ns
    Discrete Jitter          (DJ):    0.000ns
    Phase Error              (PE):    0.000ns

    Location             Delay type                Incr(ns)  Path(ns)    Netlist Resource(s)
  -------------------------------------------------------------------    -------------------
                         (clock design_1_i/mdm_1/U0/Use_E2.BSCAN_I/Use_E2.BSCANE2_I/UPDATE fall edge)
                                                     16.667    16.667 f  
    BSCAN_X0Y1           BSCANE2                      0.000    16.667 f  design_1_i/mdm_1/U0/Use_E2.BSCAN_I/Use_E2.BSCANE2_I/UPDATE
                         net (fo=1, routed)           1.593    18.260    design_1_i/mdm_1/U0/Use_E2.BSCAN_I/Dbg_Update_0
    BUFGCTRL_X0Y2        BUFG (Prop_bufg_I_O)         0.096    18.356 f  design_1_i/mdm_1/U0/Use_E2.BSCAN_I/Dbg_Update_0_BUFG_inst/O
                         net (fo=39, routed)          1.565    19.921    design_1_i/mdm_1/U0/MDM_Core_I1/JTAG_CONTROL_I/CLK
    SLICE_X42Y42         FDRE                                         r  design_1_i/mdm_1/U0/MDM_Core_I1/JTAG_CONTROL_I/Use_BSCAN.command_reg[6]/C  (IS_INVERTED)
  -------------------------------------------------------------------    -------------------
    SLICE_X42Y42         FDRE (Prop_fdre_C_Q)         0.524    20.445 r  design_1_i/mdm_1/U0/MDM_Core_I1/JTAG_CONTROL_I/Use_BSCAN.command_reg[6]/Q
                         net (fo=15, routed)          1.669    22.115    design_1_i/mdm_1/U0/MDM_Core_I1/JTAG_CONTROL_I/Use_BSCAN.FDC_I/command[6]
    SLICE_X40Y41         LUT3 (Prop_lut3_I2_O)        0.154    22.269 r  design_1_i/mdm_1/U0/MDM_Core_I1/JTAG_CONTROL_I/Use_BSCAN.FDC_I/Dbg_Reg_En_0[6]_INST_0/O
                         net (fo=8, routed)           1.143    23.411    design_1_i/microblaze_0/U0/MicroBlaze_Core_I/Performance.Core/Use_Debug_Logic.Master_Core.Debug_Perf/Dbg_Reg_En[6]
    SLICE_X40Y37         LUT5 (Prop_lut5_I2_O)        0.327    23.738 r  design_1_i/microblaze_0/U0/MicroBlaze_Core_I/Performance.Core/Use_Debug_Logic.Master_Core.Debug_Perf/Serial_Dbg_Intf.command_reg[0]_i_1/O
                         net (fo=2, routed)           0.613    24.352    design_1_i/microblaze_0/U0/MicroBlaze_Core_I/Performance.Core/Use_Debug_Logic.Master_Core.Debug_Perf/Command_Reg_En
    SLICE_X40Y33         FDCE                                         r  design_1_i/microblaze_0/U0/MicroBlaze_Core_I/Performance.Core/Use_Debug_Logic.Master_Core.Debug_Perf/Serial_Dbg_Intf.command_reg_reg[0]/CE
  -------------------------------------------------------------------    -------------------

                         (clock design_1_i/mdm_1/U0/Use_E2.BSCAN_I/Use_E2.BSCANE2_I/UPDATE rise edge)
                                                     33.333    33.333 r  
    BSCAN_X0Y1           BSCANE2                      0.000    33.333 r  design_1_i/mdm_1/U0/Use_E2.BSCAN_I/Use_E2.BSCANE2_I/UPDATE
                         net (fo=1, routed)           1.364    34.697    design_1_i/mdm_1/U0/Use_E2.BSCAN_I/Dbg_Update_0
    BUFGCTRL_X0Y2        BUFG (Prop_bufg_I_O)         0.091    34.788 r  design_1_i/mdm_1/U0/Use_E2.BSCAN_I/Dbg_Update_0_BUFG_inst/O
                         net (fo=39, routed)          1.440    36.229    design_1_i/microblaze_0/U0/MicroBlaze_Core_I/Performance.Core/Use_Debug_Logic.Master_Core.Debug_Perf/Dbg_Update
    SLICE_X40Y33         FDCE                                         r  design_1_i/microblaze_0/U0/MicroBlaze_Core_I/Performance.Core/Use_Debug_Logic.Master_Core.Debug_Perf/Serial_Dbg_Intf.command_reg_reg[0]/C
                         clock pessimism              0.328    36.557    
                         clock uncertainty           -0.035    36.521    
    SLICE_X40Y33         FDCE (Setup_fdce_C_CE)      -0.205    36.316    design_1_i/microblaze_0/U0/MicroBlaze_Core_I/Performance.Core/Use_Debug_Logic.Master_Core.Debug_Perf/Serial_Dbg_Intf.command_reg_reg[0]
  -------------------------------------------------------------------
                         required time                         36.316    
                         arrival time                         -24.352    
  -------------------------------------------------------------------
                         slack                                 11.965    

Slack (MET) :             11.965ns  (required time - arrival time)
  Source:                 design_1_i/mdm_1/U0/MDM_Core_I1/JTAG_CONTROL_I/Use_BSCAN.command_reg[6]/C
                            (falling edge-triggered cell FDRE clocked by design_1_i/mdm_1/U0/Use_E2.BSCAN_I/Use_E2.BSCANE2_I/UPDATE  {rise@0.000ns fall@16.667ns period=33.333ns})
  Destination:            design_1_i/microblaze_0/U0/MicroBlaze_Core_I/Performance.Core/Use_Debug_Logic.Master_Core.Debug_Perf/Serial_Dbg_Intf.command_reg_reg[1]/CE
                            (rising edge-triggered cell FDCE clocked by design_1_i/mdm_1/U0/Use_E2.BSCAN_I/Use_E2.BSCANE2_I/UPDATE  {rise@0.000ns fall@16.667ns period=33.333ns})
  Path Group:             design_1_i/mdm_1/U0/Use_E2.BSCAN_I/Use_E2.BSCANE2_I/UPDATE
  Path Type:              Setup (Max at Slow Process Corner)
  Requirement:            16.667ns  (design_1_i/mdm_1/U0/Use_E2.BSCAN_I/Use_E2.BSCANE2_I/UPDATE rise@33.333ns - design_1_i/mdm_1/U0/Use_E2.BSCAN_I/Use_E2.BSCANE2_I/UPDATE fall@16.667ns)
  Data Path Delay:        4.431ns  (logic 1.005ns (22.683%)  route 3.426ns (77.316%))
  Logic Levels:           2  (LUT3=1 LUT5=1)
  Clock Path Skew:        -0.031ns (DCD - SCD + CPR)
    Destination Clock Delay (DCD):    2.896ns = ( 36.229 - 33.333 ) 
    Source Clock Delay      (SCD):    3.255ns = ( 19.921 - 16.667 ) 
    Clock Pessimism Removal (CPR):    0.328ns
  Clock Uncertainty:      0.035ns  ((TSJ^2 + TIJ^2)^1/2 + DJ) / 2 + PE
    Total System Jitter     (TSJ):    0.071ns
    Total Input Jitter      (TIJ):    0.000ns
    Discrete Jitter          (DJ):    0.000ns
    Phase Error              (PE):    0.000ns

    Location             Delay type                Incr(ns)  Path(ns)    Netlist Resource(s)
  -------------------------------------------------------------------    -------------------
                         (clock design_1_i/mdm_1/U0/Use_E2.BSCAN_I/Use_E2.BSCANE2_I/UPDATE fall edge)
                                                     16.667    16.667 f  
    BSCAN_X0Y1           BSCANE2                      0.000    16.667 f  design_1_i/mdm_1/U0/Use_E2.BSCAN_I/Use_E2.BSCANE2_I/UPDATE
                         net (fo=1, routed)           1.593    18.260    design_1_i/mdm_1/U0/Use_E2.BSCAN_I/Dbg_Update_0
    BUFGCTRL_X0Y2        BUFG (Prop_bufg_I_O)         0.096    18.356 f  design_1_i/mdm_1/U0/Use_E2.BSCAN_I/Dbg_Update_0_BUFG_inst/O
                         net (fo=39, routed)          1.565    19.921    design_1_i/mdm_1/U0/MDM_Core_I1/JTAG_CONTROL_I/CLK
    SLICE_X42Y42         FDRE                                         r  design_1_i/mdm_1/U0/MDM_Core_I1/JTAG_CONTROL_I/Use_BSCAN.command_reg[6]/C  (IS_INVERTED)
  -------------------------------------------------------------------    -------------------
    SLICE_X42Y42         FDRE (Prop_fdre_C_Q)         0.524    20.445 r  design_1_i/mdm_1/U0/MDM_Core_I1/JTAG_CONTROL_I/Use_BSCAN.command_reg[6]/Q
                         net (fo=15, routed)          1.669    22.115    design_1_i/mdm_1/U0/MDM_Core_I1/JTAG_CONTROL_I/Use_BSCAN.FDC_I/command[6]
    SLICE_X40Y41         LUT3 (Prop_lut3_I2_O)        0.154    22.269 r  design_1_i/mdm_1/U0/MDM_Core_I1/JTAG_CONTROL_I/Use_BSCAN.FDC_I/Dbg_Reg_En_0[6]_INST_0/O
                         net (fo=8, routed)           1.143    23.411    design_1_i/microblaze_0/U0/MicroBlaze_Core_I/Performance.Core/Use_Debug_Logic.Master_Core.Debug_Perf/Dbg_Reg_En[6]
    SLICE_X40Y37         LUT5 (Prop_lut5_I2_O)        0.327    23.738 r  design_1_i/microblaze_0/U0/MicroBlaze_Core_I/Performance.Core/Use_Debug_Logic.Master_Core.Debug_Perf/Serial_Dbg_Intf.command_reg[0]_i_1/O
                         net (fo=2, routed)           0.613    24.352    design_1_i/microblaze_0/U0/MicroBlaze_Core_I/Performance.Core/Use_Debug_Logic.Master_Core.Debug_Perf/Command_Reg_En
    SLICE_X40Y33         FDCE                                         r  design_1_i/microblaze_0/U0/MicroBlaze_Core_I/Performance.Core/Use_Debug_Logic.Master_Core.Debug_Perf/Serial_Dbg_Intf.command_reg_reg[1]/CE
  -------------------------------------------------------------------    -------------------

                         (clock design_1_i/mdm_1/U0/Use_E2.BSCAN_I/Use_E2.BSCANE2_I/UPDATE rise edge)
                                                     33.333    33.333 r  
    BSCAN_X0Y1           BSCANE2                      0.000    33.333 r  design_1_i/mdm_1/U0/Use_E2.BSCAN_I/Use_E2.BSCANE2_I/UPDATE
                         net (fo=1, routed)           1.364    34.697    design_1_i/mdm_1/U0/Use_E2.BSCAN_I/Dbg_Update_0
    BUFGCTRL_X0Y2        BUFG (Prop_bufg_I_O)         0.091    34.788 r  design_1_i/mdm_1/U0/Use_E2.BSCAN_I/Dbg_Update_0_BUFG_inst/O
                         net (fo=39, routed)          1.440    36.229    design_1_i/microblaze_0/U0/MicroBlaze_Core_I/Performance.Core/Use_Debug_Logic.Master_Core.Debug_Perf/Dbg_Update
    SLICE_X40Y33         FDCE                                         r  design_1_i/microblaze_0/U0/MicroBlaze_Core_I/Performance.Core/Use_Debug_Logic.Master_Core.Debug_Perf/Serial_Dbg_Intf.command_reg_reg[1]/C
                         clock pessimism              0.328    36.557    
                         clock uncertainty           -0.035    36.521    
    SLICE_X40Y33         FDCE (Setup_fdce_C_CE)      -0.205    36.316    design_1_i/microblaze_0/U0/MicroBlaze_Core_I/Performance.Core/Use_Debug_Logic.Master_Core.Debug_Perf/Serial_Dbg_Intf.command_reg_reg[1]
  -------------------------------------------------------------------
                         required time                         36.316    
                         arrival time                         -24.352    
  -------------------------------------------------------------------
                         slack                                 11.965    





Min Delay Paths
--------------------------------------------------------------------------------------
Slack (MET) :             0.262ns  (arrival time - required time)
  Source:                 design_1_i/mdm_1/U0/MDM_Core_I1/JTAG_CONTROL_I/completion_ctrl_reg[0]/C
                            (rising edge-triggered cell FDRE clocked by design_1_i/mdm_1/U0/Use_E2.BSCAN_I/Use_E2.BSCANE2_I/UPDATE  {rise@0.000ns fall@16.667ns period=33.333ns})
  Destination:            design_1_i/mdm_1/U0/MDM_Core_I1/JTAG_CONTROL_I/completion_ctrl_reg[0]/D
                            (rising edge-triggered cell FDRE clocked by design_1_i/mdm_1/U0/Use_E2.BSCAN_I/Use_E2.BSCANE2_I/UPDATE  {rise@0.000ns fall@16.667ns period=33.333ns})
  Path Group:             design_1_i/mdm_1/U0/Use_E2.BSCAN_I/Use_E2.BSCANE2_I/UPDATE
  Path Type:              Hold (Min at Fast Process Corner)
  Requirement:            0.000ns  (design_1_i/mdm_1/U0/Use_E2.BSCAN_I/Use_E2.BSCANE2_I/UPDATE rise@0.000ns - design_1_i/mdm_1/U0/Use_E2.BSCAN_I/Use_E2.BSCANE2_I/UPDATE rise@0.000ns)
  Data Path Delay:        0.353ns  (logic 0.186ns (52.660%)  route 0.167ns (47.340%))
  Logic Levels:           1  (LUT3=1)
  Clock Path Skew:        0.000ns (DCD - SCD - CPR)
    Destination Clock Delay (DCD):    1.558ns
    Source Clock Delay      (SCD):    1.185ns
    Clock Pessimism Removal (CPR):    0.373ns

    Location             Delay type                Incr(ns)  Path(ns)    Netlist Resource(s)
  -------------------------------------------------------------------    -------------------
                         (clock design_1_i/mdm_1/U0/Use_E2.BSCAN_I/Use_E2.BSCANE2_I/UPDATE rise edge)
                                                      0.000     0.000 r  
    BSCAN_X0Y1           BSCANE2                      0.000     0.000 r  design_1_i/mdm_1/U0/Use_E2.BSCAN_I/Use_E2.BSCANE2_I/UPDATE
                         net (fo=1, routed)           0.596     0.596    design_1_i/mdm_1/U0/Use_E2.BSCAN_I/Dbg_Update_0
    BUFGCTRL_X0Y2        BUFG (Prop_bufg_I_O)         0.026     0.622 r  design_1_i/mdm_1/U0/Use_E2.BSCAN_I/Dbg_Update_0_BUFG_inst/O
                         net (fo=39, routed)          0.563     1.185    design_1_i/mdm_1/U0/MDM_Core_I1/JTAG_CONTROL_I/CLK
    SLICE_X41Y44         FDRE                                         r  design_1_i/mdm_1/U0/MDM_Core_I1/JTAG_CONTROL_I/completion_ctrl_reg[0]/C
  -------------------------------------------------------------------    -------------------
    SLICE_X41Y44         FDRE (Prop_fdre_C_Q)         0.141     1.326 r  design_1_i/mdm_1/U0/MDM_Core_I1/JTAG_CONTROL_I/completion_ctrl_reg[0]/Q
                         net (fo=2, routed)           0.167     1.493    design_1_i/mdm_1/U0/MDM_Core_I1/JTAG_CONTROL_I/Use_BSCAN.FDC_I/completion_ctrl
    SLICE_X41Y44         LUT3 (Prop_lut3_I2_O)        0.045     1.538 r  design_1_i/mdm_1/U0/MDM_Core_I1/JTAG_CONTROL_I/Use_BSCAN.FDC_I/completion_ctrl[0]_i_1/O
                         net (fo=1, routed)           0.000     1.538    design_1_i/mdm_1/U0/MDM_Core_I1/JTAG_CONTROL_I/Use_BSCAN.FDC_I_n_36
    SLICE_X41Y44         FDRE                                         r  design_1_i/mdm_1/U0/MDM_Core_I1/JTAG_CONTROL_I/completion_ctrl_reg[0]/D
  -------------------------------------------------------------------    -------------------

                         (clock design_1_i/mdm_1/U0/Use_E2.BSCAN_I/Use_E2.BSCANE2_I/UPDATE rise edge)
                                                      0.000     0.000 r  
    BSCAN_X0Y1           BSCANE2                      0.000     0.000 r  design_1_i/mdm_1/U0/Use_E2.BSCAN_I/Use_E2.BSCANE2_I/UPDATE
                         net (fo=1, routed)           0.696     0.696    design_1_i/mdm_1/U0/Use_E2.BSCAN_I/Dbg_Update_0
    BUFGCTRL_X0Y2        BUFG (Prop_bufg_I_O)         0.029     0.725 r  design_1_i/mdm_1/U0/Use_E2.BSCAN_I/Dbg_Update_0_BUFG_inst/O
                         net (fo=39, routed)          0.833     1.558    design_1_i/mdm_1/U0/MDM_Core_I1/JTAG_CONTROL_I/CLK
    SLICE_X41Y44         FDRE                                         r  design_1_i/mdm_1/U0/MDM_Core_I1/JTAG_CONTROL_I/completion_ctrl_reg[0]/C
                         clock pessimism             -0.373     1.185    
    SLICE_X41Y44         FDRE (Hold_fdre_C_D)         0.091     1.276    design_1_i/mdm_1/U0/MDM_Core_I1/JTAG_CONTROL_I/completion_ctrl_reg[0]
  -------------------------------------------------------------------
                         required time                         -1.276    
                         arrival time                           1.538    
  -------------------------------------------------------------------
                         slack                                  0.262    

Slack (MET) :             0.263ns  (arrival time - required time)
  Source:                 design_1_i/mdm_1/U0/MDM_Core_I1/JTAG_CONTROL_I/Debug_Rst_i_reg/C
                            (rising edge-triggered cell FDRE clocked by design_1_i/mdm_1/U0/Use_E2.BSCAN_I/Use_E2.BSCANE2_I/UPDATE  {rise@0.000ns fall@16.667ns period=33.333ns})
  Destination:            design_1_i/mdm_1/U0/MDM_Core_I1/JTAG_CONTROL_I/Debug_Rst_i_reg/D
                            (rising edge-triggered cell FDRE clocked by design_1_i/mdm_1/U0/Use_E2.BSCAN_I/Use_E2.BSCANE2_I/UPDATE  {rise@0.000ns fall@16.667ns period=33.333ns})
  Path Group:             design_1_i/mdm_1/U0/Use_E2.BSCAN_I/Use_E2.BSCANE2_I/UPDATE
  Path Type:              Hold (Min at Fast Process Corner)
  Requirement:            0.000ns  (design_1_i/mdm_1/U0/Use_E2.BSCAN_I/Use_E2.BSCANE2_I/UPDATE rise@0.000ns - design_1_i/mdm_1/U0/Use_E2.BSCAN_I/Use_E2.BSCANE2_I/UPDATE rise@0.000ns)
  Data Path Delay:        0.354ns  (logic 0.186ns (52.507%)  route 0.168ns (47.493%))
  Logic Levels:           1  (LUT6=1)
  Clock Path Skew:        0.000ns (DCD - SCD - CPR)
    Destination Clock Delay (DCD):    1.557ns
    Source Clock Delay      (SCD):    1.184ns
    Clock Pessimism Removal (CPR):    0.373ns

    Location             Delay type                Incr(ns)  Path(ns)    Netlist Resource(s)
  -------------------------------------------------------------------    -------------------
                         (clock design_1_i/mdm_1/U0/Use_E2.BSCAN_I/Use_E2.BSCANE2_I/UPDATE rise edge)
                                                      0.000     0.000 r  
    BSCAN_X0Y1           BSCANE2                      0.000     0.000 r  design_1_i/mdm_1/U0/Use_E2.BSCAN_I/Use_E2.BSCANE2_I/UPDATE
                         net (fo=1, routed)           0.596     0.596    design_1_i/mdm_1/U0/Use_E2.BSCAN_I/Dbg_Update_0
    BUFGCTRL_X0Y2        BUFG (Prop_bufg_I_O)         0.026     0.622 r  design_1_i/mdm_1/U0/Use_E2.BSCAN_I/Dbg_Update_0_BUFG_inst/O
                         net (fo=39, routed)          0.562     1.184    design_1_i/mdm_1/U0/MDM_Core_I1/JTAG_CONTROL_I/CLK
    SLICE_X41Y41         FDRE                                         r  design_1_i/mdm_1/U0/MDM_Core_I1/JTAG_CONTROL_I/Debug_Rst_i_reg/C
  -------------------------------------------------------------------    -------------------
    SLICE_X41Y41         FDRE (Prop_fdre_C_Q)         0.141     1.325 r  design_1_i/mdm_1/U0/MDM_Core_I1/JTAG_CONTROL_I/Debug_Rst_i_reg/Q
                         net (fo=2, routed)           0.168     1.493    design_1_i/mdm_1/U0/MDM_Core_I1/JTAG_CONTROL_I/Use_BSCAN.FDC_I/Dbg_Rst_0
    SLICE_X41Y41         LUT6 (Prop_lut6_I5_O)        0.045     1.538 r  design_1_i/mdm_1/U0/MDM_Core_I1/JTAG_CONTROL_I/Use_BSCAN.FDC_I/Debug_Rst_i_i_1/O
                         net (fo=1, routed)           0.000     1.538    design_1_i/mdm_1/U0/MDM_Core_I1/JTAG_CONTROL_I/Use_BSCAN.FDC_I_n_34
    SLICE_X41Y41         FDRE                                         r  design_1_i/mdm_1/U0/MDM_Core_I1/JTAG_CONTROL_I/Debug_Rst_i_reg/D
  -------------------------------------------------------------------    -------------------

                         (clock design_1_i/mdm_1/U0/Use_E2.BSCAN_I/Use_E2.BSCANE2_I/UPDATE rise edge)
                                                      0.000     0.000 r  
    BSCAN_X0Y1           BSCANE2                      0.000     0.000 r  design_1_i/mdm_1/U0/Use_E2.BSCAN_I/Use_E2.BSCANE2_I/UPDATE
                         net (fo=1, routed)           0.696     0.696    design_1_i/mdm_1/U0/Use_E2.BSCAN_I/Dbg_Update_0
    BUFGCTRL_X0Y2        BUFG (Prop_bufg_I_O)         0.029     0.725 r  design_1_i/mdm_1/U0/Use_E2.BSCAN_I/Dbg_Update_0_BUFG_inst/O
                         net (fo=39, routed)          0.832     1.557    design_1_i/mdm_1/U0/MDM_Core_I1/JTAG_CONTROL_I/CLK
    SLICE_X41Y41         FDRE                                         r  design_1_i/mdm_1/U0/MDM_Core_I1/JTAG_CONTROL_I/Debug_Rst_i_reg/C
                         clock pessimism             -0.373     1.184    
    SLICE_X41Y41         FDRE (Hold_fdre_C_D)         0.091     1.275    design_1_i/mdm_1/U0/MDM_Core_I1/JTAG_CONTROL_I/Debug_Rst_i_reg
  -------------------------------------------------------------------
                         required time                         -1.275    
                         arrival time                           1.538    
  -------------------------------------------------------------------
                         slack                                  0.263    

Slack (MET) :             0.325ns  (arrival time - required time)
  Source:                 design_1_i/mdm_1/U0/MDM_Core_I1/JTAG_CONTROL_I/Debug_SYS_Rst_i_reg/C
                            (rising edge-triggered cell FDRE clocked by design_1_i/mdm_1/U0/Use_E2.BSCAN_I/Use_E2.BSCANE2_I/UPDATE  {rise@0.000ns fall@16.667ns period=33.333ns})
  Destination:            design_1_i/mdm_1/U0/MDM_Core_I1/JTAG_CONTROL_I/Debug_SYS_Rst_i_reg/D
                            (rising edge-triggered cell FDRE clocked by design_1_i/mdm_1/U0/Use_E2.BSCAN_I/Use_E2.BSCANE2_I/UPDATE  {rise@0.000ns fall@16.667ns period=33.333ns})
  Path Group:             design_1_i/mdm_1/U0/Use_E2.BSCAN_I/Use_E2.BSCANE2_I/UPDATE
  Path Type:              Hold (Min at Fast Process Corner)
  Requirement:            0.000ns  (design_1_i/mdm_1/U0/Use_E2.BSCAN_I/Use_E2.BSCANE2_I/UPDATE rise@0.000ns - design_1_i/mdm_1/U0/Use_E2.BSCAN_I/Use_E2.BSCANE2_I/UPDATE rise@0.000ns)
  Data Path Delay:        0.417ns  (logic 0.186ns (44.582%)  route 0.231ns (55.418%))
  Logic Levels:           1  (LUT6=1)
  Clock Path Skew:        0.000ns (DCD - SCD - CPR)
    Destination Clock Delay (DCD):    1.557ns
    Source Clock Delay      (SCD):    1.184ns
    Clock Pessimism Removal (CPR):    0.373ns

    Location             Delay type                Incr(ns)  Path(ns)    Netlist Resource(s)
  -------------------------------------------------------------------    -------------------
                         (clock design_1_i/mdm_1/U0/Use_E2.BSCAN_I/Use_E2.BSCANE2_I/UPDATE rise edge)
                                                      0.000     0.000 r  
    BSCAN_X0Y1           BSCANE2                      0.000     0.000 r  design_1_i/mdm_1/U0/Use_E2.BSCAN_I/Use_E2.BSCANE2_I/UPDATE
                         net (fo=1, routed)           0.596     0.596    design_1_i/mdm_1/U0/Use_E2.BSCAN_I/Dbg_Update_0
    BUFGCTRL_X0Y2        BUFG (Prop_bufg_I_O)         0.026     0.622 r  design_1_i/mdm_1/U0/Use_E2.BSCAN_I/Dbg_Update_0_BUFG_inst/O
                         net (fo=39, routed)          0.562     1.184    design_1_i/mdm_1/U0/MDM_Core_I1/JTAG_CONTROL_I/CLK
    SLICE_X41Y41         FDRE                                         r  design_1_i/mdm_1/U0/MDM_Core_I1/JTAG_CONTROL_I/Debug_SYS_Rst_i_reg/C
  -------------------------------------------------------------------    -------------------
    SLICE_X41Y41         FDRE (Prop_fdre_C_Q)         0.141     1.325 r  design_1_i/mdm_1/U0/MDM_Core_I1/JTAG_CONTROL_I/Debug_SYS_Rst_i_reg/Q
                         net (fo=2, routed)           0.231     1.556    design_1_i/mdm_1/U0/MDM_Core_I1/JTAG_CONTROL_I/Use_BSCAN.FDC_I/Debug_SYS_Rst
    SLICE_X41Y41         LUT6 (Prop_lut6_I5_O)        0.045     1.601 r  design_1_i/mdm_1/U0/MDM_Core_I1/JTAG_CONTROL_I/Use_BSCAN.FDC_I/Debug_SYS_Rst_i_i_1/O
                         net (fo=1, routed)           0.000     1.601    design_1_i/mdm_1/U0/MDM_Core_I1/JTAG_CONTROL_I/Use_BSCAN.FDC_I_n_35
    SLICE_X41Y41         FDRE                                         r  design_1_i/mdm_1/U0/MDM_Core_I1/JTAG_CONTROL_I/Debug_SYS_Rst_i_reg/D
  -------------------------------------------------------------------    -------------------

                         (clock design_1_i/mdm_1/U0/Use_E2.BSCAN_I/Use_E2.BSCANE2_I/UPDATE rise edge)
                                                      0.000     0.000 r  
    BSCAN_X0Y1           BSCANE2                      0.000     0.000 r  design_1_i/mdm_1/U0/Use_E2.BSCAN_I/Use_E2.BSCANE2_I/UPDATE
                         net (fo=1, routed)           0.696     0.696    design_1_i/mdm_1/U0/Use_E2.BSCAN_I/Dbg_Update_0
    BUFGCTRL_X0Y2        BUFG (Prop_bufg_I_O)         0.029     0.725 r  design_1_i/mdm_1/U0/Use_E2.BSCAN_I/Dbg_Update_0_BUFG_inst/O
                         net (fo=39, routed)          0.832     1.557    design_1_i/mdm_1/U0/MDM_Core_I1/JTAG_CONTROL_I/CLK
    SLICE_X41Y41         FDRE                                         r  design_1_i/mdm_1/U0/MDM_Core_I1/JTAG_CONTROL_I/Debug_SYS_Rst_i_reg/C
                         clock pessimism             -0.373     1.184    
    SLICE_X41Y41         FDRE (Hold_fdre_C_D)         0.092     1.276    design_1_i/mdm_1/U0/MDM_Core_I1/JTAG_CONTROL_I/Debug_SYS_Rst_i_reg
  -------------------------------------------------------------------
                         required time                         -1.276    
                         arrival time                           1.601    
  -------------------------------------------------------------------
                         slack                                  0.325    

Slack (MET) :             0.694ns  (arrival time - required time)
  Source:                 design_1_i/mdm_1/U0/MDM_Core_I1/Use_BSCAN.PORT_Selector_reg[0]/C
                            (falling edge-triggered cell FDCE clocked by design_1_i/mdm_1/U0/Use_E2.BSCAN_I/Use_E2.BSCANE2_I/UPDATE  {rise@0.000ns fall@16.667ns period=33.333ns})
  Destination:            design_1_i/mdm_1/U0/MDM_Core_I1/JTAG_CONTROL_I/Use_BSCAN.command_reg[1]/CE
                            (falling edge-triggered cell FDRE clocked by design_1_i/mdm_1/U0/Use_E2.BSCAN_I/Use_E2.BSCANE2_I/UPDATE  {rise@0.000ns fall@16.667ns period=33.333ns})
  Path Group:             design_1_i/mdm_1/U0/Use_E2.BSCAN_I/Use_E2.BSCANE2_I/UPDATE
  Path Type:              Hold (Min at Fast Process Corner)
  Requirement:            0.000ns  (design_1_i/mdm_1/U0/Use_E2.BSCAN_I/Use_E2.BSCANE2_I/UPDATE fall@16.667ns - design_1_i/mdm_1/U0/Use_E2.BSCAN_I/Use_E2.BSCANE2_I/UPDATE fall@16.667ns)
  Data Path Delay:        0.697ns  (logic 0.191ns (27.396%)  route 0.506ns (72.603%))
  Logic Levels:           1  (LUT5=1)
  Clock Path Skew:        0.015ns (DCD - SCD - CPR)
    Destination Clock Delay (DCD):    1.557ns = ( 18.223 - 16.667 ) 
    Source Clock Delay      (SCD):    1.185ns = ( 17.851 - 16.667 ) 
    Clock Pessimism Removal (CPR):    0.357ns

    Location             Delay type                Incr(ns)  Path(ns)    Netlist Resource(s)
  -------------------------------------------------------------------    -------------------
                         (clock design_1_i/mdm_1/U0/Use_E2.BSCAN_I/Use_E2.BSCANE2_I/UPDATE fall edge)
                                                     16.667    16.667 f  
    BSCAN_X0Y1           BSCANE2                      0.000    16.667 f  design_1_i/mdm_1/U0/Use_E2.BSCAN_I/Use_E2.BSCANE2_I/UPDATE
                         net (fo=1, routed)           0.596    17.263    design_1_i/mdm_1/U0/Use_E2.BSCAN_I/Dbg_Update_0
    BUFGCTRL_X0Y2        BUFG (Prop_bufg_I_O)         0.026    17.289 f  design_1_i/mdm_1/U0/Use_E2.BSCAN_I/Dbg_Update_0_BUFG_inst/O
                         net (fo=39, routed)          0.563    17.851    design_1_i/mdm_1/U0/MDM_Core_I1/CLK
    SLICE_X43Y45         FDCE                                         r  design_1_i/mdm_1/U0/MDM_Core_I1/Use_BSCAN.PORT_Selector_reg[0]/C  (IS_INVERTED)
  -------------------------------------------------------------------    -------------------
    SLICE_X43Y45         FDCE (Prop_fdce_C_Q)         0.146    17.997 r  design_1_i/mdm_1/U0/MDM_Core_I1/Use_BSCAN.PORT_Selector_reg[0]/Q
                         net (fo=9, routed)           0.273    18.271    design_1_i/mdm_1/U0/MDM_Core_I1/JTAG_CONTROL_I/Q[0]
    SLICE_X44Y45         LUT5 (Prop_lut5_I1_O)        0.045    18.316 r  design_1_i/mdm_1/U0/MDM_Core_I1/JTAG_CONTROL_I/Use_BSCAN.command[0]_i_1/O
                         net (fo=8, routed)           0.233    18.548    design_1_i/mdm_1/U0/MDM_Core_I1/JTAG_CONTROL_I/Use_BSCAN.command[0]_i_1_n_0
    SLICE_X42Y42         FDRE                                         r  design_1_i/mdm_1/U0/MDM_Core_I1/JTAG_CONTROL_I/Use_BSCAN.command_reg[1]/CE
  -------------------------------------------------------------------    -------------------

                         (clock design_1_i/mdm_1/U0/Use_E2.BSCAN_I/Use_E2.BSCANE2_I/UPDATE fall edge)
                                                     16.667    16.667 f  
    BSCAN_X0Y1           BSCANE2                      0.000    16.667 f  design_1_i/mdm_1/U0/Use_E2.BSCAN_I/Use_E2.BSCANE2_I/UPDATE
                         net (fo=1, routed)           0.696    17.363    design_1_i/mdm_1/U0/Use_E2.BSCAN_I/Dbg_Update_0
    BUFGCTRL_X0Y2        BUFG (Prop_bufg_I_O)         0.029    17.392 f  design_1_i/mdm_1/U0/Use_E2.BSCAN_I/Dbg_Update_0_BUFG_inst/O
                         net (fo=39, routed)          0.832    18.223    design_1_i/mdm_1/U0/MDM_Core_I1/JTAG_CONTROL_I/CLK
    SLICE_X42Y42         FDRE                                         r  design_1_i/mdm_1/U0/MDM_Core_I1/JTAG_CONTROL_I/Use_BSCAN.command_reg[1]/C  (IS_INVERTED)
                         clock pessimism             -0.357    17.866    
    SLICE_X42Y42         FDRE (Hold_fdre_C_CE)       -0.012    17.854    design_1_i/mdm_1/U0/MDM_Core_I1/JTAG_CONTROL_I/Use_BSCAN.command_reg[1]
  -------------------------------------------------------------------
                         required time                        -17.854    
                         arrival time                          18.548    
  -------------------------------------------------------------------
                         slack                                  0.694    

Slack (MET) :             0.694ns  (arrival time - required time)
  Source:                 design_1_i/mdm_1/U0/MDM_Core_I1/Use_BSCAN.PORT_Selector_reg[0]/C
                            (falling edge-triggered cell FDCE clocked by design_1_i/mdm_1/U0/Use_E2.BSCAN_I/Use_E2.BSCANE2_I/UPDATE  {rise@0.000ns fall@16.667ns period=33.333ns})
  Destination:            design_1_i/mdm_1/U0/MDM_Core_I1/JTAG_CONTROL_I/Use_BSCAN.command_reg[5]/CE
                            (falling edge-triggered cell FDRE clocked by design_1_i/mdm_1/U0/Use_E2.BSCAN_I/Use_E2.BSCANE2_I/UPDATE  {rise@0.000ns fall@16.667ns period=33.333ns})
  Path Group:             design_1_i/mdm_1/U0/Use_E2.BSCAN_I/Use_E2.BSCANE2_I/UPDATE
  Path Type:              Hold (Min at Fast Process Corner)
  Requirement:            0.000ns  (design_1_i/mdm_1/U0/Use_E2.BSCAN_I/Use_E2.BSCANE2_I/UPDATE fall@16.667ns - design_1_i/mdm_1/U0/Use_E2.BSCAN_I/Use_E2.BSCANE2_I/UPDATE fall@16.667ns)
  Data Path Delay:        0.697ns  (logic 0.191ns (27.396%)  route 0.506ns (72.603%))
  Logic Levels:           1  (LUT5=1)
  Clock Path Skew:        0.015ns (DCD - SCD - CPR)
    Destination Clock Delay (DCD):    1.557ns = ( 18.223 - 16.667 ) 
    Source Clock Delay      (SCD):    1.185ns = ( 17.851 - 16.667 ) 
    Clock Pessimism Removal (CPR):    0.357ns

    Location             Delay type                Incr(ns)  Path(ns)    Netlist Resource(s)
  -------------------------------------------------------------------    -------------------
                         (clock design_1_i/mdm_1/U0/Use_E2.BSCAN_I/Use_E2.BSCANE2_I/UPDATE fall edge)
                                                     16.667    16.667 f  
    BSCAN_X0Y1           BSCANE2                      0.000    16.667 f  design_1_i/mdm_1/U0/Use_E2.BSCAN_I/Use_E2.BSCANE2_I/UPDATE
                         net (fo=1, routed)           0.596    17.263    design_1_i/mdm_1/U0/Use_E2.BSCAN_I/Dbg_Update_0
    BUFGCTRL_X0Y2        BUFG (Prop_bufg_I_O)         0.026    17.289 f  design_1_i/mdm_1/U0/Use_E2.BSCAN_I/Dbg_Update_0_BUFG_inst/O
                         net (fo=39, routed)          0.563    17.851    design_1_i/mdm_1/U0/MDM_Core_I1/CLK
    SLICE_X43Y45         FDCE                                         r  design_1_i/mdm_1/U0/MDM_Core_I1/Use_BSCAN.PORT_Selector_reg[0]/C  (IS_INVERTED)
  -------------------------------------------------------------------    -------------------
    SLICE_X43Y45         FDCE (Prop_fdce_C_Q)         0.146    17.997 r  design_1_i/mdm_1/U0/MDM_Core_I1/Use_BSCAN.PORT_Selector_reg[0]/Q
                         net (fo=9, routed)           0.273    18.271    design_1_i/mdm_1/U0/MDM_Core_I1/JTAG_CONTROL_I/Q[0]
    SLICE_X44Y45         LUT5 (Prop_lut5_I1_O)        0.045    18.316 r  design_1_i/mdm_1/U0/MDM_Core_I1/JTAG_CONTROL_I/Use_BSCAN.command[0]_i_1/O
                         net (fo=8, routed)           0.233    18.548    design_1_i/mdm_1/U0/MDM_Core_I1/JTAG_CONTROL_I/Use_BSCAN.command[0]_i_1_n_0
    SLICE_X42Y42         FDRE                                         r  design_1_i/mdm_1/U0/MDM_Core_I1/JTAG_CONTROL_I/Use_BSCAN.command_reg[5]/CE
  -------------------------------------------------------------------    -------------------

                         (clock design_1_i/mdm_1/U0/Use_E2.BSCAN_I/Use_E2.BSCANE2_I/UPDATE fall edge)
                                                     16.667    16.667 f  
    BSCAN_X0Y1           BSCANE2                      0.000    16.667 f  design_1_i/mdm_1/U0/Use_E2.BSCAN_I/Use_E2.BSCANE2_I/UPDATE
                         net (fo=1, routed)           0.696    17.363    design_1_i/mdm_1/U0/Use_E2.BSCAN_I/Dbg_Update_0
    BUFGCTRL_X0Y2        BUFG (Prop_bufg_I_O)         0.029    17.392 f  design_1_i/mdm_1/U0/Use_E2.BSCAN_I/Dbg_Update_0_BUFG_inst/O
                         net (fo=39, routed)          0.832    18.223    design_1_i/mdm_1/U0/MDM_Core_I1/JTAG_CONTROL_I/CLK
    SLICE_X42Y42         FDRE                                         r  design_1_i/mdm_1/U0/MDM_Core_I1/JTAG_CONTROL_I/Use_BSCAN.command_reg[5]/C  (IS_INVERTED)
                         clock pessimism             -0.357    17.866    
    SLICE_X42Y42         FDRE (Hold_fdre_C_CE)       -0.012    17.854    design_1_i/mdm_1/U0/MDM_Core_I1/JTAG_CONTROL_I/Use_BSCAN.command_reg[5]
  -------------------------------------------------------------------
                         required time                        -17.854    
                         arrival time                          18.548    
  -------------------------------------------------------------------
                         slack                                  0.694    

Slack (MET) :             0.694ns  (arrival time - required time)
  Source:                 design_1_i/mdm_1/U0/MDM_Core_I1/Use_BSCAN.PORT_Selector_reg[0]/C
                            (falling edge-triggered cell FDCE clocked by design_1_i/mdm_1/U0/Use_E2.BSCAN_I/Use_E2.BSCANE2_I/UPDATE  {rise@0.000ns fall@16.667ns period=33.333ns})
  Destination:            design_1_i/mdm_1/U0/MDM_Core_I1/JTAG_CONTROL_I/Use_BSCAN.command_reg[6]/CE
                            (falling edge-triggered cell FDRE clocked by design_1_i/mdm_1/U0/Use_E2.BSCAN_I/Use_E2.BSCANE2_I/UPDATE  {rise@0.000ns fall@16.667ns period=33.333ns})
  Path Group:             design_1_i/mdm_1/U0/Use_E2.BSCAN_I/Use_E2.BSCANE2_I/UPDATE
  Path Type:              Hold (Min at Fast Process Corner)
  Requirement:            0.000ns  (design_1_i/mdm_1/U0/Use_E2.BSCAN_I/Use_E2.BSCANE2_I/UPDATE fall@16.667ns - design_1_i/mdm_1/U0/Use_E2.BSCAN_I/Use_E2.BSCANE2_I/UPDATE fall@16.667ns)
  Data Path Delay:        0.697ns  (logic 0.191ns (27.396%)  route 0.506ns (72.603%))
  Logic Levels:           1  (LUT5=1)
  Clock Path Skew:        0.015ns (DCD - SCD - CPR)
    Destination Clock Delay (DCD):    1.557ns = ( 18.223 - 16.667 ) 
    Source Clock Delay      (SCD):    1.185ns = ( 17.851 - 16.667 ) 
    Clock Pessimism Removal (CPR):    0.357ns

    Location             Delay type                Incr(ns)  Path(ns)    Netlist Resource(s)
  -------------------------------------------------------------------    -------------------
                         (clock design_1_i/mdm_1/U0/Use_E2.BSCAN_I/Use_E2.BSCANE2_I/UPDATE fall edge)
                                                     16.667    16.667 f  
    BSCAN_X0Y1           BSCANE2                      0.000    16.667 f  design_1_i/mdm_1/U0/Use_E2.BSCAN_I/Use_E2.BSCANE2_I/UPDATE
                         net (fo=1, routed)           0.596    17.263    design_1_i/mdm_1/U0/Use_E2.BSCAN_I/Dbg_Update_0
    BUFGCTRL_X0Y2        BUFG (Prop_bufg_I_O)         0.026    17.289 f  design_1_i/mdm_1/U0/Use_E2.BSCAN_I/Dbg_Update_0_BUFG_inst/O
                         net (fo=39, routed)          0.563    17.851    design_1_i/mdm_1/U0/MDM_Core_I1/CLK
    SLICE_X43Y45         FDCE                                         r  design_1_i/mdm_1/U0/MDM_Core_I1/Use_BSCAN.PORT_Selector_reg[0]/C  (IS_INVERTED)
  -------------------------------------------------------------------    -------------------
    SLICE_X43Y45         FDCE (Prop_fdce_C_Q)         0.146    17.997 r  design_1_i/mdm_1/U0/MDM_Core_I1/Use_BSCAN.PORT_Selector_reg[0]/Q
                         net (fo=9, routed)           0.273    18.271    design_1_i/mdm_1/U0/MDM_Core_I1/JTAG_CONTROL_I/Q[0]
    SLICE_X44Y45         LUT5 (Prop_lut5_I1_O)        0.045    18.316 r  design_1_i/mdm_1/U0/MDM_Core_I1/JTAG_CONTROL_I/Use_BSCAN.command[0]_i_1/O
                         net (fo=8, routed)           0.233    18.548    design_1_i/mdm_1/U0/MDM_Core_I1/JTAG_CONTROL_I/Use_BSCAN.command[0]_i_1_n_0
    SLICE_X42Y42         FDRE                                         r  design_1_i/mdm_1/U0/MDM_Core_I1/JTAG_CONTROL_I/Use_BSCAN.command_reg[6]/CE
  -------------------------------------------------------------------    -------------------

                         (clock design_1_i/mdm_1/U0/Use_E2.BSCAN_I/Use_E2.BSCANE2_I/UPDATE fall edge)
                                                     16.667    16.667 f  
    BSCAN_X0Y1           BSCANE2                      0.000    16.667 f  design_1_i/mdm_1/U0/Use_E2.BSCAN_I/Use_E2.BSCANE2_I/UPDATE
                         net (fo=1, routed)           0.696    17.363    design_1_i/mdm_1/U0/Use_E2.BSCAN_I/Dbg_Update_0
    BUFGCTRL_X0Y2        BUFG (Prop_bufg_I_O)         0.029    17.392 f  design_1_i/mdm_1/U0/Use_E2.BSCAN_I/Dbg_Update_0_BUFG_inst/O
                         net (fo=39, routed)          0.832    18.223    design_1_i/mdm_1/U0/MDM_Core_I1/JTAG_CONTROL_I/CLK
    SLICE_X42Y42         FDRE                                         r  design_1_i/mdm_1/U0/MDM_Core_I1/JTAG_CONTROL_I/Use_BSCAN.command_reg[6]/C  (IS_INVERTED)
                         clock pessimism             -0.357    17.866    
    SLICE_X42Y42         FDRE (Hold_fdre_C_CE)       -0.012    17.854    design_1_i/mdm_1/U0/MDM_Core_I1/JTAG_CONTROL_I/Use_BSCAN.command_reg[6]
  -------------------------------------------------------------------
                         required time                        -17.854    
                         arrival time                          18.548    
  -------------------------------------------------------------------
                         slack                                  0.694    

Slack (MET) :             0.694ns  (arrival time - required time)
  Source:                 design_1_i/mdm_1/U0/MDM_Core_I1/Use_BSCAN.PORT_Selector_reg[0]/C
                            (falling edge-triggered cell FDCE clocked by design_1_i/mdm_1/U0/Use_E2.BSCAN_I/Use_E2.BSCANE2_I/UPDATE  {rise@0.000ns fall@16.667ns period=33.333ns})
  Destination:            design_1_i/mdm_1/U0/MDM_Core_I1/JTAG_CONTROL_I/Use_BSCAN.command_reg[7]/CE
                            (falling edge-triggered cell FDRE clocked by design_1_i/mdm_1/U0/Use_E2.BSCAN_I/Use_E2.BSCANE2_I/UPDATE  {rise@0.000ns fall@16.667ns period=33.333ns})
  Path Group:             design_1_i/mdm_1/U0/Use_E2.BSCAN_I/Use_E2.BSCANE2_I/UPDATE
  Path Type:              Hold (Min at Fast Process Corner)
  Requirement:            0.000ns  (design_1_i/mdm_1/U0/Use_E2.BSCAN_I/Use_E2.BSCANE2_I/UPDATE fall@16.667ns - design_1_i/mdm_1/U0/Use_E2.BSCAN_I/Use_E2.BSCANE2_I/UPDATE fall@16.667ns)
  Data Path Delay:        0.697ns  (logic 0.191ns (27.396%)  route 0.506ns (72.603%))
  Logic Levels:           1  (LUT5=1)
  Clock Path Skew:        0.015ns (DCD - SCD - CPR)
    Destination Clock Delay (DCD):    1.557ns = ( 18.223 - 16.667 ) 
    Source Clock Delay      (SCD):    1.185ns = ( 17.851 - 16.667 ) 
    Clock Pessimism Removal (CPR):    0.357ns

    Location             Delay type                Incr(ns)  Path(ns)    Netlist Resource(s)
  -------------------------------------------------------------------    -------------------
                         (clock design_1_i/mdm_1/U0/Use_E2.BSCAN_I/Use_E2.BSCANE2_I/UPDATE fall edge)
                                                     16.667    16.667 f  
    BSCAN_X0Y1           BSCANE2                      0.000    16.667 f  design_1_i/mdm_1/U0/Use_E2.BSCAN_I/Use_E2.BSCANE2_I/UPDATE
                         net (fo=1, routed)           0.596    17.263    design_1_i/mdm_1/U0/Use_E2.BSCAN_I/Dbg_Update_0
    BUFGCTRL_X0Y2        BUFG (Prop_bufg_I_O)         0.026    17.289 f  design_1_i/mdm_1/U0/Use_E2.BSCAN_I/Dbg_Update_0_BUFG_inst/O
                         net (fo=39, routed)          0.563    17.851    design_1_i/mdm_1/U0/MDM_Core_I1/CLK
    SLICE_X43Y45         FDCE                                         r  design_1_i/mdm_1/U0/MDM_Core_I1/Use_BSCAN.PORT_Selector_reg[0]/C  (IS_INVERTED)
  -------------------------------------------------------------------    -------------------
    SLICE_X43Y45         FDCE (Prop_fdce_C_Q)         0.146    17.997 r  design_1_i/mdm_1/U0/MDM_Core_I1/Use_BSCAN.PORT_Selector_reg[0]/Q
                         net (fo=9, routed)           0.273    18.271    design_1_i/mdm_1/U0/MDM_Core_I1/JTAG_CONTROL_I/Q[0]
    SLICE_X44Y45         LUT5 (Prop_lut5_I1_O)        0.045    18.316 r  design_1_i/mdm_1/U0/MDM_Core_I1/JTAG_CONTROL_I/Use_BSCAN.command[0]_i_1/O
                         net (fo=8, routed)           0.233    18.548    design_1_i/mdm_1/U0/MDM_Core_I1/JTAG_CONTROL_I/Use_BSCAN.command[0]_i_1_n_0
    SLICE_X42Y42         FDRE                                         r  design_1_i/mdm_1/U0/MDM_Core_I1/JTAG_CONTROL_I/Use_BSCAN.command_reg[7]/CE
  -------------------------------------------------------------------    -------------------

                         (clock design_1_i/mdm_1/U0/Use_E2.BSCAN_I/Use_E2.BSCANE2_I/UPDATE fall edge)
                                                     16.667    16.667 f  
    BSCAN_X0Y1           BSCANE2                      0.000    16.667 f  design_1_i/mdm_1/U0/Use_E2.BSCAN_I/Use_E2.BSCANE2_I/UPDATE
                         net (fo=1, routed)           0.696    17.363    design_1_i/mdm_1/U0/Use_E2.BSCAN_I/Dbg_Update_0
    BUFGCTRL_X0Y2        BUFG (Prop_bufg_I_O)         0.029    17.392 f  design_1_i/mdm_1/U0/Use_E2.BSCAN_I/Dbg_Update_0_BUFG_inst/O
                         net (fo=39, routed)          0.832    18.223    design_1_i/mdm_1/U0/MDM_Core_I1/JTAG_CONTROL_I/CLK
    SLICE_X42Y42         FDRE                                         r  design_1_i/mdm_1/U0/MDM_Core_I1/JTAG_CONTROL_I/Use_BSCAN.command_reg[7]/C  (IS_INVERTED)
                         clock pessimism             -0.357    17.866    
    SLICE_X42Y42         FDRE (Hold_fdre_C_CE)       -0.012    17.854    design_1_i/mdm_1/U0/MDM_Core_I1/JTAG_CONTROL_I/Use_BSCAN.command_reg[7]
  -------------------------------------------------------------------
                         required time                        -17.854    
                         arrival time                          18.548    
  -------------------------------------------------------------------
                         slack                                  0.694    

Slack (MET) :             0.714ns  (arrival time - required time)
  Source:                 design_1_i/mdm_1/U0/MDM_Core_I1/Use_BSCAN.PORT_Selector_reg[0]/C
                            (falling edge-triggered cell FDCE clocked by design_1_i/mdm_1/U0/Use_E2.BSCAN_I/Use_E2.BSCANE2_I/UPDATE  {rise@0.000ns fall@16.667ns period=33.333ns})
  Destination:            design_1_i/mdm_1/U0/MDM_Core_I1/JTAG_CONTROL_I/Use_BSCAN.command_reg[0]/CE
                            (falling edge-triggered cell FDRE clocked by design_1_i/mdm_1/U0/Use_E2.BSCAN_I/Use_E2.BSCANE2_I/UPDATE  {rise@0.000ns fall@16.667ns period=33.333ns})
  Path Group:             design_1_i/mdm_1/U0/Use_E2.BSCAN_I/Use_E2.BSCANE2_I/UPDATE
  Path Type:              Hold (Min at Fast Process Corner)
  Requirement:            0.000ns  (design_1_i/mdm_1/U0/Use_E2.BSCAN_I/Use_E2.BSCANE2_I/UPDATE fall@16.667ns - design_1_i/mdm_1/U0/Use_E2.BSCAN_I/Use_E2.BSCANE2_I/UPDATE fall@16.667ns)
  Data Path Delay:        0.697ns  (logic 0.191ns (27.396%)  route 0.506ns (72.603%))
  Logic Levels:           1  (LUT5=1)
  Clock Path Skew:        0.015ns (DCD - SCD - CPR)
    Destination Clock Delay (DCD):    1.557ns = ( 18.223 - 16.667 ) 
    Source Clock Delay      (SCD):    1.185ns = ( 17.851 - 16.667 ) 
    Clock Pessimism Removal (CPR):    0.357ns

    Location             Delay type                Incr(ns)  Path(ns)    Netlist Resource(s)
  -------------------------------------------------------------------    -------------------
                         (clock design_1_i/mdm_1/U0/Use_E2.BSCAN_I/Use_E2.BSCANE2_I/UPDATE fall edge)
                                                     16.667    16.667 f  
    BSCAN_X0Y1           BSCANE2                      0.000    16.667 f  design_1_i/mdm_1/U0/Use_E2.BSCAN_I/Use_E2.BSCANE2_I/UPDATE
                         net (fo=1, routed)           0.596    17.263    design_1_i/mdm_1/U0/Use_E2.BSCAN_I/Dbg_Update_0
    BUFGCTRL_X0Y2        BUFG (Prop_bufg_I_O)         0.026    17.289 f  design_1_i/mdm_1/U0/Use_E2.BSCAN_I/Dbg_Update_0_BUFG_inst/O
                         net (fo=39, routed)          0.563    17.851    design_1_i/mdm_1/U0/MDM_Core_I1/CLK
    SLICE_X43Y45         FDCE                                         r  design_1_i/mdm_1/U0/MDM_Core_I1/Use_BSCAN.PORT_Selector_reg[0]/C  (IS_INVERTED)
  -------------------------------------------------------------------    -------------------
    SLICE_X43Y45         FDCE (Prop_fdce_C_Q)         0.146    17.997 r  design_1_i/mdm_1/U0/MDM_Core_I1/Use_BSCAN.PORT_Selector_reg[0]/Q
                         net (fo=9, routed)           0.273    18.271    design_1_i/mdm_1/U0/MDM_Core_I1/JTAG_CONTROL_I/Q[0]
    SLICE_X44Y45         LUT5 (Prop_lut5_I1_O)        0.045    18.316 r  design_1_i/mdm_1/U0/MDM_Core_I1/JTAG_CONTROL_I/Use_BSCAN.command[0]_i_1/O
                         net (fo=8, routed)           0.233    18.548    design_1_i/mdm_1/U0/MDM_Core_I1/JTAG_CONTROL_I/Use_BSCAN.command[0]_i_1_n_0
    SLICE_X43Y42         FDRE                                         r  design_1_i/mdm_1/U0/MDM_Core_I1/JTAG_CONTROL_I/Use_BSCAN.command_reg[0]/CE
  -------------------------------------------------------------------    -------------------

                         (clock design_1_i/mdm_1/U0/Use_E2.BSCAN_I/Use_E2.BSCANE2_I/UPDATE fall edge)
                                                     16.667    16.667 f  
    BSCAN_X0Y1           BSCANE2                      0.000    16.667 f  design_1_i/mdm_1/U0/Use_E2.BSCAN_I/Use_E2.BSCANE2_I/UPDATE
                         net (fo=1, routed)           0.696    17.363    design_1_i/mdm_1/U0/Use_E2.BSCAN_I/Dbg_Update_0
    BUFGCTRL_X0Y2        BUFG (Prop_bufg_I_O)         0.029    17.392 f  design_1_i/mdm_1/U0/Use_E2.BSCAN_I/Dbg_Update_0_BUFG_inst/O
                         net (fo=39, routed)          0.832    18.223    design_1_i/mdm_1/U0/MDM_Core_I1/JTAG_CONTROL_I/CLK
    SLICE_X43Y42         FDRE                                         r  design_1_i/mdm_1/U0/MDM_Core_I1/JTAG_CONTROL_I/Use_BSCAN.command_reg[0]/C  (IS_INVERTED)
                         clock pessimism             -0.357    17.866    
    SLICE_X43Y42         FDRE (Hold_fdre_C_CE)       -0.032    17.834    design_1_i/mdm_1/U0/MDM_Core_I1/JTAG_CONTROL_I/Use_BSCAN.command_reg[0]
  -------------------------------------------------------------------
                         required time                        -17.834    
                         arrival time                          18.548    
  -------------------------------------------------------------------
                         slack                                  0.714    

Slack (MET) :             0.714ns  (arrival time - required time)
  Source:                 design_1_i/mdm_1/U0/MDM_Core_I1/Use_BSCAN.PORT_Selector_reg[0]/C
                            (falling edge-triggered cell FDCE clocked by design_1_i/mdm_1/U0/Use_E2.BSCAN_I/Use_E2.BSCANE2_I/UPDATE  {rise@0.000ns fall@16.667ns period=33.333ns})
  Destination:            design_1_i/mdm_1/U0/MDM_Core_I1/JTAG_CONTROL_I/Use_BSCAN.command_reg[2]/CE
                            (falling edge-triggered cell FDRE clocked by design_1_i/mdm_1/U0/Use_E2.BSCAN_I/Use_E2.BSCANE2_I/UPDATE  {rise@0.000ns fall@16.667ns period=33.333ns})
  Path Group:             design_1_i/mdm_1/U0/Use_E2.BSCAN_I/Use_E2.BSCANE2_I/UPDATE
  Path Type:              Hold (Min at Fast Process Corner)
  Requirement:            0.000ns  (design_1_i/mdm_1/U0/Use_E2.BSCAN_I/Use_E2.BSCANE2_I/UPDATE fall@16.667ns - design_1_i/mdm_1/U0/Use_E2.BSCAN_I/Use_E2.BSCANE2_I/UPDATE fall@16.667ns)
  Data Path Delay:        0.697ns  (logic 0.191ns (27.396%)  route 0.506ns (72.603%))
  Logic Levels:           1  (LUT5=1)
  Clock Path Skew:        0.015ns (DCD - SCD - CPR)
    Destination Clock Delay (DCD):    1.557ns = ( 18.223 - 16.667 ) 
    Source Clock Delay      (SCD):    1.185ns = ( 17.851 - 16.667 ) 
    Clock Pessimism Removal (CPR):    0.357ns

    Location             Delay type                Incr(ns)  Path(ns)    Netlist Resource(s)
  -------------------------------------------------------------------    -------------------
                         (clock design_1_i/mdm_1/U0/Use_E2.BSCAN_I/Use_E2.BSCANE2_I/UPDATE fall edge)
                                                     16.667    16.667 f  
    BSCAN_X0Y1           BSCANE2                      0.000    16.667 f  design_1_i/mdm_1/U0/Use_E2.BSCAN_I/Use_E2.BSCANE2_I/UPDATE
                         net (fo=1, routed)           0.596    17.263    design_1_i/mdm_1/U0/Use_E2.BSCAN_I/Dbg_Update_0
    BUFGCTRL_X0Y2        BUFG (Prop_bufg_I_O)         0.026    17.289 f  design_1_i/mdm_1/U0/Use_E2.BSCAN_I/Dbg_Update_0_BUFG_inst/O
                         net (fo=39, routed)          0.563    17.851    design_1_i/mdm_1/U0/MDM_Core_I1/CLK
    SLICE_X43Y45         FDCE                                         r  design_1_i/mdm_1/U0/MDM_Core_I1/Use_BSCAN.PORT_Selector_reg[0]/C  (IS_INVERTED)
  -------------------------------------------------------------------    -------------------
    SLICE_X43Y45         FDCE (Prop_fdce_C_Q)         0.146    17.997 r  design_1_i/mdm_1/U0/MDM_Core_I1/Use_BSCAN.PORT_Selector_reg[0]/Q
                         net (fo=9, routed)           0.273    18.271    design_1_i/mdm_1/U0/MDM_Core_I1/JTAG_CONTROL_I/Q[0]
    SLICE_X44Y45         LUT5 (Prop_lut5_I1_O)        0.045    18.316 r  design_1_i/mdm_1/U0/MDM_Core_I1/JTAG_CONTROL_I/Use_BSCAN.command[0]_i_1/O
                         net (fo=8, routed)           0.233    18.548    design_1_i/mdm_1/U0/MDM_Core_I1/JTAG_CONTROL_I/Use_BSCAN.command[0]_i_1_n_0
    SLICE_X43Y42         FDRE                                         r  design_1_i/mdm_1/U0/MDM_Core_I1/JTAG_CONTROL_I/Use_BSCAN.command_reg[2]/CE
  -------------------------------------------------------------------    -------------------

                         (clock design_1_i/mdm_1/U0/Use_E2.BSCAN_I/Use_E2.BSCANE2_I/UPDATE fall edge)
                                                     16.667    16.667 f  
    BSCAN_X0Y1           BSCANE2                      0.000    16.667 f  design_1_i/mdm_1/U0/Use_E2.BSCAN_I/Use_E2.BSCANE2_I/UPDATE
                         net (fo=1, routed)           0.696    17.363    design_1_i/mdm_1/U0/Use_E2.BSCAN_I/Dbg_Update_0
    BUFGCTRL_X0Y2        BUFG (Prop_bufg_I_O)         0.029    17.392 f  design_1_i/mdm_1/U0/Use_E2.BSCAN_I/Dbg_Update_0_BUFG_inst/O
                         net (fo=39, routed)          0.832    18.223    design_1_i/mdm_1/U0/MDM_Core_I1/JTAG_CONTROL_I/CLK
    SLICE_X43Y42         FDRE                                         r  design_1_i/mdm_1/U0/MDM_Core_I1/JTAG_CONTROL_I/Use_BSCAN.command_reg[2]/C  (IS_INVERTED)
                         clock pessimism             -0.357    17.866    
    SLICE_X43Y42         FDRE (Hold_fdre_C_CE)       -0.032    17.834    design_1_i/mdm_1/U0/MDM_Core_I1/JTAG_CONTROL_I/Use_BSCAN.command_reg[2]
  -------------------------------------------------------------------
                         required time                        -17.834    
                         arrival time                          18.548    
  -------------------------------------------------------------------
                         slack                                  0.714    

Slack (MET) :             0.714ns  (arrival time - required time)
  Source:                 design_1_i/mdm_1/U0/MDM_Core_I1/Use_BSCAN.PORT_Selector_reg[0]/C
                            (falling edge-triggered cell FDCE clocked by design_1_i/mdm_1/U0/Use_E2.BSCAN_I/Use_E2.BSCANE2_I/UPDATE  {rise@0.000ns fall@16.667ns period=33.333ns})
  Destination:            design_1_i/mdm_1/U0/MDM_Core_I1/JTAG_CONTROL_I/Use_BSCAN.command_reg[3]/CE
                            (falling edge-triggered cell FDRE clocked by design_1_i/mdm_1/U0/Use_E2.BSCAN_I/Use_E2.BSCANE2_I/UPDATE  {rise@0.000ns fall@16.667ns period=33.333ns})
  Path Group:             design_1_i/mdm_1/U0/Use_E2.BSCAN_I/Use_E2.BSCANE2_I/UPDATE
  Path Type:              Hold (Min at Fast Process Corner)
  Requirement:            0.000ns  (design_1_i/mdm_1/U0/Use_E2.BSCAN_I/Use_E2.BSCANE2_I/UPDATE fall@16.667ns - design_1_i/mdm_1/U0/Use_E2.BSCAN_I/Use_E2.BSCANE2_I/UPDATE fall@16.667ns)
  Data Path Delay:        0.697ns  (logic 0.191ns (27.396%)  route 0.506ns (72.603%))
  Logic Levels:           1  (LUT5=1)
  Clock Path Skew:        0.015ns (DCD - SCD - CPR)
    Destination Clock Delay (DCD):    1.557ns = ( 18.223 - 16.667 ) 
    Source Clock Delay      (SCD):    1.185ns = ( 17.851 - 16.667 ) 
    Clock Pessimism Removal (CPR):    0.357ns

    Location             Delay type                Incr(ns)  Path(ns)    Netlist Resource(s)
  -------------------------------------------------------------------    -------------------
                         (clock design_1_i/mdm_1/U0/Use_E2.BSCAN_I/Use_E2.BSCANE2_I/UPDATE fall edge)
                                                     16.667    16.667 f  
    BSCAN_X0Y1           BSCANE2                      0.000    16.667 f  design_1_i/mdm_1/U0/Use_E2.BSCAN_I/Use_E2.BSCANE2_I/UPDATE
                         net (fo=1, routed)           0.596    17.263    design_1_i/mdm_1/U0/Use_E2.BSCAN_I/Dbg_Update_0
    BUFGCTRL_X0Y2        BUFG (Prop_bufg_I_O)         0.026    17.289 f  design_1_i/mdm_1/U0/Use_E2.BSCAN_I/Dbg_Update_0_BUFG_inst/O
                         net (fo=39, routed)          0.563    17.851    design_1_i/mdm_1/U0/MDM_Core_I1/CLK
    SLICE_X43Y45         FDCE                                         r  design_1_i/mdm_1/U0/MDM_Core_I1/Use_BSCAN.PORT_Selector_reg[0]/C  (IS_INVERTED)
  -------------------------------------------------------------------    -------------------
    SLICE_X43Y45         FDCE (Prop_fdce_C_Q)         0.146    17.997 r  design_1_i/mdm_1/U0/MDM_Core_I1/Use_BSCAN.PORT_Selector_reg[0]/Q
                         net (fo=9, routed)           0.273    18.271    design_1_i/mdm_1/U0/MDM_Core_I1/JTAG_CONTROL_I/Q[0]
    SLICE_X44Y45         LUT5 (Prop_lut5_I1_O)        0.045    18.316 r  design_1_i/mdm_1/U0/MDM_Core_I1/JTAG_CONTROL_I/Use_BSCAN.command[0]_i_1/O
                         net (fo=8, routed)           0.233    18.548    design_1_i/mdm_1/U0/MDM_Core_I1/JTAG_CONTROL_I/Use_BSCAN.command[0]_i_1_n_0
    SLICE_X43Y42         FDRE                                         r  design_1_i/mdm_1/U0/MDM_Core_I1/JTAG_CONTROL_I/Use_BSCAN.command_reg[3]/CE
  -------------------------------------------------------------------    -------------------

                         (clock design_1_i/mdm_1/U0/Use_E2.BSCAN_I/Use_E2.BSCANE2_I/UPDATE fall edge)
                                                     16.667    16.667 f  
    BSCAN_X0Y1           BSCANE2                      0.000    16.667 f  design_1_i/mdm_1/U0/Use_E2.BSCAN_I/Use_E2.BSCANE2_I/UPDATE
                         net (fo=1, routed)           0.696    17.363    design_1_i/mdm_1/U0/Use_E2.BSCAN_I/Dbg_Update_0
    BUFGCTRL_X0Y2        BUFG (Prop_bufg_I_O)         0.029    17.392 f  design_1_i/mdm_1/U0/Use_E2.BSCAN_I/Dbg_Update_0_BUFG_inst/O
                         net (fo=39, routed)          0.832    18.223    design_1_i/mdm_1/U0/MDM_Core_I1/JTAG_CONTROL_I/CLK
    SLICE_X43Y42         FDRE                                         r  design_1_i/mdm_1/U0/MDM_Core_I1/JTAG_CONTROL_I/Use_BSCAN.command_reg[3]/C  (IS_INVERTED)
                         clock pessimism             -0.357    17.866    
    SLICE_X43Y42         FDRE (Hold_fdre_C_CE)       -0.032    17.834    design_1_i/mdm_1/U0/MDM_Core_I1/JTAG_CONTROL_I/Use_BSCAN.command_reg[3]
  -------------------------------------------------------------------
                         required time                        -17.834    
                         arrival time                          18.548    
  -------------------------------------------------------------------
                         slack                                  0.714    





Pulse Width Checks
--------------------------------------------------------------------------------------
Clock Name:         design_1_i/mdm_1/U0/Use_E2.BSCAN_I/Use_E2.BSCANE2_I/UPDATE
Waveform(ns):       { 0.000 16.667 }
Period(ns):         33.333
Sources:            { design_1_i/mdm_1/U0/Use_E2.BSCAN_I/Use_E2.BSCANE2_I/UPDATE }

Check Type        Corner  Lib Pin  Reference Pin  Required(ns)  Actual(ns)  Slack(ns)  Location       Pin
Min Period        n/a     BUFG/I   n/a            2.155         33.333      31.178     BUFGCTRL_X0Y2  design_1_i/mdm_1/U0/Use_E2.BSCAN_I/Dbg_Update_0_BUFG_inst/I
Min Period        n/a     FDRE/C   n/a            1.000         33.333      32.333     SLICE_X41Y41   design_1_i/mdm_1/U0/MDM_Core_I1/JTAG_CONTROL_I/Debug_Rst_i_reg/C
Min Period        n/a     FDRE/C   n/a            1.000         33.333      32.333     SLICE_X41Y41   design_1_i/mdm_1/U0/MDM_Core_I1/JTAG_CONTROL_I/Debug_SYS_Rst_i_reg/C
Min Period        n/a     FDCE/C   n/a            1.000         33.333      32.333     SLICE_X43Y44   design_1_i/mdm_1/U0/MDM_Core_I1/JTAG_CONTROL_I/Use_BSCAN.FDC_I/Using_FPGA.Native/C
Min Period        n/a     FDRE/C   n/a            1.000         33.333      32.333     SLICE_X43Y42   design_1_i/mdm_1/U0/MDM_Core_I1/JTAG_CONTROL_I/Use_BSCAN.command_reg[0]/C
Min Period        n/a     FDRE/C   n/a            1.000         33.333      32.333     SLICE_X42Y42   design_1_i/mdm_1/U0/MDM_Core_I1/JTAG_CONTROL_I/Use_BSCAN.command_reg[1]/C
Min Period        n/a     FDRE/C   n/a            1.000         33.333      32.333     SLICE_X43Y42   design_1_i/mdm_1/U0/MDM_Core_I1/JTAG_CONTROL_I/Use_BSCAN.command_reg[2]/C
Min Period        n/a     FDRE/C   n/a            1.000         33.333      32.333     SLICE_X43Y42   design_1_i/mdm_1/U0/MDM_Core_I1/JTAG_CONTROL_I/Use_BSCAN.command_reg[3]/C
Min Period        n/a     FDRE/C   n/a            1.000         33.333      32.333     SLICE_X43Y42   design_1_i/mdm_1/U0/MDM_Core_I1/JTAG_CONTROL_I/Use_BSCAN.command_reg[4]/C
Min Period        n/a     FDRE/C   n/a            1.000         33.333      32.333     SLICE_X42Y42   design_1_i/mdm_1/U0/MDM_Core_I1/JTAG_CONTROL_I/Use_BSCAN.command_reg[5]/C
Low Pulse Width   Fast    FDRE/C   n/a            0.500         16.666      16.166     SLICE_X41Y41   design_1_i/mdm_1/U0/MDM_Core_I1/JTAG_CONTROL_I/Debug_Rst_i_reg/C
Low Pulse Width   Fast    FDRE/C   n/a            0.500         16.666      16.166     SLICE_X41Y41   design_1_i/mdm_1/U0/MDM_Core_I1/JTAG_CONTROL_I/Debug_SYS_Rst_i_reg/C
Low Pulse Width   Fast    FDRE/C   n/a            0.500         16.666      16.166     SLICE_X41Y42   design_1_i/mdm_1/U0/MDM_Core_I1/JTAG_CONTROL_I/command_1_reg[0]/C
Low Pulse Width   Fast    FDRE/C   n/a            0.500         16.666      16.166     SLICE_X41Y42   design_1_i/mdm_1/U0/MDM_Core_I1/JTAG_CONTROL_I/command_1_reg[1]/C
Low Pulse Width   Slow    FDRE/C   n/a            0.500         16.666      16.166     SLICE_X45Y42   design_1_i/mdm_1/U0/MDM_Core_I1/JTAG_CONTROL_I/command_1_reg[2]/C
Low Pulse Width   Slow    FDRE/C   n/a            0.500         16.666      16.166     SLICE_X45Y42   design_1_i/mdm_1/U0/MDM_Core_I1/JTAG_CONTROL_I/command_1_reg[3]/C
Low Pulse Width   Slow    FDRE/C   n/a            0.500         16.666      16.166     SLICE_X45Y42   design_1_i/mdm_1/U0/MDM_Core_I1/JTAG_CONTROL_I/command_1_reg[4]/C
Low Pulse Width   Fast    FDRE/C   n/a            0.500         16.666      16.166     SLICE_X41Y42   design_1_i/mdm_1/U0/MDM_Core_I1/JTAG_CONTROL_I/command_1_reg[5]/C
Low Pulse Width   Fast    FDRE/C   n/a            0.500         16.666      16.166     SLICE_X41Y42   design_1_i/mdm_1/U0/MDM_Core_I1/JTAG_CONTROL_I/command_1_reg[6]/C
Low Pulse Width   Fast    FDRE/C   n/a            0.500         16.666      16.166     SLICE_X41Y42   design_1_i/mdm_1/U0/MDM_Core_I1/JTAG_CONTROL_I/command_1_reg[7]/C
High Pulse Width  Slow    FDCE/C   n/a            0.500         16.666      16.166     SLICE_X43Y44   design_1_i/mdm_1/U0/MDM_Core_I1/JTAG_CONTROL_I/Use_BSCAN.FDC_I/Using_FPGA.Native/C
High Pulse Width  Fast    FDRE/C   n/a            0.500         16.666      16.166     SLICE_X43Y42   design_1_i/mdm_1/U0/MDM_Core_I1/JTAG_CONTROL_I/Use_BSCAN.command_reg[0]/C
High Pulse Width  Fast    FDRE/C   n/a            0.500         16.666      16.166     SLICE_X42Y42   design_1_i/mdm_1/U0/MDM_Core_I1/JTAG_CONTROL_I/Use_BSCAN.command_reg[1]/C
High Pulse Width  Fast    FDRE/C   n/a            0.500         16.666      16.166     SLICE_X43Y42   design_1_i/mdm_1/U0/MDM_Core_I1/JTAG_CONTROL_I/Use_BSCAN.command_reg[2]/C
High Pulse Width  Fast    FDRE/C   n/a            0.500         16.666      16.166     SLICE_X43Y42   design_1_i/mdm_1/U0/MDM_Core_I1/JTAG_CONTROL_I/Use_BSCAN.command_reg[3]/C
High Pulse Width  Fast    FDRE/C   n/a            0.500         16.666      16.166     SLICE_X43Y42   design_1_i/mdm_1/U0/MDM_Core_I1/JTAG_CONTROL_I/Use_BSCAN.command_reg[4]/C
High Pulse Width  Fast    FDRE/C   n/a            0.500         16.666      16.166     SLICE_X42Y42   design_1_i/mdm_1/U0/MDM_Core_I1/JTAG_CONTROL_I/Use_BSCAN.command_reg[5]/C
High Pulse Width  Fast    FDRE/C   n/a            0.500         16.666      16.166     SLICE_X42Y42   design_1_i/mdm_1/U0/MDM_Core_I1/JTAG_CONTROL_I/Use_BSCAN.command_reg[6]/C
High Pulse Width  Fast    FDRE/C   n/a            0.500         16.666      16.166     SLICE_X42Y42   design_1_i/mdm_1/U0/MDM_Core_I1/JTAG_CONTROL_I/Use_BSCAN.command_reg[7]/C
High Pulse Width  Slow    FDCE/C   n/a            0.500         16.666      16.166     SLICE_X43Y45   design_1_i/mdm_1/U0/MDM_Core_I1/Use_BSCAN.PORT_Selector_reg[0]/C



---------------------------------------------------------------------------------------------------
From Clock:  sys_clk_pin
  To Clock:  sys_clk_pin

Setup :           NA  Failing Endpoints,  Worst Slack           NA  ,  Total Violation           NA
Hold  :           NA  Failing Endpoints,  Worst Slack           NA  ,  Total Violation           NA
PW    :            0  Failing Endpoints,  Worst Slack        3.000ns,  Total Violation        0.000ns
---------------------------------------------------------------------------------------------------


Pulse Width Checks
--------------------------------------------------------------------------------------
Clock Name:         sys_clk_pin
Waveform(ns):       { 0.000 5.000 }
Period(ns):         10.000
Sources:            { sys_clock }

Check Type        Corner  Lib Pin            Reference Pin  Required(ns)  Actual(ns)  Slack(ns)  Location         Pin
Min Period        n/a     MMCME2_ADV/CLKIN1  n/a            1.249         10.000      8.751      MMCME2_ADV_X1Y0  design_1_i/clk_wiz_1/inst/mmcm_adv_inst/CLKIN1
Max Period        n/a     MMCME2_ADV/CLKIN1  n/a            100.000       10.000      90.000     MMCME2_ADV_X1Y0  design_1_i/clk_wiz_1/inst/mmcm_adv_inst/CLKIN1
Low Pulse Width   Fast    MMCME2_ADV/CLKIN1  n/a            2.000         5.000       3.000      MMCME2_ADV_X1Y0  design_1_i/clk_wiz_1/inst/mmcm_adv_inst/CLKIN1
Low Pulse Width   Slow    MMCME2_ADV/CLKIN1  n/a            2.000         5.000       3.000      MMCME2_ADV_X1Y0  design_1_i/clk_wiz_1/inst/mmcm_adv_inst/CLKIN1
High Pulse Width  Slow    MMCME2_ADV/CLKIN1  n/a            2.000         5.000       3.000      MMCME2_ADV_X1Y0  design_1_i/clk_wiz_1/inst/mmcm_adv_inst/CLKIN1
High Pulse Width  Fast    MMCME2_ADV/CLKIN1  n/a            2.000         5.000       3.000      MMCME2_ADV_X1Y0  design_1_i/clk_wiz_1/inst/mmcm_adv_inst/CLKIN1



---------------------------------------------------------------------------------------------------
From Clock:  clk_out1_design_1_clk_wiz_1_0_1
  To Clock:  clk_out1_design_1_clk_wiz_1_0_1

Setup :            0  Failing Endpoints,  Worst Slack        1.514ns,  Total Violation        0.000ns
Hold  :            0  Failing Endpoints,  Worst Slack        0.109ns,  Total Violation        0.000ns
PW    :            0  Failing Endpoints,  Worst Slack        3.750ns,  Total Violation        0.000ns
---------------------------------------------------------------------------------------------------


Max Delay Paths
--------------------------------------------------------------------------------------
Slack (MET) :             1.514ns  (required time - arrival time)
  Source:                 design_1_i/microblaze_0/U0/MicroBlaze_Core_I/Performance.Core/Data_Flow_I/Operand_Select_I/EX_Branch_CMP_Op1_reg[24]/C
                            (rising edge-triggered cell FDRE clocked by clk_out1_design_1_clk_wiz_1_0_1  {rise@0.000ns fall@5.000ns period=10.000ns})
  Destination:            design_1_i/microblaze_0_local_memory/lmb_bram/U0/inst_blk_mem_gen/gnbram.gnative_mem_map_bmg.native_mem_map_blk_mem_gen/valid.cstr/ramloop[2].ram.r/prim_noinit.ram/DEVICE_7SERIES.WITH_BMM_INFO.TRUE_DP.SIMPLE_PRIM36.TDP_SP36_NO_ECC_ATTR.ram/ADDRBWRADDR[12]
                            (rising edge-triggered cell RAMB36E1 clocked by clk_out1_design_1_clk_wiz_1_0_1  {rise@0.000ns fall@5.000ns period=10.000ns})
  Path Group:             clk_out1_design_1_clk_wiz_1_0_1
  Path Type:              Setup (Max at Slow Process Corner)
  Requirement:            10.000ns  (clk_out1_design_1_clk_wiz_1_0_1 rise@10.000ns - clk_out1_design_1_clk_wiz_1_0_1 rise@0.000ns)
  Data Path Delay:        7.565ns  (logic 2.051ns (27.113%)  route 5.514ns (72.887%))
  Logic Levels:           5  (CARRY4=3 LUT3=1 LUT6=1)
  Clock Path Skew:        -0.074ns (DCD - SCD + CPR)
    Destination Clock Delay (DCD):    -1.513ns = ( 8.487 - 10.000 ) 
    Source Clock Delay      (SCD):    -0.956ns
    Clock Pessimism Removal (CPR):    0.484ns
  Clock Uncertainty:      0.074ns  ((TSJ^2 + DJ^2)^1/2) / 2 + PE
    Total System Jitter     (TSJ):    0.071ns
    Discrete Jitter          (DJ):    0.129ns
    Phase Error              (PE):    0.000ns

    Location             Delay type                Incr(ns)  Path(ns)    Netlist Resource(s)
  -------------------------------------------------------------------    -------------------
                         (clock clk_out1_design_1_clk_wiz_1_0_1 rise edge)
                                                      0.000     0.000 r  
    W5                                                0.000     0.000 r  sys_clock (IN)
                         net (fo=0)                   0.000     0.000    design_1_i/clk_wiz_1/inst/clk_in1
    W5                   IBUF (Prop_ibuf_I_O)         1.458     1.458 r  design_1_i/clk_wiz_1/inst/clkin1_ibufg/O
                         net (fo=1, routed)           1.233     2.691    design_1_i/clk_wiz_1/inst/clk_in1_design_1_clk_wiz_1_0
    MMCME2_ADV_X1Y0      MMCME2_ADV (Prop_mmcme2_adv_CLKIN1_CLKOUT0)
                                                     -6.961    -4.269 r  design_1_i/clk_wiz_1/inst/mmcm_adv_inst/CLKOUT0
                         net (fo=1, routed)           1.661    -2.608    design_1_i/clk_wiz_1/inst/clk_out1_design_1_clk_wiz_1_0
    BUFGCTRL_X0Y0        BUFG (Prop_bufg_I_O)         0.096    -2.512 r  design_1_i/clk_wiz_1/inst/clkout1_buf/O
                         net (fo=1479, routed)        1.556    -0.956    design_1_i/microblaze_0/U0/MicroBlaze_Core_I/Performance.Core/Data_Flow_I/Operand_Select_I/Clk
    SLICE_X49Y21         FDRE                                         r  design_1_i/microblaze_0/U0/MicroBlaze_Core_I/Performance.Core/Data_Flow_I/Operand_Select_I/EX_Branch_CMP_Op1_reg[24]/C
  -------------------------------------------------------------------    -------------------
    SLICE_X49Y21         FDRE (Prop_fdre_C_Q)         0.419    -0.537 f  design_1_i/microblaze_0/U0/MicroBlaze_Core_I/Performance.Core/Data_Flow_I/Operand_Select_I/EX_Branch_CMP_Op1_reg[24]/Q
                         net (fo=1, routed)           1.283     0.747    design_1_i/microblaze_0/U0/MicroBlaze_Core_I/Performance.Core/Data_Flow_I/Zero_Detect_I/Q[5]
    SLICE_X47Y26         LUT6 (Prop_lut6_I1_O)        0.299     1.046 r  design_1_i/microblaze_0/U0/MicroBlaze_Core_I/Performance.Core/Data_Flow_I/Zero_Detect_I/S0_inferred__0/i_/O
                         net (fo=1, routed)           0.000     1.046    design_1_i/microblaze_0/U0/MicroBlaze_Core_I/Performance.Core/Data_Flow_I/Zero_Detect_I/Zero_Detecting[3].I_Part_Of_Zero_Detect/lopt_2
    SLICE_X47Y26         CARRY4 (Prop_carry4_S[1]_CO[3])
                                                      0.550     1.596 r  design_1_i/microblaze_0/U0/MicroBlaze_Core_I/Performance.Core/Data_Flow_I/Zero_Detect_I/Zero_Detecting[3].I_Part_Of_Zero_Detect/Using_FPGA.Native_CARRY4/CO[3]
                         net (fo=1, routed)           0.000     1.596    design_1_i/microblaze_0/U0/MicroBlaze_Core_I/Performance.Core/Decode_I/jump_logic_I1/MUXCY_JUMP_CARRY2/jump_carry1
    SLICE_X47Y27         CARRY4 (Prop_carry4_CI_CO[3])
                                                      0.114     1.710 r  design_1_i/microblaze_0/U0/MicroBlaze_Core_I/Performance.Core/Decode_I/jump_logic_I1/MUXCY_JUMP_CARRY2/Using_FPGA.Native_CARRY4/CO[3]
                         net (fo=1, routed)           0.000     1.710    design_1_i/microblaze_0/U0/MicroBlaze_Core_I/Performance.Core/Decode_I/jump_logic_I1/MUXCY_JUMP_CARRY6/jump_carry5
    SLICE_X47Y28         CARRY4 (Prop_carry4_CI_CO[0])
                                                      0.271     1.981 r  design_1_i/microblaze_0/U0/MicroBlaze_Core_I/Performance.Core/Decode_I/jump_logic_I1/MUXCY_JUMP_CARRY6/Using_FPGA.Native_CARRY4/CO[0]
                         net (fo=46, routed)          1.532     3.513    design_1_i/microblaze_0/U0/MicroBlaze_Core_I/Performance.Core/Decode_I/jump_logic_I1/MUXCY_JUMP_CARRY6/in0
    SLICE_X51Y23         LUT3 (Prop_lut3_I1_O)        0.398     3.911 r  design_1_i/microblaze_0/U0/MicroBlaze_Core_I/Performance.Core/Decode_I/jump_logic_I1/MUXCY_JUMP_CARRY6/Instr_Addr[17]_INST_0/O
                         net (fo=33, routed)          2.698     6.609    design_1_i/microblaze_0_local_memory/lmb_bram/U0/inst_blk_mem_gen/gnbram.gnative_mem_map_bmg.native_mem_map_blk_mem_gen/valid.cstr/ramloop[2].ram.r/prim_noinit.ram/addrb[12]
    RAMB36_X0Y11         RAMB36E1                                     r  design_1_i/microblaze_0_local_memory/lmb_bram/U0/inst_blk_mem_gen/gnbram.gnative_mem_map_bmg.native_mem_map_blk_mem_gen/valid.cstr/ramloop[2].ram.r/prim_noinit.ram/DEVICE_7SERIES.WITH_BMM_INFO.TRUE_DP.SIMPLE_PRIM36.TDP_SP36_NO_ECC_ATTR.ram/ADDRBWRADDR[12]
  -------------------------------------------------------------------    -------------------

                         (clock clk_out1_design_1_clk_wiz_1_0_1 rise edge)
                                                     10.000    10.000 r  
    W5                                                0.000    10.000 r  sys_clock (IN)
                         net (fo=0)                   0.000    10.000    design_1_i/clk_wiz_1/inst/clk_in1
    W5                   IBUF (Prop_ibuf_I_O)         1.388    11.388 r  design_1_i/clk_wiz_1/inst/clkin1_ibufg/O
                         net (fo=1, routed)           1.162    12.550    design_1_i/clk_wiz_1/inst/clk_in1_design_1_clk_wiz_1_0
    MMCME2_ADV_X1Y0      MMCME2_ADV (Prop_mmcme2_adv_CLKIN1_CLKOUT0)
                                                     -7.217     5.332 r  design_1_i/clk_wiz_1/inst/mmcm_adv_inst/CLKOUT0
                         net (fo=1, routed)           1.581     6.914    design_1_i/clk_wiz_1/inst/clk_out1_design_1_clk_wiz_1_0
    BUFGCTRL_X0Y0        BUFG (Prop_bufg_I_O)         0.091     7.005 r  design_1_i/clk_wiz_1/inst/clkout1_buf/O
                         net (fo=1479, routed)        1.482     8.487    design_1_i/microblaze_0_local_memory/lmb_bram/U0/inst_blk_mem_gen/gnbram.gnative_mem_map_bmg.native_mem_map_blk_mem_gen/valid.cstr/ramloop[2].ram.r/prim_noinit.ram/clkb
    RAMB36_X0Y11         RAMB36E1                                     r  design_1_i/microblaze_0_local_memory/lmb_bram/U0/inst_blk_mem_gen/gnbram.gnative_mem_map_bmg.native_mem_map_blk_mem_gen/valid.cstr/ramloop[2].ram.r/prim_noinit.ram/DEVICE_7SERIES.WITH_BMM_INFO.TRUE_DP.SIMPLE_PRIM36.TDP_SP36_NO_ECC_ATTR.ram/CLKBWRCLK
                         clock pessimism              0.484     8.970    
                         clock uncertainty           -0.074     8.897    
    RAMB36_X0Y11         RAMB36E1 (Setup_ramb36e1_CLKBWRCLK_ADDRBWRADDR[12])
                                                     -0.774     8.123    design_1_i/microblaze_0_local_memory/lmb_bram/U0/inst_blk_mem_gen/gnbram.gnative_mem_map_bmg.native_mem_map_blk_mem_gen/valid.cstr/ramloop[2].ram.r/prim_noinit.ram/DEVICE_7SERIES.WITH_BMM_INFO.TRUE_DP.SIMPLE_PRIM36.TDP_SP36_NO_ECC_ATTR.ram
  -------------------------------------------------------------------
                         required time                          8.123    
                         arrival time                          -6.609    
  -------------------------------------------------------------------
                         slack                                  1.514    

Slack (MET) :             1.536ns  (required time - arrival time)
  Source:                 design_1_i/microblaze_0/U0/MicroBlaze_Core_I/Performance.Core/Data_Flow_I/Operand_Select_I/EX_Branch_CMP_Op1_reg[24]/C
                            (rising edge-triggered cell FDRE clocked by clk_out1_design_1_clk_wiz_1_0_1  {rise@0.000ns fall@5.000ns period=10.000ns})
  Destination:            design_1_i/microblaze_0_local_memory/lmb_bram/U0/inst_blk_mem_gen/gnbram.gnative_mem_map_bmg.native_mem_map_blk_mem_gen/valid.cstr/ramloop[2].ram.r/prim_noinit.ram/DEVICE_7SERIES.WITH_BMM_INFO.TRUE_DP.SIMPLE_PRIM36.TDP_SP36_NO_ECC_ATTR.ram/ADDRBWRADDR[13]
                            (rising edge-triggered cell RAMB36E1 clocked by clk_out1_design_1_clk_wiz_1_0_1  {rise@0.000ns fall@5.000ns period=10.000ns})
  Path Group:             clk_out1_design_1_clk_wiz_1_0_1
  Path Type:              Setup (Max at Slow Process Corner)
  Requirement:            10.000ns  (clk_out1_design_1_clk_wiz_1_0_1 rise@10.000ns - clk_out1_design_1_clk_wiz_1_0_1 rise@0.000ns)
  Data Path Delay:        7.751ns  (logic 2.026ns (26.140%)  route 5.725ns (73.860%))
  Logic Levels:           5  (CARRY4=3 LUT3=1 LUT6=1)
  Clock Path Skew:        -0.074ns (DCD - SCD + CPR)
    Destination Clock Delay (DCD):    -1.513ns = ( 8.487 - 10.000 ) 
    Source Clock Delay      (SCD):    -0.956ns
    Clock Pessimism Removal (CPR):    0.484ns
  Clock Uncertainty:      0.074ns  ((TSJ^2 + DJ^2)^1/2) / 2 + PE
    Total System Jitter     (TSJ):    0.071ns
    Discrete Jitter          (DJ):    0.129ns
    Phase Error              (PE):    0.000ns

    Location             Delay type                Incr(ns)  Path(ns)    Netlist Resource(s)
  -------------------------------------------------------------------    -------------------
                         (clock clk_out1_design_1_clk_wiz_1_0_1 rise edge)
                                                      0.000     0.000 r  
    W5                                                0.000     0.000 r  sys_clock (IN)
                         net (fo=0)                   0.000     0.000    design_1_i/clk_wiz_1/inst/clk_in1
    W5                   IBUF (Prop_ibuf_I_O)         1.458     1.458 r  design_1_i/clk_wiz_1/inst/clkin1_ibufg/O
                         net (fo=1, routed)           1.233     2.691    design_1_i/clk_wiz_1/inst/clk_in1_design_1_clk_wiz_1_0
    MMCME2_ADV_X1Y0      MMCME2_ADV (Prop_mmcme2_adv_CLKIN1_CLKOUT0)
                                                     -6.961    -4.269 r  design_1_i/clk_wiz_1/inst/mmcm_adv_inst/CLKOUT0
                         net (fo=1, routed)           1.661    -2.608    design_1_i/clk_wiz_1/inst/clk_out1_design_1_clk_wiz_1_0
    BUFGCTRL_X0Y0        BUFG (Prop_bufg_I_O)         0.096    -2.512 r  design_1_i/clk_wiz_1/inst/clkout1_buf/O
                         net (fo=1479, routed)        1.556    -0.956    design_1_i/microblaze_0/U0/MicroBlaze_Core_I/Performance.Core/Data_Flow_I/Operand_Select_I/Clk
    SLICE_X49Y21         FDRE                                         r  design_1_i/microblaze_0/U0/MicroBlaze_Core_I/Performance.Core/Data_Flow_I/Operand_Select_I/EX_Branch_CMP_Op1_reg[24]/C
  -------------------------------------------------------------------    -------------------
    SLICE_X49Y21         FDRE (Prop_fdre_C_Q)         0.419    -0.537 f  design_1_i/microblaze_0/U0/MicroBlaze_Core_I/Performance.Core/Data_Flow_I/Operand_Select_I/EX_Branch_CMP_Op1_reg[24]/Q
                         net (fo=1, routed)           1.283     0.747    design_1_i/microblaze_0/U0/MicroBlaze_Core_I/Performance.Core/Data_Flow_I/Zero_Detect_I/Q[5]
    SLICE_X47Y26         LUT6 (Prop_lut6_I1_O)        0.299     1.046 r  design_1_i/microblaze_0/U0/MicroBlaze_Core_I/Performance.Core/Data_Flow_I/Zero_Detect_I/S0_inferred__0/i_/O
                         net (fo=1, routed)           0.000     1.046    design_1_i/microblaze_0/U0/MicroBlaze_Core_I/Performance.Core/Data_Flow_I/Zero_Detect_I/Zero_Detecting[3].I_Part_Of_Zero_Detect/lopt_2
    SLICE_X47Y26         CARRY4 (Prop_carry4_S[1]_CO[3])
                                                      0.550     1.596 r  design_1_i/microblaze_0/U0/MicroBlaze_Core_I/Performance.Core/Data_Flow_I/Zero_Detect_I/Zero_Detecting[3].I_Part_Of_Zero_Detect/Using_FPGA.Native_CARRY4/CO[3]
                         net (fo=1, routed)           0.000     1.596    design_1_i/microblaze_0/U0/MicroBlaze_Core_I/Performance.Core/Decode_I/jump_logic_I1/MUXCY_JUMP_CARRY2/jump_carry1
    SLICE_X47Y27         CARRY4 (Prop_carry4_CI_CO[3])
                                                      0.114     1.710 r  design_1_i/microblaze_0/U0/MicroBlaze_Core_I/Performance.Core/Decode_I/jump_logic_I1/MUXCY_JUMP_CARRY2/Using_FPGA.Native_CARRY4/CO[3]
                         net (fo=1, routed)           0.000     1.710    design_1_i/microblaze_0/U0/MicroBlaze_Core_I/Performance.Core/Decode_I/jump_logic_I1/MUXCY_JUMP_CARRY6/jump_carry5
    SLICE_X47Y28         CARRY4 (Prop_carry4_CI_CO[0])
                                                      0.271     1.981 r  design_1_i/microblaze_0/U0/MicroBlaze_Core_I/Performance.Core/Decode_I/jump_logic_I1/MUXCY_JUMP_CARRY6/Using_FPGA.Native_CARRY4/CO[0]
                         net (fo=46, routed)          1.532     3.513    design_1_i/microblaze_0/U0/MicroBlaze_Core_I/Performance.Core/Decode_I/jump_logic_I1/MUXCY_JUMP_CARRY6/in0
    SLICE_X51Y23         LUT3 (Prop_lut3_I1_O)        0.373     3.886 r  design_1_i/microblaze_0/U0/MicroBlaze_Core_I/Performance.Core/Decode_I/jump_logic_I1/MUXCY_JUMP_CARRY6/Instr_Addr[16]_INST_0/O
                         net (fo=33, routed)          2.909     6.795    design_1_i/microblaze_0_local_memory/lmb_bram/U0/inst_blk_mem_gen/gnbram.gnative_mem_map_bmg.native_mem_map_blk_mem_gen/valid.cstr/ramloop[2].ram.r/prim_noinit.ram/addrb[13]
    RAMB36_X0Y11         RAMB36E1                                     r  design_1_i/microblaze_0_local_memory/lmb_bram/U0/inst_blk_mem_gen/gnbram.gnative_mem_map_bmg.native_mem_map_blk_mem_gen/valid.cstr/ramloop[2].ram.r/prim_noinit.ram/DEVICE_7SERIES.WITH_BMM_INFO.TRUE_DP.SIMPLE_PRIM36.TDP_SP36_NO_ECC_ATTR.ram/ADDRBWRADDR[13]
  -------------------------------------------------------------------    -------------------

                         (clock clk_out1_design_1_clk_wiz_1_0_1 rise edge)
                                                     10.000    10.000 r  
    W5                                                0.000    10.000 r  sys_clock (IN)
                         net (fo=0)                   0.000    10.000    design_1_i/clk_wiz_1/inst/clk_in1
    W5                   IBUF (Prop_ibuf_I_O)         1.388    11.388 r  design_1_i/clk_wiz_1/inst/clkin1_ibufg/O
                         net (fo=1, routed)           1.162    12.550    design_1_i/clk_wiz_1/inst/clk_in1_design_1_clk_wiz_1_0
    MMCME2_ADV_X1Y0      MMCME2_ADV (Prop_mmcme2_adv_CLKIN1_CLKOUT0)
                                                     -7.217     5.332 r  design_1_i/clk_wiz_1/inst/mmcm_adv_inst/CLKOUT0
                         net (fo=1, routed)           1.581     6.914    design_1_i/clk_wiz_1/inst/clk_out1_design_1_clk_wiz_1_0
    BUFGCTRL_X0Y0        BUFG (Prop_bufg_I_O)         0.091     7.005 r  design_1_i/clk_wiz_1/inst/clkout1_buf/O
                         net (fo=1479, routed)        1.482     8.487    design_1_i/microblaze_0_local_memory/lmb_bram/U0/inst_blk_mem_gen/gnbram.gnative_mem_map_bmg.native_mem_map_blk_mem_gen/valid.cstr/ramloop[2].ram.r/prim_noinit.ram/clkb
    RAMB36_X0Y11         RAMB36E1                                     r  design_1_i/microblaze_0_local_memory/lmb_bram/U0/inst_blk_mem_gen/gnbram.gnative_mem_map_bmg.native_mem_map_blk_mem_gen/valid.cstr/ramloop[2].ram.r/prim_noinit.ram/DEVICE_7SERIES.WITH_BMM_INFO.TRUE_DP.SIMPLE_PRIM36.TDP_SP36_NO_ECC_ATTR.ram/CLKBWRCLK
                         clock pessimism              0.484     8.970    
                         clock uncertainty           -0.074     8.897    
    RAMB36_X0Y11         RAMB36E1 (Setup_ramb36e1_CLKBWRCLK_ADDRBWRADDR[13])
                                                     -0.566     8.331    design_1_i/microblaze_0_local_memory/lmb_bram/U0/inst_blk_mem_gen/gnbram.gnative_mem_map_bmg.native_mem_map_blk_mem_gen/valid.cstr/ramloop[2].ram.r/prim_noinit.ram/DEVICE_7SERIES.WITH_BMM_INFO.TRUE_DP.SIMPLE_PRIM36.TDP_SP36_NO_ECC_ATTR.ram
  -------------------------------------------------------------------
                         required time                          8.331    
                         arrival time                          -6.795    
  -------------------------------------------------------------------
                         slack                                  1.536    

Slack (MET) :             1.545ns  (required time - arrival time)
  Source:                 design_1_i/microblaze_0/U0/MicroBlaze_Core_I/Performance.Core/Data_Flow_I/Operand_Select_I/EX_Branch_CMP_Op1_reg[24]/C
                            (rising edge-triggered cell FDRE clocked by clk_out1_design_1_clk_wiz_1_0_1  {rise@0.000ns fall@5.000ns period=10.000ns})
  Destination:            design_1_i/microblaze_0_local_memory/lmb_bram/U0/inst_blk_mem_gen/gnbram.gnative_mem_map_bmg.native_mem_map_blk_mem_gen/valid.cstr/ramloop[2].ram.r/prim_noinit.ram/DEVICE_7SERIES.WITH_BMM_INFO.TRUE_DP.SIMPLE_PRIM36.TDP_SP36_NO_ECC_ATTR.ram/ADDRBWRADDR[6]
                            (rising edge-triggered cell RAMB36E1 clocked by clk_out1_design_1_clk_wiz_1_0_1  {rise@0.000ns fall@5.000ns period=10.000ns})
  Path Group:             clk_out1_design_1_clk_wiz_1_0_1
  Path Type:              Setup (Max at Slow Process Corner)
  Requirement:            10.000ns  (clk_out1_design_1_clk_wiz_1_0_1 rise@10.000ns - clk_out1_design_1_clk_wiz_1_0_1 rise@0.000ns)
  Data Path Delay:        7.533ns  (logic 2.054ns (27.266%)  route 5.479ns (72.734%))
  Logic Levels:           5  (CARRY4=3 LUT3=1 LUT6=1)
  Clock Path Skew:        -0.074ns (DCD - SCD + CPR)
    Destination Clock Delay (DCD):    -1.513ns = ( 8.487 - 10.000 ) 
    Source Clock Delay      (SCD):    -0.956ns
    Clock Pessimism Removal (CPR):    0.484ns
  Clock Uncertainty:      0.074ns  ((TSJ^2 + DJ^2)^1/2) / 2 + PE
    Total System Jitter     (TSJ):    0.071ns
    Discrete Jitter          (DJ):    0.129ns
    Phase Error              (PE):    0.000ns

    Location             Delay type                Incr(ns)  Path(ns)    Netlist Resource(s)
  -------------------------------------------------------------------    -------------------
                         (clock clk_out1_design_1_clk_wiz_1_0_1 rise edge)
                                                      0.000     0.000 r  
    W5                                                0.000     0.000 r  sys_clock (IN)
                         net (fo=0)                   0.000     0.000    design_1_i/clk_wiz_1/inst/clk_in1
    W5                   IBUF (Prop_ibuf_I_O)         1.458     1.458 r  design_1_i/clk_wiz_1/inst/clkin1_ibufg/O
                         net (fo=1, routed)           1.233     2.691    design_1_i/clk_wiz_1/inst/clk_in1_design_1_clk_wiz_1_0
    MMCME2_ADV_X1Y0      MMCME2_ADV (Prop_mmcme2_adv_CLKIN1_CLKOUT0)
                                                     -6.961    -4.269 r  design_1_i/clk_wiz_1/inst/mmcm_adv_inst/CLKOUT0
                         net (fo=1, routed)           1.661    -2.608    design_1_i/clk_wiz_1/inst/clk_out1_design_1_clk_wiz_1_0
    BUFGCTRL_X0Y0        BUFG (Prop_bufg_I_O)         0.096    -2.512 r  design_1_i/clk_wiz_1/inst/clkout1_buf/O
                         net (fo=1479, routed)        1.556    -0.956    design_1_i/microblaze_0/U0/MicroBlaze_Core_I/Performance.Core/Data_Flow_I/Operand_Select_I/Clk
    SLICE_X49Y21         FDRE                                         r  design_1_i/microblaze_0/U0/MicroBlaze_Core_I/Performance.Core/Data_Flow_I/Operand_Select_I/EX_Branch_CMP_Op1_reg[24]/C
  -------------------------------------------------------------------    -------------------
    SLICE_X49Y21         FDRE (Prop_fdre_C_Q)         0.419    -0.537 f  design_1_i/microblaze_0/U0/MicroBlaze_Core_I/Performance.Core/Data_Flow_I/Operand_Select_I/EX_Branch_CMP_Op1_reg[24]/Q
                         net (fo=1, routed)           1.283     0.747    design_1_i/microblaze_0/U0/MicroBlaze_Core_I/Performance.Core/Data_Flow_I/Zero_Detect_I/Q[5]
    SLICE_X47Y26         LUT6 (Prop_lut6_I1_O)        0.299     1.046 r  design_1_i/microblaze_0/U0/MicroBlaze_Core_I/Performance.Core/Data_Flow_I/Zero_Detect_I/S0_inferred__0/i_/O
                         net (fo=1, routed)           0.000     1.046    design_1_i/microblaze_0/U0/MicroBlaze_Core_I/Performance.Core/Data_Flow_I/Zero_Detect_I/Zero_Detecting[3].I_Part_Of_Zero_Detect/lopt_2
    SLICE_X47Y26         CARRY4 (Prop_carry4_S[1]_CO[3])
                                                      0.550     1.596 r  design_1_i/microblaze_0/U0/MicroBlaze_Core_I/Performance.Core/Data_Flow_I/Zero_Detect_I/Zero_Detecting[3].I_Part_Of_Zero_Detect/Using_FPGA.Native_CARRY4/CO[3]
                         net (fo=1, routed)           0.000     1.596    design_1_i/microblaze_0/U0/MicroBlaze_Core_I/Performance.Core/Decode_I/jump_logic_I1/MUXCY_JUMP_CARRY2/jump_carry1
    SLICE_X47Y27         CARRY4 (Prop_carry4_CI_CO[3])
                                                      0.114     1.710 r  design_1_i/microblaze_0/U0/MicroBlaze_Core_I/Performance.Core/Decode_I/jump_logic_I1/MUXCY_JUMP_CARRY2/Using_FPGA.Native_CARRY4/CO[3]
                         net (fo=1, routed)           0.000     1.710    design_1_i/microblaze_0/U0/MicroBlaze_Core_I/Performance.Core/Decode_I/jump_logic_I1/MUXCY_JUMP_CARRY6/jump_carry5
    SLICE_X47Y28         CARRY4 (Prop_carry4_CI_CO[0])
                                                      0.271     1.981 r  design_1_i/microblaze_0/U0/MicroBlaze_Core_I/Performance.Core/Decode_I/jump_logic_I1/MUXCY_JUMP_CARRY6/Using_FPGA.Native_CARRY4/CO[0]
                         net (fo=46, routed)          1.359     3.340    design_1_i/microblaze_0/U0/MicroBlaze_Core_I/Performance.Core/Decode_I/jump_logic_I1/MUXCY_JUMP_CARRY6/in0
    SLICE_X51Y21         LUT3 (Prop_lut3_I1_O)        0.401     3.741 r  design_1_i/microblaze_0/U0/MicroBlaze_Core_I/Performance.Core/Decode_I/jump_logic_I1/MUXCY_JUMP_CARRY6/Instr_Addr[23]_INST_0/O
                         net (fo=33, routed)          2.837     6.578    design_1_i/microblaze_0_local_memory/lmb_bram/U0/inst_blk_mem_gen/gnbram.gnative_mem_map_bmg.native_mem_map_blk_mem_gen/valid.cstr/ramloop[2].ram.r/prim_noinit.ram/addrb[6]
    RAMB36_X0Y11         RAMB36E1                                     r  design_1_i/microblaze_0_local_memory/lmb_bram/U0/inst_blk_mem_gen/gnbram.gnative_mem_map_bmg.native_mem_map_blk_mem_gen/valid.cstr/ramloop[2].ram.r/prim_noinit.ram/DEVICE_7SERIES.WITH_BMM_INFO.TRUE_DP.SIMPLE_PRIM36.TDP_SP36_NO_ECC_ATTR.ram/ADDRBWRADDR[6]
  -------------------------------------------------------------------    -------------------

                         (clock clk_out1_design_1_clk_wiz_1_0_1 rise edge)
                                                     10.000    10.000 r  
    W5                                                0.000    10.000 r  sys_clock (IN)
                         net (fo=0)                   0.000    10.000    design_1_i/clk_wiz_1/inst/clk_in1
    W5                   IBUF (Prop_ibuf_I_O)         1.388    11.388 r  design_1_i/clk_wiz_1/inst/clkin1_ibufg/O
                         net (fo=1, routed)           1.162    12.550    design_1_i/clk_wiz_1/inst/clk_in1_design_1_clk_wiz_1_0
    MMCME2_ADV_X1Y0      MMCME2_ADV (Prop_mmcme2_adv_CLKIN1_CLKOUT0)
                                                     -7.217     5.332 r  design_1_i/clk_wiz_1/inst/mmcm_adv_inst/CLKOUT0
                         net (fo=1, routed)           1.581     6.914    design_1_i/clk_wiz_1/inst/clk_out1_design_1_clk_wiz_1_0
    BUFGCTRL_X0Y0        BUFG (Prop_bufg_I_O)         0.091     7.005 r  design_1_i/clk_wiz_1/inst/clkout1_buf/O
                         net (fo=1479, routed)        1.482     8.487    design_1_i/microblaze_0_local_memory/lmb_bram/U0/inst_blk_mem_gen/gnbram.gnative_mem_map_bmg.native_mem_map_blk_mem_gen/valid.cstr/ramloop[2].ram.r/prim_noinit.ram/clkb
    RAMB36_X0Y11         RAMB36E1                                     r  design_1_i/microblaze_0_local_memory/lmb_bram/U0/inst_blk_mem_gen/gnbram.gnative_mem_map_bmg.native_mem_map_blk_mem_gen/valid.cstr/ramloop[2].ram.r/prim_noinit.ram/DEVICE_7SERIES.WITH_BMM_INFO.TRUE_DP.SIMPLE_PRIM36.TDP_SP36_NO_ECC_ATTR.ram/CLKBWRCLK
                         clock pessimism              0.484     8.970    
                         clock uncertainty           -0.074     8.897    
    RAMB36_X0Y11         RAMB36E1 (Setup_ramb36e1_CLKBWRCLK_ADDRBWRADDR[6])
                                                     -0.774     8.123    design_1_i/microblaze_0_local_memory/lmb_bram/U0/inst_blk_mem_gen/gnbram.gnative_mem_map_bmg.native_mem_map_blk_mem_gen/valid.cstr/ramloop[2].ram.r/prim_noinit.ram/DEVICE_7SERIES.WITH_BMM_INFO.TRUE_DP.SIMPLE_PRIM36.TDP_SP36_NO_ECC_ATTR.ram
  -------------------------------------------------------------------
                         required time                          8.123    
                         arrival time                          -6.578    
  -------------------------------------------------------------------
                         slack                                  1.545    

Slack (MET) :             1.560ns  (required time - arrival time)
  Source:                 design_1_i/microblaze_0/U0/MicroBlaze_Core_I/Performance.Core/Data_Flow_I/Operand_Select_I/EX_Branch_CMP_Op1_reg[24]/C
                            (rising edge-triggered cell FDRE clocked by clk_out1_design_1_clk_wiz_1_0_1  {rise@0.000ns fall@5.000ns period=10.000ns})
  Destination:            design_1_i/microblaze_0_local_memory/lmb_bram/U0/inst_blk_mem_gen/gnbram.gnative_mem_map_bmg.native_mem_map_blk_mem_gen/valid.cstr/ramloop[2].ram.r/prim_noinit.ram/DEVICE_7SERIES.WITH_BMM_INFO.TRUE_DP.SIMPLE_PRIM36.TDP_SP36_NO_ECC_ATTR.ram/ADDRBWRADDR[8]
                            (rising edge-triggered cell RAMB36E1 clocked by clk_out1_design_1_clk_wiz_1_0_1  {rise@0.000ns fall@5.000ns period=10.000ns})
  Path Group:             clk_out1_design_1_clk_wiz_1_0_1
  Path Type:              Setup (Max at Slow Process Corner)
  Requirement:            10.000ns  (clk_out1_design_1_clk_wiz_1_0_1 rise@10.000ns - clk_out1_design_1_clk_wiz_1_0_1 rise@0.000ns)
  Data Path Delay:        7.524ns  (logic 2.052ns (27.272%)  route 5.472ns (72.728%))
  Logic Levels:           5  (CARRY4=3 LUT3=1 LUT6=1)
  Clock Path Skew:        -0.074ns (DCD - SCD + CPR)
    Destination Clock Delay (DCD):    -1.513ns = ( 8.487 - 10.000 ) 
    Source Clock Delay      (SCD):    -0.956ns
    Clock Pessimism Removal (CPR):    0.484ns
  Clock Uncertainty:      0.074ns  ((TSJ^2 + DJ^2)^1/2) / 2 + PE
    Total System Jitter     (TSJ):    0.071ns
    Discrete Jitter          (DJ):    0.129ns
    Phase Error              (PE):    0.000ns

    Location             Delay type                Incr(ns)  Path(ns)    Netlist Resource(s)
  -------------------------------------------------------------------    -------------------
                         (clock clk_out1_design_1_clk_wiz_1_0_1 rise edge)
                                                      0.000     0.000 r  
    W5                                                0.000     0.000 r  sys_clock (IN)
                         net (fo=0)                   0.000     0.000    design_1_i/clk_wiz_1/inst/clk_in1
    W5                   IBUF (Prop_ibuf_I_O)         1.458     1.458 r  design_1_i/clk_wiz_1/inst/clkin1_ibufg/O
                         net (fo=1, routed)           1.233     2.691    design_1_i/clk_wiz_1/inst/clk_in1_design_1_clk_wiz_1_0
    MMCME2_ADV_X1Y0      MMCME2_ADV (Prop_mmcme2_adv_CLKIN1_CLKOUT0)
                                                     -6.961    -4.269 r  design_1_i/clk_wiz_1/inst/mmcm_adv_inst/CLKOUT0
                         net (fo=1, routed)           1.661    -2.608    design_1_i/clk_wiz_1/inst/clk_out1_design_1_clk_wiz_1_0
    BUFGCTRL_X0Y0        BUFG (Prop_bufg_I_O)         0.096    -2.512 r  design_1_i/clk_wiz_1/inst/clkout1_buf/O
                         net (fo=1479, routed)        1.556    -0.956    design_1_i/microblaze_0/U0/MicroBlaze_Core_I/Performance.Core/Data_Flow_I/Operand_Select_I/Clk
    SLICE_X49Y21         FDRE                                         r  design_1_i/microblaze_0/U0/MicroBlaze_Core_I/Performance.Core/Data_Flow_I/Operand_Select_I/EX_Branch_CMP_Op1_reg[24]/C
  -------------------------------------------------------------------    -------------------
    SLICE_X49Y21         FDRE (Prop_fdre_C_Q)         0.419    -0.537 f  design_1_i/microblaze_0/U0/MicroBlaze_Core_I/Performance.Core/Data_Flow_I/Operand_Select_I/EX_Branch_CMP_Op1_reg[24]/Q
                         net (fo=1, routed)           1.283     0.747    design_1_i/microblaze_0/U0/MicroBlaze_Core_I/Performance.Core/Data_Flow_I/Zero_Detect_I/Q[5]
    SLICE_X47Y26         LUT6 (Prop_lut6_I1_O)        0.299     1.046 r  design_1_i/microblaze_0/U0/MicroBlaze_Core_I/Performance.Core/Data_Flow_I/Zero_Detect_I/S0_inferred__0/i_/O
                         net (fo=1, routed)           0.000     1.046    design_1_i/microblaze_0/U0/MicroBlaze_Core_I/Performance.Core/Data_Flow_I/Zero_Detect_I/Zero_Detecting[3].I_Part_Of_Zero_Detect/lopt_2
    SLICE_X47Y26         CARRY4 (Prop_carry4_S[1]_CO[3])
                                                      0.550     1.596 r  design_1_i/microblaze_0/U0/MicroBlaze_Core_I/Performance.Core/Data_Flow_I/Zero_Detect_I/Zero_Detecting[3].I_Part_Of_Zero_Detect/Using_FPGA.Native_CARRY4/CO[3]
                         net (fo=1, routed)           0.000     1.596    design_1_i/microblaze_0/U0/MicroBlaze_Core_I/Performance.Core/Decode_I/jump_logic_I1/MUXCY_JUMP_CARRY2/jump_carry1
    SLICE_X47Y27         CARRY4 (Prop_carry4_CI_CO[3])
                                                      0.114     1.710 r  design_1_i/microblaze_0/U0/MicroBlaze_Core_I/Performance.Core/Decode_I/jump_logic_I1/MUXCY_JUMP_CARRY2/Using_FPGA.Native_CARRY4/CO[3]
                         net (fo=1, routed)           0.000     1.710    design_1_i/microblaze_0/U0/MicroBlaze_Core_I/Performance.Core/Decode_I/jump_logic_I1/MUXCY_JUMP_CARRY6/jump_carry5
    SLICE_X47Y28         CARRY4 (Prop_carry4_CI_CO[0])
                                                      0.271     1.981 r  design_1_i/microblaze_0/U0/MicroBlaze_Core_I/Performance.Core/Decode_I/jump_logic_I1/MUXCY_JUMP_CARRY6/Using_FPGA.Native_CARRY4/CO[0]
                         net (fo=46, routed)          1.282     3.263    design_1_i/microblaze_0/U0/MicroBlaze_Core_I/Performance.Core/Decode_I/jump_logic_I1/MUXCY_JUMP_CARRY6/in0
    SLICE_X51Y21         LUT3 (Prop_lut3_I1_O)        0.399     3.662 r  design_1_i/microblaze_0/U0/MicroBlaze_Core_I/Performance.Core/Decode_I/jump_logic_I1/MUXCY_JUMP_CARRY6/Instr_Addr[21]_INST_0/O
                         net (fo=33, routed)          2.907     6.569    design_1_i/microblaze_0_local_memory/lmb_bram/U0/inst_blk_mem_gen/gnbram.gnative_mem_map_bmg.native_mem_map_blk_mem_gen/valid.cstr/ramloop[2].ram.r/prim_noinit.ram/addrb[8]
    RAMB36_X0Y11         RAMB36E1                                     r  design_1_i/microblaze_0_local_memory/lmb_bram/U0/inst_blk_mem_gen/gnbram.gnative_mem_map_bmg.native_mem_map_blk_mem_gen/valid.cstr/ramloop[2].ram.r/prim_noinit.ram/DEVICE_7SERIES.WITH_BMM_INFO.TRUE_DP.SIMPLE_PRIM36.TDP_SP36_NO_ECC_ATTR.ram/ADDRBWRADDR[8]
  -------------------------------------------------------------------    -------------------

                         (clock clk_out1_design_1_clk_wiz_1_0_1 rise edge)
                                                     10.000    10.000 r  
    W5                                                0.000    10.000 r  sys_clock (IN)
                         net (fo=0)                   0.000    10.000    design_1_i/clk_wiz_1/inst/clk_in1
    W5                   IBUF (Prop_ibuf_I_O)         1.388    11.388 r  design_1_i/clk_wiz_1/inst/clkin1_ibufg/O
                         net (fo=1, routed)           1.162    12.550    design_1_i/clk_wiz_1/inst/clk_in1_design_1_clk_wiz_1_0
    MMCME2_ADV_X1Y0      MMCME2_ADV (Prop_mmcme2_adv_CLKIN1_CLKOUT0)
                                                     -7.217     5.332 r  design_1_i/clk_wiz_1/inst/mmcm_adv_inst/CLKOUT0
                         net (fo=1, routed)           1.581     6.914    design_1_i/clk_wiz_1/inst/clk_out1_design_1_clk_wiz_1_0
    BUFGCTRL_X0Y0        BUFG (Prop_bufg_I_O)         0.091     7.005 r  design_1_i/clk_wiz_1/inst/clkout1_buf/O
                         net (fo=1479, routed)        1.482     8.487    design_1_i/microblaze_0_local_memory/lmb_bram/U0/inst_blk_mem_gen/gnbram.gnative_mem_map_bmg.native_mem_map_blk_mem_gen/valid.cstr/ramloop[2].ram.r/prim_noinit.ram/clkb
    RAMB36_X0Y11         RAMB36E1                                     r  design_1_i/microblaze_0_local_memory/lmb_bram/U0/inst_blk_mem_gen/gnbram.gnative_mem_map_bmg.native_mem_map_blk_mem_gen/valid.cstr/ramloop[2].ram.r/prim_noinit.ram/DEVICE_7SERIES.WITH_BMM_INFO.TRUE_DP.SIMPLE_PRIM36.TDP_SP36_NO_ECC_ATTR.ram/CLKBWRCLK
                         clock pessimism              0.484     8.970    
                         clock uncertainty           -0.074     8.897    
    RAMB36_X0Y11         RAMB36E1 (Setup_ramb36e1_CLKBWRCLK_ADDRBWRADDR[8])
                                                     -0.768     8.129    design_1_i/microblaze_0_local_memory/lmb_bram/U0/inst_blk_mem_gen/gnbram.gnative_mem_map_bmg.native_mem_map_blk_mem_gen/valid.cstr/ramloop[2].ram.r/prim_noinit.ram/DEVICE_7SERIES.WITH_BMM_INFO.TRUE_DP.SIMPLE_PRIM36.TDP_SP36_NO_ECC_ATTR.ram
  -------------------------------------------------------------------
                         required time                          8.129    
                         arrival time                          -6.569    
  -------------------------------------------------------------------
                         slack                                  1.560    

Slack (MET) :             1.564ns  (required time - arrival time)
  Source:                 design_1_i/microblaze_0/U0/MicroBlaze_Core_I/Performance.Core/Data_Flow_I/Operand_Select_I/EX_Branch_CMP_Op1_reg[24]/C
                            (rising edge-triggered cell FDRE clocked by clk_out1_design_1_clk_wiz_1_0_1  {rise@0.000ns fall@5.000ns period=10.000ns})
  Destination:            design_1_i/microblaze_0_local_memory/lmb_bram/U0/inst_blk_mem_gen/gnbram.gnative_mem_map_bmg.native_mem_map_blk_mem_gen/valid.cstr/ramloop[0].ram.r/prim_noinit.ram/DEVICE_7SERIES.WITH_BMM_INFO.TRUE_DP.SIMPLE_PRIM36.TDP_SP36_NO_ECC_ATTR.ram/ADDRBWRADDR[13]
                            (rising edge-triggered cell RAMB36E1 clocked by clk_out1_design_1_clk_wiz_1_0_1  {rise@0.000ns fall@5.000ns period=10.000ns})
  Path Group:             clk_out1_design_1_clk_wiz_1_0_1
  Path Type:              Setup (Max at Slow Process Corner)
  Requirement:            10.000ns  (clk_out1_design_1_clk_wiz_1_0_1 rise@10.000ns - clk_out1_design_1_clk_wiz_1_0_1 rise@0.000ns)
  Data Path Delay:        7.724ns  (logic 2.026ns (26.231%)  route 5.698ns (73.769%))
  Logic Levels:           5  (CARRY4=3 LUT3=1 LUT6=1)
  Clock Path Skew:        -0.073ns (DCD - SCD + CPR)
    Destination Clock Delay (DCD):    -1.512ns = ( 8.488 - 10.000 ) 
    Source Clock Delay      (SCD):    -0.956ns
    Clock Pessimism Removal (CPR):    0.484ns
  Clock Uncertainty:      0.074ns  ((TSJ^2 + DJ^2)^1/2) / 2 + PE
    Total System Jitter     (TSJ):    0.071ns
    Discrete Jitter          (DJ):    0.129ns
    Phase Error              (PE):    0.000ns

    Location             Delay type                Incr(ns)  Path(ns)    Netlist Resource(s)
  -------------------------------------------------------------------    -------------------
                         (clock clk_out1_design_1_clk_wiz_1_0_1 rise edge)
                                                      0.000     0.000 r  
    W5                                                0.000     0.000 r  sys_clock (IN)
                         net (fo=0)                   0.000     0.000    design_1_i/clk_wiz_1/inst/clk_in1
    W5                   IBUF (Prop_ibuf_I_O)         1.458     1.458 r  design_1_i/clk_wiz_1/inst/clkin1_ibufg/O
                         net (fo=1, routed)           1.233     2.691    design_1_i/clk_wiz_1/inst/clk_in1_design_1_clk_wiz_1_0
    MMCME2_ADV_X1Y0      MMCME2_ADV (Prop_mmcme2_adv_CLKIN1_CLKOUT0)
                                                     -6.961    -4.269 r  design_1_i/clk_wiz_1/inst/mmcm_adv_inst/CLKOUT0
                         net (fo=1, routed)           1.661    -2.608    design_1_i/clk_wiz_1/inst/clk_out1_design_1_clk_wiz_1_0
    BUFGCTRL_X0Y0        BUFG (Prop_bufg_I_O)         0.096    -2.512 r  design_1_i/clk_wiz_1/inst/clkout1_buf/O
                         net (fo=1479, routed)        1.556    -0.956    design_1_i/microblaze_0/U0/MicroBlaze_Core_I/Performance.Core/Data_Flow_I/Operand_Select_I/Clk
    SLICE_X49Y21         FDRE                                         r  design_1_i/microblaze_0/U0/MicroBlaze_Core_I/Performance.Core/Data_Flow_I/Operand_Select_I/EX_Branch_CMP_Op1_reg[24]/C
  -------------------------------------------------------------------    -------------------
    SLICE_X49Y21         FDRE (Prop_fdre_C_Q)         0.419    -0.537 f  design_1_i/microblaze_0/U0/MicroBlaze_Core_I/Performance.Core/Data_Flow_I/Operand_Select_I/EX_Branch_CMP_Op1_reg[24]/Q
                         net (fo=1, routed)           1.283     0.747    design_1_i/microblaze_0/U0/MicroBlaze_Core_I/Performance.Core/Data_Flow_I/Zero_Detect_I/Q[5]
    SLICE_X47Y26         LUT6 (Prop_lut6_I1_O)        0.299     1.046 r  design_1_i/microblaze_0/U0/MicroBlaze_Core_I/Performance.Core/Data_Flow_I/Zero_Detect_I/S0_inferred__0/i_/O
                         net (fo=1, routed)           0.000     1.046    design_1_i/microblaze_0/U0/MicroBlaze_Core_I/Performance.Core/Data_Flow_I/Zero_Detect_I/Zero_Detecting[3].I_Part_Of_Zero_Detect/lopt_2
    SLICE_X47Y26         CARRY4 (Prop_carry4_S[1]_CO[3])
                                                      0.550     1.596 r  design_1_i/microblaze_0/U0/MicroBlaze_Core_I/Performance.Core/Data_Flow_I/Zero_Detect_I/Zero_Detecting[3].I_Part_Of_Zero_Detect/Using_FPGA.Native_CARRY4/CO[3]
                         net (fo=1, routed)           0.000     1.596    design_1_i/microblaze_0/U0/MicroBlaze_Core_I/Performance.Core/Decode_I/jump_logic_I1/MUXCY_JUMP_CARRY2/jump_carry1
    SLICE_X47Y27         CARRY4 (Prop_carry4_CI_CO[3])
                                                      0.114     1.710 r  design_1_i/microblaze_0/U0/MicroBlaze_Core_I/Performance.Core/Decode_I/jump_logic_I1/MUXCY_JUMP_CARRY2/Using_FPGA.Native_CARRY4/CO[3]
                         net (fo=1, routed)           0.000     1.710    design_1_i/microblaze_0/U0/MicroBlaze_Core_I/Performance.Core/Decode_I/jump_logic_I1/MUXCY_JUMP_CARRY6/jump_carry5
    SLICE_X47Y28         CARRY4 (Prop_carry4_CI_CO[0])
                                                      0.271     1.981 r  design_1_i/microblaze_0/U0/MicroBlaze_Core_I/Performance.Core/Decode_I/jump_logic_I1/MUXCY_JUMP_CARRY6/Using_FPGA.Native_CARRY4/CO[0]
                         net (fo=46, routed)          1.532     3.513    design_1_i/microblaze_0/U0/MicroBlaze_Core_I/Performance.Core/Decode_I/jump_logic_I1/MUXCY_JUMP_CARRY6/in0
    SLICE_X51Y23         LUT3 (Prop_lut3_I1_O)        0.373     3.886 r  design_1_i/microblaze_0/U0/MicroBlaze_Core_I/Performance.Core/Decode_I/jump_logic_I1/MUXCY_JUMP_CARRY6/Instr_Addr[16]_INST_0/O
                         net (fo=33, routed)          2.882     6.768    design_1_i/microblaze_0_local_memory/lmb_bram/U0/inst_blk_mem_gen/gnbram.gnative_mem_map_bmg.native_mem_map_blk_mem_gen/valid.cstr/ramloop[0].ram.r/prim_noinit.ram/addrb[13]
    RAMB36_X0Y10         RAMB36E1                                     r  design_1_i/microblaze_0_local_memory/lmb_bram/U0/inst_blk_mem_gen/gnbram.gnative_mem_map_bmg.native_mem_map_blk_mem_gen/valid.cstr/ramloop[0].ram.r/prim_noinit.ram/DEVICE_7SERIES.WITH_BMM_INFO.TRUE_DP.SIMPLE_PRIM36.TDP_SP36_NO_ECC_ATTR.ram/ADDRBWRADDR[13]
  -------------------------------------------------------------------    -------------------

                         (clock clk_out1_design_1_clk_wiz_1_0_1 rise edge)
                                                     10.000    10.000 r  
    W5                                                0.000    10.000 r  sys_clock (IN)
                         net (fo=0)                   0.000    10.000    design_1_i/clk_wiz_1/inst/clk_in1
    W5                   IBUF (Prop_ibuf_I_O)         1.388    11.388 r  design_1_i/clk_wiz_1/inst/clkin1_ibufg/O
                         net (fo=1, routed)           1.162    12.550    design_1_i/clk_wiz_1/inst/clk_in1_design_1_clk_wiz_1_0
    MMCME2_ADV_X1Y0      MMCME2_ADV (Prop_mmcme2_adv_CLKIN1_CLKOUT0)
                                                     -7.217     5.332 r  design_1_i/clk_wiz_1/inst/mmcm_adv_inst/CLKOUT0
                         net (fo=1, routed)           1.581     6.914    design_1_i/clk_wiz_1/inst/clk_out1_design_1_clk_wiz_1_0
    BUFGCTRL_X0Y0        BUFG (Prop_bufg_I_O)         0.091     7.005 r  design_1_i/clk_wiz_1/inst/clkout1_buf/O
                         net (fo=1479, routed)        1.483     8.488    design_1_i/microblaze_0_local_memory/lmb_bram/U0/inst_blk_mem_gen/gnbram.gnative_mem_map_bmg.native_mem_map_blk_mem_gen/valid.cstr/ramloop[0].ram.r/prim_noinit.ram/clkb
    RAMB36_X0Y10         RAMB36E1                                     r  design_1_i/microblaze_0_local_memory/lmb_bram/U0/inst_blk_mem_gen/gnbram.gnative_mem_map_bmg.native_mem_map_blk_mem_gen/valid.cstr/ramloop[0].ram.r/prim_noinit.ram/DEVICE_7SERIES.WITH_BMM_INFO.TRUE_DP.SIMPLE_PRIM36.TDP_SP36_NO_ECC_ATTR.ram/CLKBWRCLK
                         clock pessimism              0.484     8.971    
                         clock uncertainty           -0.074     8.898    
    RAMB36_X0Y10         RAMB36E1 (Setup_ramb36e1_CLKBWRCLK_ADDRBWRADDR[13])
                                                     -0.566     8.332    design_1_i/microblaze_0_local_memory/lmb_bram/U0/inst_blk_mem_gen/gnbram.gnative_mem_map_bmg.native_mem_map_blk_mem_gen/valid.cstr/ramloop[0].ram.r/prim_noinit.ram/DEVICE_7SERIES.WITH_BMM_INFO.TRUE_DP.SIMPLE_PRIM36.TDP_SP36_NO_ECC_ATTR.ram
  -------------------------------------------------------------------
                         required time                          8.332    
                         arrival time                          -6.768    
  -------------------------------------------------------------------
                         slack                                  1.564    

Slack (MET) :             1.569ns  (required time - arrival time)
  Source:                 design_1_i/microblaze_0/U0/MicroBlaze_Core_I/Performance.Core/Data_Flow_I/Operand_Select_I/EX_Branch_CMP_Op1_reg[24]/C
                            (rising edge-triggered cell FDRE clocked by clk_out1_design_1_clk_wiz_1_0_1  {rise@0.000ns fall@5.000ns period=10.000ns})
  Destination:            design_1_i/microblaze_0_local_memory/lmb_bram/U0/inst_blk_mem_gen/gnbram.gnative_mem_map_bmg.native_mem_map_blk_mem_gen/valid.cstr/ramloop[2].ram.r/prim_noinit.ram/DEVICE_7SERIES.WITH_BMM_INFO.TRUE_DP.SIMPLE_PRIM36.TDP_SP36_NO_ECC_ATTR.ram/ADDRBWRADDR[7]
                            (rising edge-triggered cell RAMB36E1 clocked by clk_out1_design_1_clk_wiz_1_0_1  {rise@0.000ns fall@5.000ns period=10.000ns})
  Path Group:             clk_out1_design_1_clk_wiz_1_0_1
  Path Type:              Setup (Max at Slow Process Corner)
  Requirement:            10.000ns  (clk_out1_design_1_clk_wiz_1_0_1 rise@10.000ns - clk_out1_design_1_clk_wiz_1_0_1 rise@0.000ns)
  Data Path Delay:        7.717ns  (logic 2.026ns (26.254%)  route 5.691ns (73.746%))
  Logic Levels:           5  (CARRY4=3 LUT3=1 LUT6=1)
  Clock Path Skew:        -0.074ns (DCD - SCD + CPR)
    Destination Clock Delay (DCD):    -1.513ns = ( 8.487 - 10.000 ) 
    Source Clock Delay      (SCD):    -0.956ns
    Clock Pessimism Removal (CPR):    0.484ns
  Clock Uncertainty:      0.074ns  ((TSJ^2 + DJ^2)^1/2) / 2 + PE
    Total System Jitter     (TSJ):    0.071ns
    Discrete Jitter          (DJ):    0.129ns
    Phase Error              (PE):    0.000ns

    Location             Delay type                Incr(ns)  Path(ns)    Netlist Resource(s)
  -------------------------------------------------------------------    -------------------
                         (clock clk_out1_design_1_clk_wiz_1_0_1 rise edge)
                                                      0.000     0.000 r  
    W5                                                0.000     0.000 r  sys_clock (IN)
                         net (fo=0)                   0.000     0.000    design_1_i/clk_wiz_1/inst/clk_in1
    W5                   IBUF (Prop_ibuf_I_O)         1.458     1.458 r  design_1_i/clk_wiz_1/inst/clkin1_ibufg/O
                         net (fo=1, routed)           1.233     2.691    design_1_i/clk_wiz_1/inst/clk_in1_design_1_clk_wiz_1_0
    MMCME2_ADV_X1Y0      MMCME2_ADV (Prop_mmcme2_adv_CLKIN1_CLKOUT0)
                                                     -6.961    -4.269 r  design_1_i/clk_wiz_1/inst/mmcm_adv_inst/CLKOUT0
                         net (fo=1, routed)           1.661    -2.608    design_1_i/clk_wiz_1/inst/clk_out1_design_1_clk_wiz_1_0
    BUFGCTRL_X0Y0        BUFG (Prop_bufg_I_O)         0.096    -2.512 r  design_1_i/clk_wiz_1/inst/clkout1_buf/O
                         net (fo=1479, routed)        1.556    -0.956    design_1_i/microblaze_0/U0/MicroBlaze_Core_I/Performance.Core/Data_Flow_I/Operand_Select_I/Clk
    SLICE_X49Y21         FDRE                                         r  design_1_i/microblaze_0/U0/MicroBlaze_Core_I/Performance.Core/Data_Flow_I/Operand_Select_I/EX_Branch_CMP_Op1_reg[24]/C
  -------------------------------------------------------------------    -------------------
    SLICE_X49Y21         FDRE (Prop_fdre_C_Q)         0.419    -0.537 f  design_1_i/microblaze_0/U0/MicroBlaze_Core_I/Performance.Core/Data_Flow_I/Operand_Select_I/EX_Branch_CMP_Op1_reg[24]/Q
                         net (fo=1, routed)           1.283     0.747    design_1_i/microblaze_0/U0/MicroBlaze_Core_I/Performance.Core/Data_Flow_I/Zero_Detect_I/Q[5]
    SLICE_X47Y26         LUT6 (Prop_lut6_I1_O)        0.299     1.046 r  design_1_i/microblaze_0/U0/MicroBlaze_Core_I/Performance.Core/Data_Flow_I/Zero_Detect_I/S0_inferred__0/i_/O
                         net (fo=1, routed)           0.000     1.046    design_1_i/microblaze_0/U0/MicroBlaze_Core_I/Performance.Core/Data_Flow_I/Zero_Detect_I/Zero_Detecting[3].I_Part_Of_Zero_Detect/lopt_2
    SLICE_X47Y26         CARRY4 (Prop_carry4_S[1]_CO[3])
                                                      0.550     1.596 r  design_1_i/microblaze_0/U0/MicroBlaze_Core_I/Performance.Core/Data_Flow_I/Zero_Detect_I/Zero_Detecting[3].I_Part_Of_Zero_Detect/Using_FPGA.Native_CARRY4/CO[3]
                         net (fo=1, routed)           0.000     1.596    design_1_i/microblaze_0/U0/MicroBlaze_Core_I/Performance.Core/Decode_I/jump_logic_I1/MUXCY_JUMP_CARRY2/jump_carry1
    SLICE_X47Y27         CARRY4 (Prop_carry4_CI_CO[3])
                                                      0.114     1.710 r  design_1_i/microblaze_0/U0/MicroBlaze_Core_I/Performance.Core/Decode_I/jump_logic_I1/MUXCY_JUMP_CARRY2/Using_FPGA.Native_CARRY4/CO[3]
                         net (fo=1, routed)           0.000     1.710    design_1_i/microblaze_0/U0/MicroBlaze_Core_I/Performance.Core/Decode_I/jump_logic_I1/MUXCY_JUMP_CARRY6/jump_carry5
    SLICE_X47Y28         CARRY4 (Prop_carry4_CI_CO[0])
                                                      0.271     1.981 r  design_1_i/microblaze_0/U0/MicroBlaze_Core_I/Performance.Core/Decode_I/jump_logic_I1/MUXCY_JUMP_CARRY6/Using_FPGA.Native_CARRY4/CO[0]
                         net (fo=46, routed)          1.359     3.340    design_1_i/microblaze_0/U0/MicroBlaze_Core_I/Performance.Core/Decode_I/jump_logic_I1/MUXCY_JUMP_CARRY6/in0
    SLICE_X51Y21         LUT3 (Prop_lut3_I1_O)        0.373     3.713 r  design_1_i/microblaze_0/U0/MicroBlaze_Core_I/Performance.Core/Decode_I/jump_logic_I1/MUXCY_JUMP_CARRY6/Instr_Addr[22]_INST_0/O
                         net (fo=33, routed)          3.048     6.761    design_1_i/microblaze_0_local_memory/lmb_bram/U0/inst_blk_mem_gen/gnbram.gnative_mem_map_bmg.native_mem_map_blk_mem_gen/valid.cstr/ramloop[2].ram.r/prim_noinit.ram/addrb[7]
    RAMB36_X0Y11         RAMB36E1                                     r  design_1_i/microblaze_0_local_memory/lmb_bram/U0/inst_blk_mem_gen/gnbram.gnative_mem_map_bmg.native_mem_map_blk_mem_gen/valid.cstr/ramloop[2].ram.r/prim_noinit.ram/DEVICE_7SERIES.WITH_BMM_INFO.TRUE_DP.SIMPLE_PRIM36.TDP_SP36_NO_ECC_ATTR.ram/ADDRBWRADDR[7]
  -------------------------------------------------------------------    -------------------

                         (clock clk_out1_design_1_clk_wiz_1_0_1 rise edge)
                                                     10.000    10.000 r  
    W5                                                0.000    10.000 r  sys_clock (IN)
                         net (fo=0)                   0.000    10.000    design_1_i/clk_wiz_1/inst/clk_in1
    W5                   IBUF (Prop_ibuf_I_O)         1.388    11.388 r  design_1_i/clk_wiz_1/inst/clkin1_ibufg/O
                         net (fo=1, routed)           1.162    12.550    design_1_i/clk_wiz_1/inst/clk_in1_design_1_clk_wiz_1_0
    MMCME2_ADV_X1Y0      MMCME2_ADV (Prop_mmcme2_adv_CLKIN1_CLKOUT0)
                                                     -7.217     5.332 r  design_1_i/clk_wiz_1/inst/mmcm_adv_inst/CLKOUT0
                         net (fo=1, routed)           1.581     6.914    design_1_i/clk_wiz_1/inst/clk_out1_design_1_clk_wiz_1_0
    BUFGCTRL_X0Y0        BUFG (Prop_bufg_I_O)         0.091     7.005 r  design_1_i/clk_wiz_1/inst/clkout1_buf/O
                         net (fo=1479, routed)        1.482     8.487    design_1_i/microblaze_0_local_memory/lmb_bram/U0/inst_blk_mem_gen/gnbram.gnative_mem_map_bmg.native_mem_map_blk_mem_gen/valid.cstr/ramloop[2].ram.r/prim_noinit.ram/clkb
    RAMB36_X0Y11         RAMB36E1                                     r  design_1_i/microblaze_0_local_memory/lmb_bram/U0/inst_blk_mem_gen/gnbram.gnative_mem_map_bmg.native_mem_map_blk_mem_gen/valid.cstr/ramloop[2].ram.r/prim_noinit.ram/DEVICE_7SERIES.WITH_BMM_INFO.TRUE_DP.SIMPLE_PRIM36.TDP_SP36_NO_ECC_ATTR.ram/CLKBWRCLK
                         clock pessimism              0.484     8.970    
                         clock uncertainty           -0.074     8.897    
    RAMB36_X0Y11         RAMB36E1 (Setup_ramb36e1_CLKBWRCLK_ADDRBWRADDR[7])
                                                     -0.566     8.331    design_1_i/microblaze_0_local_memory/lmb_bram/U0/inst_blk_mem_gen/gnbram.gnative_mem_map_bmg.native_mem_map_blk_mem_gen/valid.cstr/ramloop[2].ram.r/prim_noinit.ram/DEVICE_7SERIES.WITH_BMM_INFO.TRUE_DP.SIMPLE_PRIM36.TDP_SP36_NO_ECC_ATTR.ram
  -------------------------------------------------------------------
                         required time                          8.331    
                         arrival time                          -6.761    
  -------------------------------------------------------------------
                         slack                                  1.569    

Slack (MET) :             1.584ns  (required time - arrival time)
  Source:                 design_1_i/microblaze_0/U0/MicroBlaze_Core_I/Performance.Core/Data_Flow_I/Operand_Select_I/EX_Branch_CMP_Op1_reg[24]/C
                            (rising edge-triggered cell FDRE clocked by clk_out1_design_1_clk_wiz_1_0_1  {rise@0.000ns fall@5.000ns period=10.000ns})
  Destination:            design_1_i/microblaze_0_local_memory/lmb_bram/U0/inst_blk_mem_gen/gnbram.gnative_mem_map_bmg.native_mem_map_blk_mem_gen/valid.cstr/ramloop[0].ram.r/prim_noinit.ram/DEVICE_7SERIES.WITH_BMM_INFO.TRUE_DP.SIMPLE_PRIM36.TDP_SP36_NO_ECC_ATTR.ram/ADDRBWRADDR[6]
                            (rising edge-triggered cell RAMB36E1 clocked by clk_out1_design_1_clk_wiz_1_0_1  {rise@0.000ns fall@5.000ns period=10.000ns})
  Path Group:             clk_out1_design_1_clk_wiz_1_0_1
  Path Type:              Setup (Max at Slow Process Corner)
  Requirement:            10.000ns  (clk_out1_design_1_clk_wiz_1_0_1 rise@10.000ns - clk_out1_design_1_clk_wiz_1_0_1 rise@0.000ns)
  Data Path Delay:        7.495ns  (logic 2.054ns (27.404%)  route 5.441ns (72.596%))
  Logic Levels:           5  (CARRY4=3 LUT3=1 LUT6=1)
  Clock Path Skew:        -0.073ns (DCD - SCD + CPR)
    Destination Clock Delay (DCD):    -1.512ns = ( 8.488 - 10.000 ) 
    Source Clock Delay      (SCD):    -0.956ns
    Clock Pessimism Removal (CPR):    0.484ns
  Clock Uncertainty:      0.074ns  ((TSJ^2 + DJ^2)^1/2) / 2 + PE
    Total System Jitter     (TSJ):    0.071ns
    Discrete Jitter          (DJ):    0.129ns
    Phase Error              (PE):    0.000ns

    Location             Delay type                Incr(ns)  Path(ns)    Netlist Resource(s)
  -------------------------------------------------------------------    -------------------
                         (clock clk_out1_design_1_clk_wiz_1_0_1 rise edge)
                                                      0.000     0.000 r  
    W5                                                0.000     0.000 r  sys_clock (IN)
                         net (fo=0)                   0.000     0.000    design_1_i/clk_wiz_1/inst/clk_in1
    W5                   IBUF (Prop_ibuf_I_O)         1.458     1.458 r  design_1_i/clk_wiz_1/inst/clkin1_ibufg/O
                         net (fo=1, routed)           1.233     2.691    design_1_i/clk_wiz_1/inst/clk_in1_design_1_clk_wiz_1_0
    MMCME2_ADV_X1Y0      MMCME2_ADV (Prop_mmcme2_adv_CLKIN1_CLKOUT0)
                                                     -6.961    -4.269 r  design_1_i/clk_wiz_1/inst/mmcm_adv_inst/CLKOUT0
                         net (fo=1, routed)           1.661    -2.608    design_1_i/clk_wiz_1/inst/clk_out1_design_1_clk_wiz_1_0
    BUFGCTRL_X0Y0        BUFG (Prop_bufg_I_O)         0.096    -2.512 r  design_1_i/clk_wiz_1/inst/clkout1_buf/O
                         net (fo=1479, routed)        1.556    -0.956    design_1_i/microblaze_0/U0/MicroBlaze_Core_I/Performance.Core/Data_Flow_I/Operand_Select_I/Clk
    SLICE_X49Y21         FDRE                                         r  design_1_i/microblaze_0/U0/MicroBlaze_Core_I/Performance.Core/Data_Flow_I/Operand_Select_I/EX_Branch_CMP_Op1_reg[24]/C
  -------------------------------------------------------------------    -------------------
    SLICE_X49Y21         FDRE (Prop_fdre_C_Q)         0.419    -0.537 f  design_1_i/microblaze_0/U0/MicroBlaze_Core_I/Performance.Core/Data_Flow_I/Operand_Select_I/EX_Branch_CMP_Op1_reg[24]/Q
                         net (fo=1, routed)           1.283     0.747    design_1_i/microblaze_0/U0/MicroBlaze_Core_I/Performance.Core/Data_Flow_I/Zero_Detect_I/Q[5]
    SLICE_X47Y26         LUT6 (Prop_lut6_I1_O)        0.299     1.046 r  design_1_i/microblaze_0/U0/MicroBlaze_Core_I/Performance.Core/Data_Flow_I/Zero_Detect_I/S0_inferred__0/i_/O
                         net (fo=1, routed)           0.000     1.046    design_1_i/microblaze_0/U0/MicroBlaze_Core_I/Performance.Core/Data_Flow_I/Zero_Detect_I/Zero_Detecting[3].I_Part_Of_Zero_Detect/lopt_2
    SLICE_X47Y26         CARRY4 (Prop_carry4_S[1]_CO[3])
                                                      0.550     1.596 r  design_1_i/microblaze_0/U0/MicroBlaze_Core_I/Performance.Core/Data_Flow_I/Zero_Detect_I/Zero_Detecting[3].I_Part_Of_Zero_Detect/Using_FPGA.Native_CARRY4/CO[3]
                         net (fo=1, routed)           0.000     1.596    design_1_i/microblaze_0/U0/MicroBlaze_Core_I/Performance.Core/Decode_I/jump_logic_I1/MUXCY_JUMP_CARRY2/jump_carry1
    SLICE_X47Y27         CARRY4 (Prop_carry4_CI_CO[3])
                                                      0.114     1.710 r  design_1_i/microblaze_0/U0/MicroBlaze_Core_I/Performance.Core/Decode_I/jump_logic_I1/MUXCY_JUMP_CARRY2/Using_FPGA.Native_CARRY4/CO[3]
                         net (fo=1, routed)           0.000     1.710    design_1_i/microblaze_0/U0/MicroBlaze_Core_I/Performance.Core/Decode_I/jump_logic_I1/MUXCY_JUMP_CARRY6/jump_carry5
    SLICE_X47Y28         CARRY4 (Prop_carry4_CI_CO[0])
                                                      0.271     1.981 r  design_1_i/microblaze_0/U0/MicroBlaze_Core_I/Performance.Core/Decode_I/jump_logic_I1/MUXCY_JUMP_CARRY6/Using_FPGA.Native_CARRY4/CO[0]
                         net (fo=46, routed)          1.359     3.340    design_1_i/microblaze_0/U0/MicroBlaze_Core_I/Performance.Core/Decode_I/jump_logic_I1/MUXCY_JUMP_CARRY6/in0
    SLICE_X51Y21         LUT3 (Prop_lut3_I1_O)        0.401     3.741 r  design_1_i/microblaze_0/U0/MicroBlaze_Core_I/Performance.Core/Decode_I/jump_logic_I1/MUXCY_JUMP_CARRY6/Instr_Addr[23]_INST_0/O
                         net (fo=33, routed)          2.799     6.540    design_1_i/microblaze_0_local_memory/lmb_bram/U0/inst_blk_mem_gen/gnbram.gnative_mem_map_bmg.native_mem_map_blk_mem_gen/valid.cstr/ramloop[0].ram.r/prim_noinit.ram/addrb[6]
    RAMB36_X0Y10         RAMB36E1                                     r  design_1_i/microblaze_0_local_memory/lmb_bram/U0/inst_blk_mem_gen/gnbram.gnative_mem_map_bmg.native_mem_map_blk_mem_gen/valid.cstr/ramloop[0].ram.r/prim_noinit.ram/DEVICE_7SERIES.WITH_BMM_INFO.TRUE_DP.SIMPLE_PRIM36.TDP_SP36_NO_ECC_ATTR.ram/ADDRBWRADDR[6]
  -------------------------------------------------------------------    -------------------

                         (clock clk_out1_design_1_clk_wiz_1_0_1 rise edge)
                                                     10.000    10.000 r  
    W5                                                0.000    10.000 r  sys_clock (IN)
                         net (fo=0)                   0.000    10.000    design_1_i/clk_wiz_1/inst/clk_in1
    W5                   IBUF (Prop_ibuf_I_O)         1.388    11.388 r  design_1_i/clk_wiz_1/inst/clkin1_ibufg/O
                         net (fo=1, routed)           1.162    12.550    design_1_i/clk_wiz_1/inst/clk_in1_design_1_clk_wiz_1_0
    MMCME2_ADV_X1Y0      MMCME2_ADV (Prop_mmcme2_adv_CLKIN1_CLKOUT0)
                                                     -7.217     5.332 r  design_1_i/clk_wiz_1/inst/mmcm_adv_inst/CLKOUT0
                         net (fo=1, routed)           1.581     6.914    design_1_i/clk_wiz_1/inst/clk_out1_design_1_clk_wiz_1_0
    BUFGCTRL_X0Y0        BUFG (Prop_bufg_I_O)         0.091     7.005 r  design_1_i/clk_wiz_1/inst/clkout1_buf/O
                         net (fo=1479, routed)        1.483     8.488    design_1_i/microblaze_0_local_memory/lmb_bram/U0/inst_blk_mem_gen/gnbram.gnative_mem_map_bmg.native_mem_map_blk_mem_gen/valid.cstr/ramloop[0].ram.r/prim_noinit.ram/clkb
    RAMB36_X0Y10         RAMB36E1                                     r  design_1_i/microblaze_0_local_memory/lmb_bram/U0/inst_blk_mem_gen/gnbram.gnative_mem_map_bmg.native_mem_map_blk_mem_gen/valid.cstr/ramloop[0].ram.r/prim_noinit.ram/DEVICE_7SERIES.WITH_BMM_INFO.TRUE_DP.SIMPLE_PRIM36.TDP_SP36_NO_ECC_ATTR.ram/CLKBWRCLK
                         clock pessimism              0.484     8.971    
                         clock uncertainty           -0.074     8.898    
    RAMB36_X0Y10         RAMB36E1 (Setup_ramb36e1_CLKBWRCLK_ADDRBWRADDR[6])
                                                     -0.774     8.124    design_1_i/microblaze_0_local_memory/lmb_bram/U0/inst_blk_mem_gen/gnbram.gnative_mem_map_bmg.native_mem_map_blk_mem_gen/valid.cstr/ramloop[0].ram.r/prim_noinit.ram/DEVICE_7SERIES.WITH_BMM_INFO.TRUE_DP.SIMPLE_PRIM36.TDP_SP36_NO_ECC_ATTR.ram
  -------------------------------------------------------------------
                         required time                          8.124    
                         arrival time                          -6.540    
  -------------------------------------------------------------------
                         slack                                  1.584    

Slack (MET) :             1.601ns  (required time - arrival time)
  Source:                 design_1_i/microblaze_0/U0/MicroBlaze_Core_I/Performance.Core/Data_Flow_I/Operand_Select_I/EX_Branch_CMP_Op1_reg[24]/C
                            (rising edge-triggered cell FDRE clocked by clk_out1_design_1_clk_wiz_1_0_1  {rise@0.000ns fall@5.000ns period=10.000ns})
  Destination:            design_1_i/microblaze_0_local_memory/lmb_bram/U0/inst_blk_mem_gen/gnbram.gnative_mem_map_bmg.native_mem_map_blk_mem_gen/valid.cstr/ramloop[7].ram.r/prim_noinit.ram/DEVICE_7SERIES.WITH_BMM_INFO.TRUE_DP.SIMPLE_PRIM36.TDP_SP36_NO_ECC_ATTR.ram/ADDRBWRADDR[6]
                            (rising edge-triggered cell RAMB36E1 clocked by clk_out1_design_1_clk_wiz_1_0_1  {rise@0.000ns fall@5.000ns period=10.000ns})
  Path Group:             clk_out1_design_1_clk_wiz_1_0_1
  Path Type:              Setup (Max at Slow Process Corner)
  Requirement:            10.000ns  (clk_out1_design_1_clk_wiz_1_0_1 rise@10.000ns - clk_out1_design_1_clk_wiz_1_0_1 rise@0.000ns)
  Data Path Delay:        7.495ns  (logic 2.054ns (27.404%)  route 5.441ns (72.596%))
  Logic Levels:           5  (CARRY4=3 LUT3=1 LUT6=1)
  Clock Path Skew:        -0.057ns (DCD - SCD + CPR)
    Destination Clock Delay (DCD):    -1.504ns = ( 8.496 - 10.000 ) 
    Source Clock Delay      (SCD):    -0.956ns
    Clock Pessimism Removal (CPR):    0.492ns
  Clock Uncertainty:      0.074ns  ((TSJ^2 + DJ^2)^1/2) / 2 + PE
    Total System Jitter     (TSJ):    0.071ns
    Discrete Jitter          (DJ):    0.129ns
    Phase Error              (PE):    0.000ns

    Location             Delay type                Incr(ns)  Path(ns)    Netlist Resource(s)
  -------------------------------------------------------------------    -------------------
                         (clock clk_out1_design_1_clk_wiz_1_0_1 rise edge)
                                                      0.000     0.000 r  
    W5                                                0.000     0.000 r  sys_clock (IN)
                         net (fo=0)                   0.000     0.000    design_1_i/clk_wiz_1/inst/clk_in1
    W5                   IBUF (Prop_ibuf_I_O)         1.458     1.458 r  design_1_i/clk_wiz_1/inst/clkin1_ibufg/O
                         net (fo=1, routed)           1.233     2.691    design_1_i/clk_wiz_1/inst/clk_in1_design_1_clk_wiz_1_0
    MMCME2_ADV_X1Y0      MMCME2_ADV (Prop_mmcme2_adv_CLKIN1_CLKOUT0)
                                                     -6.961    -4.269 r  design_1_i/clk_wiz_1/inst/mmcm_adv_inst/CLKOUT0
                         net (fo=1, routed)           1.661    -2.608    design_1_i/clk_wiz_1/inst/clk_out1_design_1_clk_wiz_1_0
    BUFGCTRL_X0Y0        BUFG (Prop_bufg_I_O)         0.096    -2.512 r  design_1_i/clk_wiz_1/inst/clkout1_buf/O
                         net (fo=1479, routed)        1.556    -0.956    design_1_i/microblaze_0/U0/MicroBlaze_Core_I/Performance.Core/Data_Flow_I/Operand_Select_I/Clk
    SLICE_X49Y21         FDRE                                         r  design_1_i/microblaze_0/U0/MicroBlaze_Core_I/Performance.Core/Data_Flow_I/Operand_Select_I/EX_Branch_CMP_Op1_reg[24]/C
  -------------------------------------------------------------------    -------------------
    SLICE_X49Y21         FDRE (Prop_fdre_C_Q)         0.419    -0.537 f  design_1_i/microblaze_0/U0/MicroBlaze_Core_I/Performance.Core/Data_Flow_I/Operand_Select_I/EX_Branch_CMP_Op1_reg[24]/Q
                         net (fo=1, routed)           1.283     0.747    design_1_i/microblaze_0/U0/MicroBlaze_Core_I/Performance.Core/Data_Flow_I/Zero_Detect_I/Q[5]
    SLICE_X47Y26         LUT6 (Prop_lut6_I1_O)        0.299     1.046 r  design_1_i/microblaze_0/U0/MicroBlaze_Core_I/Performance.Core/Data_Flow_I/Zero_Detect_I/S0_inferred__0/i_/O
                         net (fo=1, routed)           0.000     1.046    design_1_i/microblaze_0/U0/MicroBlaze_Core_I/Performance.Core/Data_Flow_I/Zero_Detect_I/Zero_Detecting[3].I_Part_Of_Zero_Detect/lopt_2
    SLICE_X47Y26         CARRY4 (Prop_carry4_S[1]_CO[3])
                                                      0.550     1.596 r  design_1_i/microblaze_0/U0/MicroBlaze_Core_I/Performance.Core/Data_Flow_I/Zero_Detect_I/Zero_Detecting[3].I_Part_Of_Zero_Detect/Using_FPGA.Native_CARRY4/CO[3]
                         net (fo=1, routed)           0.000     1.596    design_1_i/microblaze_0/U0/MicroBlaze_Core_I/Performance.Core/Decode_I/jump_logic_I1/MUXCY_JUMP_CARRY2/jump_carry1
    SLICE_X47Y27         CARRY4 (Prop_carry4_CI_CO[3])
                                                      0.114     1.710 r  design_1_i/microblaze_0/U0/MicroBlaze_Core_I/Performance.Core/Decode_I/jump_logic_I1/MUXCY_JUMP_CARRY2/Using_FPGA.Native_CARRY4/CO[3]
                         net (fo=1, routed)           0.000     1.710    design_1_i/microblaze_0/U0/MicroBlaze_Core_I/Performance.Core/Decode_I/jump_logic_I1/MUXCY_JUMP_CARRY6/jump_carry5
    SLICE_X47Y28         CARRY4 (Prop_carry4_CI_CO[0])
                                                      0.271     1.981 r  design_1_i/microblaze_0/U0/MicroBlaze_Core_I/Performance.Core/Decode_I/jump_logic_I1/MUXCY_JUMP_CARRY6/Using_FPGA.Native_CARRY4/CO[0]
                         net (fo=46, routed)          1.359     3.340    design_1_i/microblaze_0/U0/MicroBlaze_Core_I/Performance.Core/Decode_I/jump_logic_I1/MUXCY_JUMP_CARRY6/in0
    SLICE_X51Y21         LUT3 (Prop_lut3_I1_O)        0.401     3.741 r  design_1_i/microblaze_0/U0/MicroBlaze_Core_I/Performance.Core/Decode_I/jump_logic_I1/MUXCY_JUMP_CARRY6/Instr_Addr[23]_INST_0/O
                         net (fo=33, routed)          2.799     6.540    design_1_i/microblaze_0_local_memory/lmb_bram/U0/inst_blk_mem_gen/gnbram.gnative_mem_map_bmg.native_mem_map_blk_mem_gen/valid.cstr/ramloop[7].ram.r/prim_noinit.ram/addrb[6]
    RAMB36_X0Y8          RAMB36E1                                     r  design_1_i/microblaze_0_local_memory/lmb_bram/U0/inst_blk_mem_gen/gnbram.gnative_mem_map_bmg.native_mem_map_blk_mem_gen/valid.cstr/ramloop[7].ram.r/prim_noinit.ram/DEVICE_7SERIES.WITH_BMM_INFO.TRUE_DP.SIMPLE_PRIM36.TDP_SP36_NO_ECC_ATTR.ram/ADDRBWRADDR[6]
  -------------------------------------------------------------------    -------------------

                         (clock clk_out1_design_1_clk_wiz_1_0_1 rise edge)
                                                     10.000    10.000 r  
    W5                                                0.000    10.000 r  sys_clock (IN)
                         net (fo=0)                   0.000    10.000    design_1_i/clk_wiz_1/inst/clk_in1
    W5                   IBUF (Prop_ibuf_I_O)         1.388    11.388 r  design_1_i/clk_wiz_1/inst/clkin1_ibufg/O
                         net (fo=1, routed)           1.162    12.550    design_1_i/clk_wiz_1/inst/clk_in1_design_1_clk_wiz_1_0
    MMCME2_ADV_X1Y0      MMCME2_ADV (Prop_mmcme2_adv_CLKIN1_CLKOUT0)
                                                     -7.217     5.332 r  design_1_i/clk_wiz_1/inst/mmcm_adv_inst/CLKOUT0
                         net (fo=1, routed)           1.581     6.914    design_1_i/clk_wiz_1/inst/clk_out1_design_1_clk_wiz_1_0
    BUFGCTRL_X0Y0        BUFG (Prop_bufg_I_O)         0.091     7.005 r  design_1_i/clk_wiz_1/inst/clkout1_buf/O
                         net (fo=1479, routed)        1.492     8.496    design_1_i/microblaze_0_local_memory/lmb_bram/U0/inst_blk_mem_gen/gnbram.gnative_mem_map_bmg.native_mem_map_blk_mem_gen/valid.cstr/ramloop[7].ram.r/prim_noinit.ram/clkb
    RAMB36_X0Y8          RAMB36E1                                     r  design_1_i/microblaze_0_local_memory/lmb_bram/U0/inst_blk_mem_gen/gnbram.gnative_mem_map_bmg.native_mem_map_blk_mem_gen/valid.cstr/ramloop[7].ram.r/prim_noinit.ram/DEVICE_7SERIES.WITH_BMM_INFO.TRUE_DP.SIMPLE_PRIM36.TDP_SP36_NO_ECC_ATTR.ram/CLKBWRCLK
                         clock pessimism              0.492     8.988    
                         clock uncertainty           -0.074     8.914    
    RAMB36_X0Y8          RAMB36E1 (Setup_ramb36e1_CLKBWRCLK_ADDRBWRADDR[6])
                                                     -0.774     8.140    design_1_i/microblaze_0_local_memory/lmb_bram/U0/inst_blk_mem_gen/gnbram.gnative_mem_map_bmg.native_mem_map_blk_mem_gen/valid.cstr/ramloop[7].ram.r/prim_noinit.ram/DEVICE_7SERIES.WITH_BMM_INFO.TRUE_DP.SIMPLE_PRIM36.TDP_SP36_NO_ECC_ATTR.ram
  -------------------------------------------------------------------
                         required time                          8.140    
                         arrival time                          -6.540    
  -------------------------------------------------------------------
                         slack                                  1.601    

Slack (MET) :             1.605ns  (required time - arrival time)
  Source:                 design_1_i/microblaze_0/U0/MicroBlaze_Core_I/Performance.Core/Data_Flow_I/Operand_Select_I/EX_Branch_CMP_Op1_reg[24]/C
                            (rising edge-triggered cell FDRE clocked by clk_out1_design_1_clk_wiz_1_0_1  {rise@0.000ns fall@5.000ns period=10.000ns})
  Destination:            design_1_i/microblaze_0_local_memory/lmb_bram/U0/inst_blk_mem_gen/gnbram.gnative_mem_map_bmg.native_mem_map_blk_mem_gen/valid.cstr/ramloop[0].ram.r/prim_noinit.ram/DEVICE_7SERIES.WITH_BMM_INFO.TRUE_DP.SIMPLE_PRIM36.TDP_SP36_NO_ECC_ATTR.ram/ADDRBWRADDR[0]
                            (rising edge-triggered cell RAMB36E1 clocked by clk_out1_design_1_clk_wiz_1_0_1  {rise@0.000ns fall@5.000ns period=10.000ns})
  Path Group:             clk_out1_design_1_clk_wiz_1_0_1
  Path Type:              Setup (Max at Slow Process Corner)
  Requirement:            10.000ns  (clk_out1_design_1_clk_wiz_1_0_1 rise@10.000ns - clk_out1_design_1_clk_wiz_1_0_1 rise@0.000ns)
  Data Path Delay:        7.475ns  (logic 2.054ns (27.479%)  route 5.421ns (72.521%))
  Logic Levels:           5  (CARRY4=3 LUT3=1 LUT6=1)
  Clock Path Skew:        -0.073ns (DCD - SCD + CPR)
    Destination Clock Delay (DCD):    -1.512ns = ( 8.488 - 10.000 ) 
    Source Clock Delay      (SCD):    -0.956ns
    Clock Pessimism Removal (CPR):    0.484ns
  Clock Uncertainty:      0.074ns  ((TSJ^2 + DJ^2)^1/2) / 2 + PE
    Total System Jitter     (TSJ):    0.071ns
    Discrete Jitter          (DJ):    0.129ns
    Phase Error              (PE):    0.000ns

    Location             Delay type                Incr(ns)  Path(ns)    Netlist Resource(s)
  -------------------------------------------------------------------    -------------------
                         (clock clk_out1_design_1_clk_wiz_1_0_1 rise edge)
                                                      0.000     0.000 r  
    W5                                                0.000     0.000 r  sys_clock (IN)
                         net (fo=0)                   0.000     0.000    design_1_i/clk_wiz_1/inst/clk_in1
    W5                   IBUF (Prop_ibuf_I_O)         1.458     1.458 r  design_1_i/clk_wiz_1/inst/clkin1_ibufg/O
                         net (fo=1, routed)           1.233     2.691    design_1_i/clk_wiz_1/inst/clk_in1_design_1_clk_wiz_1_0
    MMCME2_ADV_X1Y0      MMCME2_ADV (Prop_mmcme2_adv_CLKIN1_CLKOUT0)
                                                     -6.961    -4.269 r  design_1_i/clk_wiz_1/inst/mmcm_adv_inst/CLKOUT0
                         net (fo=1, routed)           1.661    -2.608    design_1_i/clk_wiz_1/inst/clk_out1_design_1_clk_wiz_1_0
    BUFGCTRL_X0Y0        BUFG (Prop_bufg_I_O)         0.096    -2.512 r  design_1_i/clk_wiz_1/inst/clkout1_buf/O
                         net (fo=1479, routed)        1.556    -0.956    design_1_i/microblaze_0/U0/MicroBlaze_Core_I/Performance.Core/Data_Flow_I/Operand_Select_I/Clk
    SLICE_X49Y21         FDRE                                         r  design_1_i/microblaze_0/U0/MicroBlaze_Core_I/Performance.Core/Data_Flow_I/Operand_Select_I/EX_Branch_CMP_Op1_reg[24]/C
  -------------------------------------------------------------------    -------------------
    SLICE_X49Y21         FDRE (Prop_fdre_C_Q)         0.419    -0.537 f  design_1_i/microblaze_0/U0/MicroBlaze_Core_I/Performance.Core/Data_Flow_I/Operand_Select_I/EX_Branch_CMP_Op1_reg[24]/Q
                         net (fo=1, routed)           1.283     0.747    design_1_i/microblaze_0/U0/MicroBlaze_Core_I/Performance.Core/Data_Flow_I/Zero_Detect_I/Q[5]
    SLICE_X47Y26         LUT6 (Prop_lut6_I1_O)        0.299     1.046 r  design_1_i/microblaze_0/U0/MicroBlaze_Core_I/Performance.Core/Data_Flow_I/Zero_Detect_I/S0_inferred__0/i_/O
                         net (fo=1, routed)           0.000     1.046    design_1_i/microblaze_0/U0/MicroBlaze_Core_I/Performance.Core/Data_Flow_I/Zero_Detect_I/Zero_Detecting[3].I_Part_Of_Zero_Detect/lopt_2
    SLICE_X47Y26         CARRY4 (Prop_carry4_S[1]_CO[3])
                                                      0.550     1.596 r  design_1_i/microblaze_0/U0/MicroBlaze_Core_I/Performance.Core/Data_Flow_I/Zero_Detect_I/Zero_Detecting[3].I_Part_Of_Zero_Detect/Using_FPGA.Native_CARRY4/CO[3]
                         net (fo=1, routed)           0.000     1.596    design_1_i/microblaze_0/U0/MicroBlaze_Core_I/Performance.Core/Decode_I/jump_logic_I1/MUXCY_JUMP_CARRY2/jump_carry1
    SLICE_X47Y27         CARRY4 (Prop_carry4_CI_CO[3])
                                                      0.114     1.710 r  design_1_i/microblaze_0/U0/MicroBlaze_Core_I/Performance.Core/Decode_I/jump_logic_I1/MUXCY_JUMP_CARRY2/Using_FPGA.Native_CARRY4/CO[3]
                         net (fo=1, routed)           0.000     1.710    design_1_i/microblaze_0/U0/MicroBlaze_Core_I/Performance.Core/Decode_I/jump_logic_I1/MUXCY_JUMP_CARRY6/jump_carry5
    SLICE_X47Y28         CARRY4 (Prop_carry4_CI_CO[0])
                                                      0.271     1.981 r  design_1_i/microblaze_0/U0/MicroBlaze_Core_I/Performance.Core/Decode_I/jump_logic_I1/MUXCY_JUMP_CARRY6/Using_FPGA.Native_CARRY4/CO[0]
                         net (fo=46, routed)          1.305     3.286    design_1_i/microblaze_0/U0/MicroBlaze_Core_I/Performance.Core/Decode_I/jump_logic_I1/MUXCY_JUMP_CARRY6/in0
    SLICE_X51Y19         LUT3 (Prop_lut3_I1_O)        0.401     3.687 r  design_1_i/microblaze_0/U0/MicroBlaze_Core_I/Performance.Core/Decode_I/jump_logic_I1/MUXCY_JUMP_CARRY6/Instr_Addr[29]_INST_0/O
                         net (fo=33, routed)          2.832     6.519    design_1_i/microblaze_0_local_memory/lmb_bram/U0/inst_blk_mem_gen/gnbram.gnative_mem_map_bmg.native_mem_map_blk_mem_gen/valid.cstr/ramloop[0].ram.r/prim_noinit.ram/addrb[0]
    RAMB36_X0Y10         RAMB36E1                                     r  design_1_i/microblaze_0_local_memory/lmb_bram/U0/inst_blk_mem_gen/gnbram.gnative_mem_map_bmg.native_mem_map_blk_mem_gen/valid.cstr/ramloop[0].ram.r/prim_noinit.ram/DEVICE_7SERIES.WITH_BMM_INFO.TRUE_DP.SIMPLE_PRIM36.TDP_SP36_NO_ECC_ATTR.ram/ADDRBWRADDR[0]
  -------------------------------------------------------------------    -------------------

                         (clock clk_out1_design_1_clk_wiz_1_0_1 rise edge)
                                                     10.000    10.000 r  
    W5                                                0.000    10.000 r  sys_clock (IN)
                         net (fo=0)                   0.000    10.000    design_1_i/clk_wiz_1/inst/clk_in1
    W5                   IBUF (Prop_ibuf_I_O)         1.388    11.388 r  design_1_i/clk_wiz_1/inst/clkin1_ibufg/O
                         net (fo=1, routed)           1.162    12.550    design_1_i/clk_wiz_1/inst/clk_in1_design_1_clk_wiz_1_0
    MMCME2_ADV_X1Y0      MMCME2_ADV (Prop_mmcme2_adv_CLKIN1_CLKOUT0)
                                                     -7.217     5.332 r  design_1_i/clk_wiz_1/inst/mmcm_adv_inst/CLKOUT0
                         net (fo=1, routed)           1.581     6.914    design_1_i/clk_wiz_1/inst/clk_out1_design_1_clk_wiz_1_0
    BUFGCTRL_X0Y0        BUFG (Prop_bufg_I_O)         0.091     7.005 r  design_1_i/clk_wiz_1/inst/clkout1_buf/O
                         net (fo=1479, routed)        1.483     8.488    design_1_i/microblaze_0_local_memory/lmb_bram/U0/inst_blk_mem_gen/gnbram.gnative_mem_map_bmg.native_mem_map_blk_mem_gen/valid.cstr/ramloop[0].ram.r/prim_noinit.ram/clkb
    RAMB36_X0Y10         RAMB36E1                                     r  design_1_i/microblaze_0_local_memory/lmb_bram/U0/inst_blk_mem_gen/gnbram.gnative_mem_map_bmg.native_mem_map_blk_mem_gen/valid.cstr/ramloop[0].ram.r/prim_noinit.ram/DEVICE_7SERIES.WITH_BMM_INFO.TRUE_DP.SIMPLE_PRIM36.TDP_SP36_NO_ECC_ATTR.ram/CLKBWRCLK
                         clock pessimism              0.484     8.971    
                         clock uncertainty           -0.074     8.898    
    RAMB36_X0Y10         RAMB36E1 (Setup_ramb36e1_CLKBWRCLK_ADDRBWRADDR[0])
                                                     -0.774     8.124    design_1_i/microblaze_0_local_memory/lmb_bram/U0/inst_blk_mem_gen/gnbram.gnative_mem_map_bmg.native_mem_map_blk_mem_gen/valid.cstr/ramloop[0].ram.r/prim_noinit.ram/DEVICE_7SERIES.WITH_BMM_INFO.TRUE_DP.SIMPLE_PRIM36.TDP_SP36_NO_ECC_ATTR.ram
  -------------------------------------------------------------------
                         required time                          8.124    
                         arrival time                          -6.519    
  -------------------------------------------------------------------
                         slack                                  1.605    

Slack (MET) :             1.641ns  (required time - arrival time)
  Source:                 design_1_i/microblaze_0/U0/MicroBlaze_Core_I/Performance.Core/Data_Flow_I/Operand_Select_I/EX_Branch_CMP_Op1_reg[24]/C
                            (rising edge-triggered cell FDRE clocked by clk_out1_design_1_clk_wiz_1_0_1  {rise@0.000ns fall@5.000ns period=10.000ns})
  Destination:            design_1_i/microblaze_0_local_memory/lmb_bram/U0/inst_blk_mem_gen/gnbram.gnative_mem_map_bmg.native_mem_map_blk_mem_gen/valid.cstr/ramloop[26].ram.r/prim_noinit.ram/DEVICE_7SERIES.WITH_BMM_INFO.TRUE_DP.SIMPLE_PRIM36.TDP_SP36_NO_ECC_ATTR.ram/ADDRBWRADDR[12]
                            (rising edge-triggered cell RAMB36E1 clocked by clk_out1_design_1_clk_wiz_1_0_1  {rise@0.000ns fall@5.000ns period=10.000ns})
  Path Group:             clk_out1_design_1_clk_wiz_1_0_1
  Path Type:              Setup (Max at Slow Process Corner)
  Requirement:            10.000ns  (clk_out1_design_1_clk_wiz_1_0_1 rise@10.000ns - clk_out1_design_1_clk_wiz_1_0_1 rise@0.000ns)
  Data Path Delay:        7.456ns  (logic 2.051ns (27.508%)  route 5.405ns (72.492%))
  Logic Levels:           5  (CARRY4=3 LUT3=1 LUT6=1)
  Clock Path Skew:        -0.056ns (DCD - SCD + CPR)
    Destination Clock Delay (DCD):    -1.503ns = ( 8.497 - 10.000 ) 
    Source Clock Delay      (SCD):    -0.956ns
    Clock Pessimism Removal (CPR):    0.492ns
  Clock Uncertainty:      0.074ns  ((TSJ^2 + DJ^2)^1/2) / 2 + PE
    Total System Jitter     (TSJ):    0.071ns
    Discrete Jitter          (DJ):    0.129ns
    Phase Error              (PE):    0.000ns

    Location             Delay type                Incr(ns)  Path(ns)    Netlist Resource(s)
  -------------------------------------------------------------------    -------------------
                         (clock clk_out1_design_1_clk_wiz_1_0_1 rise edge)
                                                      0.000     0.000 r  
    W5                                                0.000     0.000 r  sys_clock (IN)
                         net (fo=0)                   0.000     0.000    design_1_i/clk_wiz_1/inst/clk_in1
    W5                   IBUF (Prop_ibuf_I_O)         1.458     1.458 r  design_1_i/clk_wiz_1/inst/clkin1_ibufg/O
                         net (fo=1, routed)           1.233     2.691    design_1_i/clk_wiz_1/inst/clk_in1_design_1_clk_wiz_1_0
    MMCME2_ADV_X1Y0      MMCME2_ADV (Prop_mmcme2_adv_CLKIN1_CLKOUT0)
                                                     -6.961    -4.269 r  design_1_i/clk_wiz_1/inst/mmcm_adv_inst/CLKOUT0
                         net (fo=1, routed)           1.661    -2.608    design_1_i/clk_wiz_1/inst/clk_out1_design_1_clk_wiz_1_0
    BUFGCTRL_X0Y0        BUFG (Prop_bufg_I_O)         0.096    -2.512 r  design_1_i/clk_wiz_1/inst/clkout1_buf/O
                         net (fo=1479, routed)        1.556    -0.956    design_1_i/microblaze_0/U0/MicroBlaze_Core_I/Performance.Core/Data_Flow_I/Operand_Select_I/Clk
    SLICE_X49Y21         FDRE                                         r  design_1_i/microblaze_0/U0/MicroBlaze_Core_I/Performance.Core/Data_Flow_I/Operand_Select_I/EX_Branch_CMP_Op1_reg[24]/C
  -------------------------------------------------------------------    -------------------
    SLICE_X49Y21         FDRE (Prop_fdre_C_Q)         0.419    -0.537 f  design_1_i/microblaze_0/U0/MicroBlaze_Core_I/Performance.Core/Data_Flow_I/Operand_Select_I/EX_Branch_CMP_Op1_reg[24]/Q
                         net (fo=1, routed)           1.283     0.747    design_1_i/microblaze_0/U0/MicroBlaze_Core_I/Performance.Core/Data_Flow_I/Zero_Detect_I/Q[5]
    SLICE_X47Y26         LUT6 (Prop_lut6_I1_O)        0.299     1.046 r  design_1_i/microblaze_0/U0/MicroBlaze_Core_I/Performance.Core/Data_Flow_I/Zero_Detect_I/S0_inferred__0/i_/O
                         net (fo=1, routed)           0.000     1.046    design_1_i/microblaze_0/U0/MicroBlaze_Core_I/Performance.Core/Data_Flow_I/Zero_Detect_I/Zero_Detecting[3].I_Part_Of_Zero_Detect/lopt_2
    SLICE_X47Y26         CARRY4 (Prop_carry4_S[1]_CO[3])
                                                      0.550     1.596 r  design_1_i/microblaze_0/U0/MicroBlaze_Core_I/Performance.Core/Data_Flow_I/Zero_Detect_I/Zero_Detecting[3].I_Part_Of_Zero_Detect/Using_FPGA.Native_CARRY4/CO[3]
                         net (fo=1, routed)           0.000     1.596    design_1_i/microblaze_0/U0/MicroBlaze_Core_I/Performance.Core/Decode_I/jump_logic_I1/MUXCY_JUMP_CARRY2/jump_carry1
    SLICE_X47Y27         CARRY4 (Prop_carry4_CI_CO[3])
                                                      0.114     1.710 r  design_1_i/microblaze_0/U0/MicroBlaze_Core_I/Performance.Core/Decode_I/jump_logic_I1/MUXCY_JUMP_CARRY2/Using_FPGA.Native_CARRY4/CO[3]
                         net (fo=1, routed)           0.000     1.710    design_1_i/microblaze_0/U0/MicroBlaze_Core_I/Performance.Core/Decode_I/jump_logic_I1/MUXCY_JUMP_CARRY6/jump_carry5
    SLICE_X47Y28         CARRY4 (Prop_carry4_CI_CO[0])
                                                      0.271     1.981 r  design_1_i/microblaze_0/U0/MicroBlaze_Core_I/Performance.Core/Decode_I/jump_logic_I1/MUXCY_JUMP_CARRY6/Using_FPGA.Native_CARRY4/CO[0]
                         net (fo=46, routed)          1.532     3.513    design_1_i/microblaze_0/U0/MicroBlaze_Core_I/Performance.Core/Decode_I/jump_logic_I1/MUXCY_JUMP_CARRY6/in0
    SLICE_X51Y23         LUT3 (Prop_lut3_I1_O)        0.398     3.911 r  design_1_i/microblaze_0/U0/MicroBlaze_Core_I/Performance.Core/Decode_I/jump_logic_I1/MUXCY_JUMP_CARRY6/Instr_Addr[17]_INST_0/O
                         net (fo=33, routed)          2.589     6.500    design_1_i/microblaze_0_local_memory/lmb_bram/U0/inst_blk_mem_gen/gnbram.gnative_mem_map_bmg.native_mem_map_blk_mem_gen/valid.cstr/ramloop[26].ram.r/prim_noinit.ram/addrb[12]
    RAMB36_X0Y9          RAMB36E1                                     r  design_1_i/microblaze_0_local_memory/lmb_bram/U0/inst_blk_mem_gen/gnbram.gnative_mem_map_bmg.native_mem_map_blk_mem_gen/valid.cstr/ramloop[26].ram.r/prim_noinit.ram/DEVICE_7SERIES.WITH_BMM_INFO.TRUE_DP.SIMPLE_PRIM36.TDP_SP36_NO_ECC_ATTR.ram/ADDRBWRADDR[12]
  -------------------------------------------------------------------    -------------------

                         (clock clk_out1_design_1_clk_wiz_1_0_1 rise edge)
                                                     10.000    10.000 r  
    W5                                                0.000    10.000 r  sys_clock (IN)
                         net (fo=0)                   0.000    10.000    design_1_i/clk_wiz_1/inst/clk_in1
    W5                   IBUF (Prop_ibuf_I_O)         1.388    11.388 r  design_1_i/clk_wiz_1/inst/clkin1_ibufg/O
                         net (fo=1, routed)           1.162    12.550    design_1_i/clk_wiz_1/inst/clk_in1_design_1_clk_wiz_1_0
    MMCME2_ADV_X1Y0      MMCME2_ADV (Prop_mmcme2_adv_CLKIN1_CLKOUT0)
                                                     -7.217     5.332 r  design_1_i/clk_wiz_1/inst/mmcm_adv_inst/CLKOUT0
                         net (fo=1, routed)           1.581     6.914    design_1_i/clk_wiz_1/inst/clk_out1_design_1_clk_wiz_1_0
    BUFGCTRL_X0Y0        BUFG (Prop_bufg_I_O)         0.091     7.005 r  design_1_i/clk_wiz_1/inst/clkout1_buf/O
                         net (fo=1479, routed)        1.493     8.497    design_1_i/microblaze_0_local_memory/lmb_bram/U0/inst_blk_mem_gen/gnbram.gnative_mem_map_bmg.native_mem_map_blk_mem_gen/valid.cstr/ramloop[26].ram.r/prim_noinit.ram/clkb
    RAMB36_X0Y9          RAMB36E1                                     r  design_1_i/microblaze_0_local_memory/lmb_bram/U0/inst_blk_mem_gen/gnbram.gnative_mem_map_bmg.native_mem_map_blk_mem_gen/valid.cstr/ramloop[26].ram.r/prim_noinit.ram/DEVICE_7SERIES.WITH_BMM_INFO.TRUE_DP.SIMPLE_PRIM36.TDP_SP36_NO_ECC_ATTR.ram/CLKBWRCLK
                         clock pessimism              0.492     8.989    
                         clock uncertainty           -0.074     8.915    
    RAMB36_X0Y9          RAMB36E1 (Setup_ramb36e1_CLKBWRCLK_ADDRBWRADDR[12])
                                                     -0.774     8.141    design_1_i/microblaze_0_local_memory/lmb_bram/U0/inst_blk_mem_gen/gnbram.gnative_mem_map_bmg.native_mem_map_blk_mem_gen/valid.cstr/ramloop[26].ram.r/prim_noinit.ram/DEVICE_7SERIES.WITH_BMM_INFO.TRUE_DP.SIMPLE_PRIM36.TDP_SP36_NO_ECC_ATTR.ram
  -------------------------------------------------------------------
                         required time                          8.141    
                         arrival time                          -6.500    
  -------------------------------------------------------------------
                         slack                                  1.641    





Min Delay Paths
--------------------------------------------------------------------------------------
Slack (MET) :             0.109ns  (arrival time - required time)
  Source:                 design_1_i/new_new_SPI_0/inst/new_new_SPI_v1_0_S00_AXI_inst/slv_reg0_reg[15]/C
                            (rising edge-triggered cell FDRE clocked by clk_out1_design_1_clk_wiz_1_0_1  {rise@0.000ns fall@5.000ns period=10.000ns})
  Destination:            design_1_i/new_new_SPI_0/inst/new_new_SPI_v1_0_S00_AXI_inst/axi_rdata_reg[15]/D
                            (rising edge-triggered cell FDRE clocked by clk_out1_design_1_clk_wiz_1_0_1  {rise@0.000ns fall@5.000ns period=10.000ns})
  Path Group:             clk_out1_design_1_clk_wiz_1_0_1
  Path Type:              Hold (Min at Fast Process Corner)
  Requirement:            0.000ns  (clk_out1_design_1_clk_wiz_1_0_1 rise@0.000ns - clk_out1_design_1_clk_wiz_1_0_1 rise@0.000ns)
  Data Path Delay:        0.242ns  (logic 0.186ns (76.827%)  route 0.056ns (23.173%))
  Logic Levels:           1  (LUT4=1)
  Clock Path Skew:        0.013ns (DCD - SCD - CPR)
    Destination Clock Delay (DCD):    -0.868ns
    Source Clock Delay      (SCD):    -0.626ns
    Clock Pessimism Removal (CPR):    -0.254ns

    Location             Delay type                Incr(ns)  Path(ns)    Netlist Resource(s)
  -------------------------------------------------------------------    -------------------
                         (clock clk_out1_design_1_clk_wiz_1_0_1 rise edge)
                                                      0.000     0.000 r  
    W5                                                0.000     0.000 r  sys_clock (IN)
                         net (fo=0)                   0.000     0.000    design_1_i/clk_wiz_1/inst/clk_in1
    W5                   IBUF (Prop_ibuf_I_O)         0.226     0.226 r  design_1_i/clk_wiz_1/inst/clkin1_ibufg/O
                         net (fo=1, routed)           0.440     0.667    design_1_i/clk_wiz_1/inst/clk_in1_design_1_clk_wiz_1_0
    MMCME2_ADV_X1Y0      MMCME2_ADV (Prop_mmcme2_adv_CLKIN1_CLKOUT0)
                                                     -2.360    -1.693 r  design_1_i/clk_wiz_1/inst/mmcm_adv_inst/CLKOUT0
                         net (fo=1, routed)           0.486    -1.207    design_1_i/clk_wiz_1/inst/clk_out1_design_1_clk_wiz_1_0
    BUFGCTRL_X0Y0        BUFG (Prop_bufg_I_O)         0.026    -1.181 r  design_1_i/clk_wiz_1/inst/clkout1_buf/O
                         net (fo=1479, routed)        0.555    -0.626    design_1_i/new_new_SPI_0/inst/new_new_SPI_v1_0_S00_AXI_inst/s00_axi_aclk
    SLICE_X31Y19         FDRE                                         r  design_1_i/new_new_SPI_0/inst/new_new_SPI_v1_0_S00_AXI_inst/slv_reg0_reg[15]/C
  -------------------------------------------------------------------    -------------------
    SLICE_X31Y19         FDRE (Prop_fdre_C_Q)         0.141    -0.485 r  design_1_i/new_new_SPI_0/inst/new_new_SPI_v1_0_S00_AXI_inst/slv_reg0_reg[15]/Q
                         net (fo=1, routed)           0.056    -0.429    design_1_i/new_new_SPI_0/inst/new_new_SPI_v1_0_S00_AXI_inst/slv_reg0_reg_n_0_[15]
    SLICE_X30Y19         LUT4 (Prop_lut4_I1_O)        0.045    -0.384 r  design_1_i/new_new_SPI_0/inst/new_new_SPI_v1_0_S00_AXI_inst/axi_rdata[15]_i_1/O
                         net (fo=1, routed)           0.000    -0.384    design_1_i/new_new_SPI_0/inst/new_new_SPI_v1_0_S00_AXI_inst/reg_data_out[15]
    SLICE_X30Y19         FDRE                                         r  design_1_i/new_new_SPI_0/inst/new_new_SPI_v1_0_S00_AXI_inst/axi_rdata_reg[15]/D
  -------------------------------------------------------------------    -------------------

                         (clock clk_out1_design_1_clk_wiz_1_0_1 rise edge)
                                                      0.000     0.000 r  
    W5                                                0.000     0.000 r  sys_clock (IN)
                         net (fo=0)                   0.000     0.000    design_1_i/clk_wiz_1/inst/clk_in1
    W5                   IBUF (Prop_ibuf_I_O)         0.414     0.414 r  design_1_i/clk_wiz_1/inst/clkin1_ibufg/O
                         net (fo=1, routed)           0.480     0.894    design_1_i/clk_wiz_1/inst/clk_in1_design_1_clk_wiz_1_0
    MMCME2_ADV_X1Y0      MMCME2_ADV (Prop_mmcme2_adv_CLKIN1_CLKOUT0)
                                                     -3.142    -2.248 r  design_1_i/clk_wiz_1/inst/mmcm_adv_inst/CLKOUT0
                         net (fo=1, routed)           0.530    -1.718    design_1_i/clk_wiz_1/inst/clk_out1_design_1_clk_wiz_1_0
    BUFGCTRL_X0Y0        BUFG (Prop_bufg_I_O)         0.029    -1.689 r  design_1_i/clk_wiz_1/inst/clkout1_buf/O
                         net (fo=1479, routed)        0.822    -0.868    design_1_i/new_new_SPI_0/inst/new_new_SPI_v1_0_S00_AXI_inst/s00_axi_aclk
    SLICE_X30Y19         FDRE                                         r  design_1_i/new_new_SPI_0/inst/new_new_SPI_v1_0_S00_AXI_inst/axi_rdata_reg[15]/C
                         clock pessimism              0.254    -0.613    
    SLICE_X30Y19         FDRE (Hold_fdre_C_D)         0.120    -0.493    design_1_i/new_new_SPI_0/inst/new_new_SPI_v1_0_S00_AXI_inst/axi_rdata_reg[15]
  -------------------------------------------------------------------
                         required time                          0.493    
                         arrival time                          -0.384    
  -------------------------------------------------------------------
                         slack                                  0.109    

Slack (MET) :             0.121ns  (arrival time - required time)
  Source:                 design_1_i/axi_uartlite_0/U0/UARTLITE_CORE_I/UARTLITE_RX_I/rx_6_reg/C
                            (rising edge-triggered cell FDRE clocked by clk_out1_design_1_clk_wiz_1_0_1  {rise@0.000ns fall@5.000ns period=10.000ns})
  Destination:            design_1_i/axi_uartlite_0/U0/UARTLITE_CORE_I/UARTLITE_RX_I/start_Edge_Detected_reg/D
                            (rising edge-triggered cell FDRE clocked by clk_out1_design_1_clk_wiz_1_0_1  {rise@0.000ns fall@5.000ns period=10.000ns})
  Path Group:             clk_out1_design_1_clk_wiz_1_0_1
  Path Type:              Hold (Min at Fast Process Corner)
  Requirement:            0.000ns  (clk_out1_design_1_clk_wiz_1_0_1 rise@0.000ns - clk_out1_design_1_clk_wiz_1_0_1 rise@0.000ns)
  Data Path Delay:        0.254ns  (logic 0.186ns (73.160%)  route 0.068ns (26.840%))
  Logic Levels:           1  (LUT6=1)
  Clock Path Skew:        0.013ns (DCD - SCD - CPR)
    Destination Clock Delay (DCD):    -0.861ns
    Source Clock Delay      (SCD):    -0.621ns
    Clock Pessimism Removal (CPR):    -0.252ns

    Location             Delay type                Incr(ns)  Path(ns)    Netlist Resource(s)
  -------------------------------------------------------------------    -------------------
                         (clock clk_out1_design_1_clk_wiz_1_0_1 rise edge)
                                                      0.000     0.000 r  
    W5                                                0.000     0.000 r  sys_clock (IN)
                         net (fo=0)                   0.000     0.000    design_1_i/clk_wiz_1/inst/clk_in1
    W5                   IBUF (Prop_ibuf_I_O)         0.226     0.226 r  design_1_i/clk_wiz_1/inst/clkin1_ibufg/O
                         net (fo=1, routed)           0.440     0.667    design_1_i/clk_wiz_1/inst/clk_in1_design_1_clk_wiz_1_0
    MMCME2_ADV_X1Y0      MMCME2_ADV (Prop_mmcme2_adv_CLKIN1_CLKOUT0)
                                                     -2.360    -1.693 r  design_1_i/clk_wiz_1/inst/mmcm_adv_inst/CLKOUT0
                         net (fo=1, routed)           0.486    -1.207    design_1_i/clk_wiz_1/inst/clk_out1_design_1_clk_wiz_1_0
    BUFGCTRL_X0Y0        BUFG (Prop_bufg_I_O)         0.026    -1.181 r  design_1_i/clk_wiz_1/inst/clkout1_buf/O
                         net (fo=1479, routed)        0.560    -0.621    design_1_i/axi_uartlite_0/U0/UARTLITE_CORE_I/UARTLITE_RX_I/s_axi_aclk
    SLICE_X35Y39         FDRE                                         r  design_1_i/axi_uartlite_0/U0/UARTLITE_CORE_I/UARTLITE_RX_I/rx_6_reg/C
  -------------------------------------------------------------------    -------------------
    SLICE_X35Y39         FDRE (Prop_fdre_C_Q)         0.141    -0.480 f  design_1_i/axi_uartlite_0/U0/UARTLITE_CORE_I/UARTLITE_RX_I/rx_6_reg/Q
                         net (fo=2, routed)           0.068    -0.412    design_1_i/axi_uartlite_0/U0/UARTLITE_CORE_I/UARTLITE_RX_I/rx_6
    SLICE_X34Y39         LUT6 (Prop_lut6_I4_O)        0.045    -0.367 r  design_1_i/axi_uartlite_0/U0/UARTLITE_CORE_I/UARTLITE_RX_I/start_Edge_Detected_i_1/O
                         net (fo=1, routed)           0.000    -0.367    design_1_i/axi_uartlite_0/U0/UARTLITE_CORE_I/UARTLITE_RX_I/start_Edge_Detected0
    SLICE_X34Y39         FDRE                                         r  design_1_i/axi_uartlite_0/U0/UARTLITE_CORE_I/UARTLITE_RX_I/start_Edge_Detected_reg/D
  -------------------------------------------------------------------    -------------------

                         (clock clk_out1_design_1_clk_wiz_1_0_1 rise edge)
                                                      0.000     0.000 r  
    W5                                                0.000     0.000 r  sys_clock (IN)
                         net (fo=0)                   0.000     0.000    design_1_i/clk_wiz_1/inst/clk_in1
    W5                   IBUF (Prop_ibuf_I_O)         0.414     0.414 r  design_1_i/clk_wiz_1/inst/clkin1_ibufg/O
                         net (fo=1, routed)           0.480     0.894    design_1_i/clk_wiz_1/inst/clk_in1_design_1_clk_wiz_1_0
    MMCME2_ADV_X1Y0      MMCME2_ADV (Prop_mmcme2_adv_CLKIN1_CLKOUT0)
                                                     -3.142    -2.248 r  design_1_i/clk_wiz_1/inst/mmcm_adv_inst/CLKOUT0
                         net (fo=1, routed)           0.530    -1.718    design_1_i/clk_wiz_1/inst/clk_out1_design_1_clk_wiz_1_0
    BUFGCTRL_X0Y0        BUFG (Prop_bufg_I_O)         0.029    -1.689 r  design_1_i/clk_wiz_1/inst/clkout1_buf/O
                         net (fo=1479, routed)        0.829    -0.861    design_1_i/axi_uartlite_0/U0/UARTLITE_CORE_I/UARTLITE_RX_I/s_axi_aclk
    SLICE_X34Y39         FDRE                                         r  design_1_i/axi_uartlite_0/U0/UARTLITE_CORE_I/UARTLITE_RX_I/start_Edge_Detected_reg/C
                         clock pessimism              0.252    -0.608    
    SLICE_X34Y39         FDRE (Hold_fdre_C_D)         0.120    -0.488    design_1_i/axi_uartlite_0/U0/UARTLITE_CORE_I/UARTLITE_RX_I/start_Edge_Detected_reg
  -------------------------------------------------------------------
                         required time                          0.488    
                         arrival time                          -0.367    
  -------------------------------------------------------------------
                         slack                                  0.121    

Slack (MET) :             0.122ns  (arrival time - required time)
  Source:                 design_1_i/microblaze_0/U0/MicroBlaze_Core_I/Performance.Core/Use_Debug_Logic.Master_Core.Debug_Perf/Serial_Dbg_Intf.sync_sample/sync_bits[5].sync_bit/Synchronize.use_sync_reset.sync_reg[1]/C
                            (rising edge-triggered cell FDRE clocked by clk_out1_design_1_clk_wiz_1_0_1  {rise@0.000ns fall@5.000ns period=10.000ns})
  Destination:            design_1_i/microblaze_0/U0/MicroBlaze_Core_I/Performance.Core/Use_Debug_Logic.Master_Core.Debug_Perf/Serial_Dbg_Intf.sync_sample/sync_bits[5].sync_bit/Synchronize.use_sync_reset.sync_reg[2]/D
                            (rising edge-triggered cell FDRE clocked by clk_out1_design_1_clk_wiz_1_0_1  {rise@0.000ns fall@5.000ns period=10.000ns})
  Path Group:             clk_out1_design_1_clk_wiz_1_0_1
  Path Type:              Hold (Min at Fast Process Corner)
  Requirement:            0.000ns  (clk_out1_design_1_clk_wiz_1_0_1 rise@0.000ns - clk_out1_design_1_clk_wiz_1_0_1 rise@0.000ns)
  Data Path Delay:        0.197ns  (logic 0.141ns (71.611%)  route 0.056ns (28.389%))
  Logic Levels:           0  
  Clock Path Skew:        0.000ns (DCD - SCD - CPR)
    Destination Clock Delay (DCD):    -0.869ns
    Source Clock Delay      (SCD):    -0.627ns
    Clock Pessimism Removal (CPR):    -0.241ns

    Location             Delay type                Incr(ns)  Path(ns)    Netlist Resource(s)
  -------------------------------------------------------------------    -------------------
                         (clock clk_out1_design_1_clk_wiz_1_0_1 rise edge)
                                                      0.000     0.000 r  
    W5                                                0.000     0.000 r  sys_clock (IN)
                         net (fo=0)                   0.000     0.000    design_1_i/clk_wiz_1/inst/clk_in1
    W5                   IBUF (Prop_ibuf_I_O)         0.226     0.226 r  design_1_i/clk_wiz_1/inst/clkin1_ibufg/O
                         net (fo=1, routed)           0.440     0.667    design_1_i/clk_wiz_1/inst/clk_in1_design_1_clk_wiz_1_0
    MMCME2_ADV_X1Y0      MMCME2_ADV (Prop_mmcme2_adv_CLKIN1_CLKOUT0)
                                                     -2.360    -1.693 r  design_1_i/clk_wiz_1/inst/mmcm_adv_inst/CLKOUT0
                         net (fo=1, routed)           0.486    -1.207    design_1_i/clk_wiz_1/inst/clk_out1_design_1_clk_wiz_1_0
    BUFGCTRL_X0Y0        BUFG (Prop_bufg_I_O)         0.026    -1.181 r  design_1_i/clk_wiz_1/inst/clkout1_buf/O
                         net (fo=1479, routed)        0.554    -0.627    design_1_i/microblaze_0/U0/MicroBlaze_Core_I/Performance.Core/Use_Debug_Logic.Master_Core.Debug_Perf/Serial_Dbg_Intf.sync_sample/sync_bits[5].sync_bit/Clk
    SLICE_X37Y29         FDRE                                         r  design_1_i/microblaze_0/U0/MicroBlaze_Core_I/Performance.Core/Use_Debug_Logic.Master_Core.Debug_Perf/Serial_Dbg_Intf.sync_sample/sync_bits[5].sync_bit/Synchronize.use_sync_reset.sync_reg[1]/C
  -------------------------------------------------------------------    -------------------
    SLICE_X37Y29         FDRE (Prop_fdre_C_Q)         0.141    -0.486 r  design_1_i/microblaze_0/U0/MicroBlaze_Core_I/Performance.Core/Use_Debug_Logic.Master_Core.Debug_Perf/Serial_Dbg_Intf.sync_sample/sync_bits[5].sync_bit/Synchronize.use_sync_reset.sync_reg[1]/Q
                         net (fo=1, routed)           0.056    -0.430    design_1_i/microblaze_0/U0/MicroBlaze_Core_I/Performance.Core/Use_Debug_Logic.Master_Core.Debug_Perf/Serial_Dbg_Intf.sync_sample/sync_bits[5].sync_bit/sync[1]
    SLICE_X37Y29         FDRE                                         r  design_1_i/microblaze_0/U0/MicroBlaze_Core_I/Performance.Core/Use_Debug_Logic.Master_Core.Debug_Perf/Serial_Dbg_Intf.sync_sample/sync_bits[5].sync_bit/Synchronize.use_sync_reset.sync_reg[2]/D
  -------------------------------------------------------------------    -------------------

                         (clock clk_out1_design_1_clk_wiz_1_0_1 rise edge)
                                                      0.000     0.000 r  
    W5                                                0.000     0.000 r  sys_clock (IN)
                         net (fo=0)                   0.000     0.000    design_1_i/clk_wiz_1/inst/clk_in1
    W5                   IBUF (Prop_ibuf_I_O)         0.414     0.414 r  design_1_i/clk_wiz_1/inst/clkin1_ibufg/O
                         net (fo=1, routed)           0.480     0.894    design_1_i/clk_wiz_1/inst/clk_in1_design_1_clk_wiz_1_0
    MMCME2_ADV_X1Y0      MMCME2_ADV (Prop_mmcme2_adv_CLKIN1_CLKOUT0)
                                                     -3.142    -2.248 r  design_1_i/clk_wiz_1/inst/mmcm_adv_inst/CLKOUT0
                         net (fo=1, routed)           0.530    -1.718    design_1_i/clk_wiz_1/inst/clk_out1_design_1_clk_wiz_1_0
    BUFGCTRL_X0Y0        BUFG (Prop_bufg_I_O)         0.029    -1.689 r  design_1_i/clk_wiz_1/inst/clkout1_buf/O
                         net (fo=1479, routed)        0.821    -0.869    design_1_i/microblaze_0/U0/MicroBlaze_Core_I/Performance.Core/Use_Debug_Logic.Master_Core.Debug_Perf/Serial_Dbg_Intf.sync_sample/sync_bits[5].sync_bit/Clk
    SLICE_X37Y29         FDRE                                         r  design_1_i/microblaze_0/U0/MicroBlaze_Core_I/Performance.Core/Use_Debug_Logic.Master_Core.Debug_Perf/Serial_Dbg_Intf.sync_sample/sync_bits[5].sync_bit/Synchronize.use_sync_reset.sync_reg[2]/C
                         clock pessimism              0.241    -0.627    
    SLICE_X37Y29         FDRE (Hold_fdre_C_D)         0.075    -0.552    design_1_i/microblaze_0/U0/MicroBlaze_Core_I/Performance.Core/Use_Debug_Logic.Master_Core.Debug_Perf/Serial_Dbg_Intf.sync_sample/sync_bits[5].sync_bit/Synchronize.use_sync_reset.sync_reg[2]
  -------------------------------------------------------------------
                         required time                          0.552    
                         arrival time                          -0.430    
  -------------------------------------------------------------------
                         slack                                  0.122    

Slack (MET) :             0.122ns  (arrival time - required time)
  Source:                 design_1_i/microblaze_0/U0/MicroBlaze_Core_I/Performance.Core/Use_Debug_Logic.Master_Core.Debug_Perf/Serial_Dbg_Intf.sync_sample/sync_bits[6].sync_bit/Synchronize.use_sync_reset.sync_reg[1]/C
                            (rising edge-triggered cell FDRE clocked by clk_out1_design_1_clk_wiz_1_0_1  {rise@0.000ns fall@5.000ns period=10.000ns})
  Destination:            design_1_i/microblaze_0/U0/MicroBlaze_Core_I/Performance.Core/Use_Debug_Logic.Master_Core.Debug_Perf/Serial_Dbg_Intf.sync_sample/sync_bits[6].sync_bit/Synchronize.use_sync_reset.sync_reg[2]/D
                            (rising edge-triggered cell FDRE clocked by clk_out1_design_1_clk_wiz_1_0_1  {rise@0.000ns fall@5.000ns period=10.000ns})
  Path Group:             clk_out1_design_1_clk_wiz_1_0_1
  Path Type:              Hold (Min at Fast Process Corner)
  Requirement:            0.000ns  (clk_out1_design_1_clk_wiz_1_0_1 rise@0.000ns - clk_out1_design_1_clk_wiz_1_0_1 rise@0.000ns)
  Data Path Delay:        0.197ns  (logic 0.141ns (71.611%)  route 0.056ns (28.389%))
  Logic Levels:           0  
  Clock Path Skew:        0.000ns (DCD - SCD - CPR)
    Destination Clock Delay (DCD):    -0.863ns
    Source Clock Delay      (SCD):    -0.622ns
    Clock Pessimism Removal (CPR):    -0.240ns

    Location             Delay type                Incr(ns)  Path(ns)    Netlist Resource(s)
  -------------------------------------------------------------------    -------------------
                         (clock clk_out1_design_1_clk_wiz_1_0_1 rise edge)
                                                      0.000     0.000 r  
    W5                                                0.000     0.000 r  sys_clock (IN)
                         net (fo=0)                   0.000     0.000    design_1_i/clk_wiz_1/inst/clk_in1
    W5                   IBUF (Prop_ibuf_I_O)         0.226     0.226 r  design_1_i/clk_wiz_1/inst/clkin1_ibufg/O
                         net (fo=1, routed)           0.440     0.667    design_1_i/clk_wiz_1/inst/clk_in1_design_1_clk_wiz_1_0
    MMCME2_ADV_X1Y0      MMCME2_ADV (Prop_mmcme2_adv_CLKIN1_CLKOUT0)
                                                     -2.360    -1.693 r  design_1_i/clk_wiz_1/inst/mmcm_adv_inst/CLKOUT0
                         net (fo=1, routed)           0.486    -1.207    design_1_i/clk_wiz_1/inst/clk_out1_design_1_clk_wiz_1_0
    BUFGCTRL_X0Y0        BUFG (Prop_bufg_I_O)         0.026    -1.181 r  design_1_i/clk_wiz_1/inst/clkout1_buf/O
                         net (fo=1479, routed)        0.559    -0.622    design_1_i/microblaze_0/U0/MicroBlaze_Core_I/Performance.Core/Use_Debug_Logic.Master_Core.Debug_Perf/Serial_Dbg_Intf.sync_sample/sync_bits[6].sync_bit/Clk
    SLICE_X39Y14         FDRE                                         r  design_1_i/microblaze_0/U0/MicroBlaze_Core_I/Performance.Core/Use_Debug_Logic.Master_Core.Debug_Perf/Serial_Dbg_Intf.sync_sample/sync_bits[6].sync_bit/Synchronize.use_sync_reset.sync_reg[1]/C
  -------------------------------------------------------------------    -------------------
    SLICE_X39Y14         FDRE (Prop_fdre_C_Q)         0.141    -0.481 r  design_1_i/microblaze_0/U0/MicroBlaze_Core_I/Performance.Core/Use_Debug_Logic.Master_Core.Debug_Perf/Serial_Dbg_Intf.sync_sample/sync_bits[6].sync_bit/Synchronize.use_sync_reset.sync_reg[1]/Q
                         net (fo=1, routed)           0.056    -0.425    design_1_i/microblaze_0/U0/MicroBlaze_Core_I/Performance.Core/Use_Debug_Logic.Master_Core.Debug_Perf/Serial_Dbg_Intf.sync_sample/sync_bits[6].sync_bit/sync[1]
    SLICE_X39Y14         FDRE                                         r  design_1_i/microblaze_0/U0/MicroBlaze_Core_I/Performance.Core/Use_Debug_Logic.Master_Core.Debug_Perf/Serial_Dbg_Intf.sync_sample/sync_bits[6].sync_bit/Synchronize.use_sync_reset.sync_reg[2]/D
  -------------------------------------------------------------------    -------------------

                         (clock clk_out1_design_1_clk_wiz_1_0_1 rise edge)
                                                      0.000     0.000 r  
    W5                                                0.000     0.000 r  sys_clock (IN)
                         net (fo=0)                   0.000     0.000    design_1_i/clk_wiz_1/inst/clk_in1
    W5                   IBUF (Prop_ibuf_I_O)         0.414     0.414 r  design_1_i/clk_wiz_1/inst/clkin1_ibufg/O
                         net (fo=1, routed)           0.480     0.894    design_1_i/clk_wiz_1/inst/clk_in1_design_1_clk_wiz_1_0
    MMCME2_ADV_X1Y0      MMCME2_ADV (Prop_mmcme2_adv_CLKIN1_CLKOUT0)
                                                     -3.142    -2.248 r  design_1_i/clk_wiz_1/inst/mmcm_adv_inst/CLKOUT0
                         net (fo=1, routed)           0.530    -1.718    design_1_i/clk_wiz_1/inst/clk_out1_design_1_clk_wiz_1_0
    BUFGCTRL_X0Y0        BUFG (Prop_bufg_I_O)         0.029    -1.689 r  design_1_i/clk_wiz_1/inst/clkout1_buf/O
                         net (fo=1479, routed)        0.827    -0.863    design_1_i/microblaze_0/U0/MicroBlaze_Core_I/Performance.Core/Use_Debug_Logic.Master_Core.Debug_Perf/Serial_Dbg_Intf.sync_sample/sync_bits[6].sync_bit/Clk
    SLICE_X39Y14         FDRE                                         r  design_1_i/microblaze_0/U0/MicroBlaze_Core_I/Performance.Core/Use_Debug_Logic.Master_Core.Debug_Perf/Serial_Dbg_Intf.sync_sample/sync_bits[6].sync_bit/Synchronize.use_sync_reset.sync_reg[2]/C
                         clock pessimism              0.240    -0.622    
    SLICE_X39Y14         FDRE (Hold_fdre_C_D)         0.075    -0.547    design_1_i/microblaze_0/U0/MicroBlaze_Core_I/Performance.Core/Use_Debug_Logic.Master_Core.Debug_Perf/Serial_Dbg_Intf.sync_sample/sync_bits[6].sync_bit/Synchronize.use_sync_reset.sync_reg[2]
  -------------------------------------------------------------------
                         required time                          0.547    
                         arrival time                          -0.425    
  -------------------------------------------------------------------
                         slack                                  0.122    

Slack (MET) :             0.122ns  (arrival time - required time)
  Source:                 design_1_i/rst_clk_wiz_1_100M/U0/EXT_LPF/ACTIVE_LOW_AUX.ACT_LO_AUX/GENERATE_LEVEL_P_S_CDC.SINGLE_BIT.CROSS_PLEVEL_IN2SCNDRY_IN_cdc_to/C
                            (rising edge-triggered cell FDRE clocked by clk_out1_design_1_clk_wiz_1_0_1  {rise@0.000ns fall@5.000ns period=10.000ns})
  Destination:            design_1_i/rst_clk_wiz_1_100M/U0/EXT_LPF/ACTIVE_LOW_AUX.ACT_LO_AUX/GENERATE_LEVEL_P_S_CDC.SINGLE_BIT.CROSS_PLEVEL_IN2SCNDRY_s_level_out_d2/D
                            (rising edge-triggered cell FDRE clocked by clk_out1_design_1_clk_wiz_1_0_1  {rise@0.000ns fall@5.000ns period=10.000ns})
  Path Group:             clk_out1_design_1_clk_wiz_1_0_1
  Path Type:              Hold (Min at Fast Process Corner)
  Requirement:            0.000ns  (clk_out1_design_1_clk_wiz_1_0_1 rise@0.000ns - clk_out1_design_1_clk_wiz_1_0_1 rise@0.000ns)
  Data Path Delay:        0.197ns  (logic 0.141ns (71.611%)  route 0.056ns (28.389%))
  Logic Levels:           0  
  Clock Path Skew:        0.000ns (DCD - SCD - CPR)
    Destination Clock Delay (DCD):    -0.859ns
    Source Clock Delay      (SCD):    -0.619ns
    Clock Pessimism Removal (CPR):    -0.239ns

    Location             Delay type                Incr(ns)  Path(ns)    Netlist Resource(s)
  -------------------------------------------------------------------    -------------------
                         (clock clk_out1_design_1_clk_wiz_1_0_1 rise edge)
                                                      0.000     0.000 r  
    W5                                                0.000     0.000 r  sys_clock (IN)
                         net (fo=0)                   0.000     0.000    design_1_i/clk_wiz_1/inst/clk_in1
    W5                   IBUF (Prop_ibuf_I_O)         0.226     0.226 r  design_1_i/clk_wiz_1/inst/clkin1_ibufg/O
                         net (fo=1, routed)           0.440     0.667    design_1_i/clk_wiz_1/inst/clk_in1_design_1_clk_wiz_1_0
    MMCME2_ADV_X1Y0      MMCME2_ADV (Prop_mmcme2_adv_CLKIN1_CLKOUT0)
                                                     -2.360    -1.693 r  design_1_i/clk_wiz_1/inst/mmcm_adv_inst/CLKOUT0
                         net (fo=1, routed)           0.486    -1.207    design_1_i/clk_wiz_1/inst/clk_out1_design_1_clk_wiz_1_0
    BUFGCTRL_X0Y0        BUFG (Prop_bufg_I_O)         0.026    -1.181 r  design_1_i/clk_wiz_1/inst/clkout1_buf/O
                         net (fo=1479, routed)        0.562    -0.619    design_1_i/rst_clk_wiz_1_100M/U0/EXT_LPF/ACTIVE_LOW_AUX.ACT_LO_AUX/slowest_sync_clk
    SLICE_X37Y41         FDRE                                         r  design_1_i/rst_clk_wiz_1_100M/U0/EXT_LPF/ACTIVE_LOW_AUX.ACT_LO_AUX/GENERATE_LEVEL_P_S_CDC.SINGLE_BIT.CROSS_PLEVEL_IN2SCNDRY_IN_cdc_to/C
  -------------------------------------------------------------------    -------------------
    SLICE_X37Y41         FDRE (Prop_fdre_C_Q)         0.141    -0.478 r  design_1_i/rst_clk_wiz_1_100M/U0/EXT_LPF/ACTIVE_LOW_AUX.ACT_LO_AUX/GENERATE_LEVEL_P_S_CDC.SINGLE_BIT.CROSS_PLEVEL_IN2SCNDRY_IN_cdc_to/Q
                         net (fo=1, routed)           0.056    -0.422    design_1_i/rst_clk_wiz_1_100M/U0/EXT_LPF/ACTIVE_LOW_AUX.ACT_LO_AUX/s_level_out_d1_cdc_to
    SLICE_X37Y41         FDRE                                         r  design_1_i/rst_clk_wiz_1_100M/U0/EXT_LPF/ACTIVE_LOW_AUX.ACT_LO_AUX/GENERATE_LEVEL_P_S_CDC.SINGLE_BIT.CROSS_PLEVEL_IN2SCNDRY_s_level_out_d2/D
  -------------------------------------------------------------------    -------------------

                         (clock clk_out1_design_1_clk_wiz_1_0_1 rise edge)
                                                      0.000     0.000 r  
    W5                                                0.000     0.000 r  sys_clock (IN)
                         net (fo=0)                   0.000     0.000    design_1_i/clk_wiz_1/inst/clk_in1
    W5                   IBUF (Prop_ibuf_I_O)         0.414     0.414 r  design_1_i/clk_wiz_1/inst/clkin1_ibufg/O
                         net (fo=1, routed)           0.480     0.894    design_1_i/clk_wiz_1/inst/clk_in1_design_1_clk_wiz_1_0
    MMCME2_ADV_X1Y0      MMCME2_ADV (Prop_mmcme2_adv_CLKIN1_CLKOUT0)
                                                     -3.142    -2.248 r  design_1_i/clk_wiz_1/inst/mmcm_adv_inst/CLKOUT0
                         net (fo=1, routed)           0.530    -1.718    design_1_i/clk_wiz_1/inst/clk_out1_design_1_clk_wiz_1_0
    BUFGCTRL_X0Y0        BUFG (Prop_bufg_I_O)         0.029    -1.689 r  design_1_i/clk_wiz_1/inst/clkout1_buf/O
                         net (fo=1479, routed)        0.831    -0.859    design_1_i/rst_clk_wiz_1_100M/U0/EXT_LPF/ACTIVE_LOW_AUX.ACT_LO_AUX/slowest_sync_clk
    SLICE_X37Y41         FDRE                                         r  design_1_i/rst_clk_wiz_1_100M/U0/EXT_LPF/ACTIVE_LOW_AUX.ACT_LO_AUX/GENERATE_LEVEL_P_S_CDC.SINGLE_BIT.CROSS_PLEVEL_IN2SCNDRY_s_level_out_d2/C
                         clock pessimism              0.239    -0.619    
    SLICE_X37Y41         FDRE (Hold_fdre_C_D)         0.075    -0.544    design_1_i/rst_clk_wiz_1_100M/U0/EXT_LPF/ACTIVE_LOW_AUX.ACT_LO_AUX/GENERATE_LEVEL_P_S_CDC.SINGLE_BIT.CROSS_PLEVEL_IN2SCNDRY_s_level_out_d2
  -------------------------------------------------------------------
                         required time                          0.544    
                         arrival time                          -0.422    
  -------------------------------------------------------------------
                         slack                                  0.122    

Slack (MET) :             0.126ns  (arrival time - required time)
  Source:                 design_1_i/microblaze_0/U0/MicroBlaze_Core_I/Performance.Core/Use_Debug_Logic.Master_Core.Debug_Perf/Serial_Dbg_Intf.sync_sample/sync_bits[7].sync_bit/Synchronize.use_sync_reset.sync_reg[1]/C
                            (rising edge-triggered cell FDRE clocked by clk_out1_design_1_clk_wiz_1_0_1  {rise@0.000ns fall@5.000ns period=10.000ns})
  Destination:            design_1_i/microblaze_0/U0/MicroBlaze_Core_I/Performance.Core/Use_Debug_Logic.Master_Core.Debug_Perf/Serial_Dbg_Intf.sync_sample/sync_bits[7].sync_bit/Synchronize.use_sync_reset.sync_reg[2]/D
                            (rising edge-triggered cell FDRE clocked by clk_out1_design_1_clk_wiz_1_0_1  {rise@0.000ns fall@5.000ns period=10.000ns})
  Path Group:             clk_out1_design_1_clk_wiz_1_0_1
  Path Type:              Hold (Min at Fast Process Corner)
  Requirement:            0.000ns  (clk_out1_design_1_clk_wiz_1_0_1 rise@0.000ns - clk_out1_design_1_clk_wiz_1_0_1 rise@0.000ns)
  Data Path Delay:        0.197ns  (logic 0.141ns (71.611%)  route 0.056ns (28.389%))
  Logic Levels:           0  
  Clock Path Skew:        0.000ns (DCD - SCD - CPR)
    Destination Clock Delay (DCD):    -0.869ns
    Source Clock Delay      (SCD):    -0.627ns
    Clock Pessimism Removal (CPR):    -0.241ns

    Location             Delay type                Incr(ns)  Path(ns)    Netlist Resource(s)
  -------------------------------------------------------------------    -------------------
                         (clock clk_out1_design_1_clk_wiz_1_0_1 rise edge)
                                                      0.000     0.000 r  
    W5                                                0.000     0.000 r  sys_clock (IN)
                         net (fo=0)                   0.000     0.000    design_1_i/clk_wiz_1/inst/clk_in1
    W5                   IBUF (Prop_ibuf_I_O)         0.226     0.226 r  design_1_i/clk_wiz_1/inst/clkin1_ibufg/O
                         net (fo=1, routed)           0.440     0.667    design_1_i/clk_wiz_1/inst/clk_in1_design_1_clk_wiz_1_0
    MMCME2_ADV_X1Y0      MMCME2_ADV (Prop_mmcme2_adv_CLKIN1_CLKOUT0)
                                                     -2.360    -1.693 r  design_1_i/clk_wiz_1/inst/mmcm_adv_inst/CLKOUT0
                         net (fo=1, routed)           0.486    -1.207    design_1_i/clk_wiz_1/inst/clk_out1_design_1_clk_wiz_1_0
    BUFGCTRL_X0Y0        BUFG (Prop_bufg_I_O)         0.026    -1.181 r  design_1_i/clk_wiz_1/inst/clkout1_buf/O
                         net (fo=1479, routed)        0.554    -0.627    design_1_i/microblaze_0/U0/MicroBlaze_Core_I/Performance.Core/Use_Debug_Logic.Master_Core.Debug_Perf/Serial_Dbg_Intf.sync_sample/sync_bits[7].sync_bit/Clk
    SLICE_X37Y29         FDRE                                         r  design_1_i/microblaze_0/U0/MicroBlaze_Core_I/Performance.Core/Use_Debug_Logic.Master_Core.Debug_Perf/Serial_Dbg_Intf.sync_sample/sync_bits[7].sync_bit/Synchronize.use_sync_reset.sync_reg[1]/C
  -------------------------------------------------------------------    -------------------
    SLICE_X37Y29         FDRE (Prop_fdre_C_Q)         0.141    -0.486 r  design_1_i/microblaze_0/U0/MicroBlaze_Core_I/Performance.Core/Use_Debug_Logic.Master_Core.Debug_Perf/Serial_Dbg_Intf.sync_sample/sync_bits[7].sync_bit/Synchronize.use_sync_reset.sync_reg[1]/Q
                         net (fo=1, routed)           0.056    -0.430    design_1_i/microblaze_0/U0/MicroBlaze_Core_I/Performance.Core/Use_Debug_Logic.Master_Core.Debug_Perf/Serial_Dbg_Intf.sync_sample/sync_bits[7].sync_bit/sync[1]
    SLICE_X37Y29         FDRE                                         r  design_1_i/microblaze_0/U0/MicroBlaze_Core_I/Performance.Core/Use_Debug_Logic.Master_Core.Debug_Perf/Serial_Dbg_Intf.sync_sample/sync_bits[7].sync_bit/Synchronize.use_sync_reset.sync_reg[2]/D
  -------------------------------------------------------------------    -------------------

                         (clock clk_out1_design_1_clk_wiz_1_0_1 rise edge)
                                                      0.000     0.000 r  
    W5                                                0.000     0.000 r  sys_clock (IN)
                         net (fo=0)                   0.000     0.000    design_1_i/clk_wiz_1/inst/clk_in1
    W5                   IBUF (Prop_ibuf_I_O)         0.414     0.414 r  design_1_i/clk_wiz_1/inst/clkin1_ibufg/O
                         net (fo=1, routed)           0.480     0.894    design_1_i/clk_wiz_1/inst/clk_in1_design_1_clk_wiz_1_0
    MMCME2_ADV_X1Y0      MMCME2_ADV (Prop_mmcme2_adv_CLKIN1_CLKOUT0)
                                                     -3.142    -2.248 r  design_1_i/clk_wiz_1/inst/mmcm_adv_inst/CLKOUT0
                         net (fo=1, routed)           0.530    -1.718    design_1_i/clk_wiz_1/inst/clk_out1_design_1_clk_wiz_1_0
    BUFGCTRL_X0Y0        BUFG (Prop_bufg_I_O)         0.029    -1.689 r  design_1_i/clk_wiz_1/inst/clkout1_buf/O
                         net (fo=1479, routed)        0.821    -0.869    design_1_i/microblaze_0/U0/MicroBlaze_Core_I/Performance.Core/Use_Debug_Logic.Master_Core.Debug_Perf/Serial_Dbg_Intf.sync_sample/sync_bits[7].sync_bit/Clk
    SLICE_X37Y29         FDRE                                         r  design_1_i/microblaze_0/U0/MicroBlaze_Core_I/Performance.Core/Use_Debug_Logic.Master_Core.Debug_Perf/Serial_Dbg_Intf.sync_sample/sync_bits[7].sync_bit/Synchronize.use_sync_reset.sync_reg[2]/C
                         clock pessimism              0.241    -0.627    
    SLICE_X37Y29         FDRE (Hold_fdre_C_D)         0.071    -0.556    design_1_i/microblaze_0/U0/MicroBlaze_Core_I/Performance.Core/Use_Debug_Logic.Master_Core.Debug_Perf/Serial_Dbg_Intf.sync_sample/sync_bits[7].sync_bit/Synchronize.use_sync_reset.sync_reg[2]
  -------------------------------------------------------------------
                         required time                          0.556    
                         arrival time                          -0.430    
  -------------------------------------------------------------------
                         slack                                  0.126    

Slack (MET) :             0.128ns  (arrival time - required time)
  Source:                 design_1_i/axi_uartlite_0/U0/UARTLITE_CORE_I/UARTLITE_TX_I/mux_sel_reg[0]/C
                            (rising edge-triggered cell FDSE clocked by clk_out1_design_1_clk_wiz_1_0_1  {rise@0.000ns fall@5.000ns period=10.000ns})
  Destination:            design_1_i/axi_uartlite_0/U0/UARTLITE_CORE_I/UARTLITE_TX_I/mux_sel_reg[2]/D
                            (rising edge-triggered cell FDSE clocked by clk_out1_design_1_clk_wiz_1_0_1  {rise@0.000ns fall@5.000ns period=10.000ns})
  Path Group:             clk_out1_design_1_clk_wiz_1_0_1
  Path Type:              Hold (Min at Fast Process Corner)
  Requirement:            0.000ns  (clk_out1_design_1_clk_wiz_1_0_1 rise@0.000ns - clk_out1_design_1_clk_wiz_1_0_1 rise@0.000ns)
  Data Path Delay:        0.262ns  (logic 0.186ns (70.964%)  route 0.076ns (29.036%))
  Logic Levels:           1  (LUT5=1)
  Clock Path Skew:        0.013ns (DCD - SCD - CPR)
    Destination Clock Delay (DCD):    -0.863ns
    Source Clock Delay      (SCD):    -0.622ns
    Clock Pessimism Removal (CPR):    -0.253ns

    Location             Delay type                Incr(ns)  Path(ns)    Netlist Resource(s)
  -------------------------------------------------------------------    -------------------
                         (clock clk_out1_design_1_clk_wiz_1_0_1 rise edge)
                                                      0.000     0.000 r  
    W5                                                0.000     0.000 r  sys_clock (IN)
                         net (fo=0)                   0.000     0.000    design_1_i/clk_wiz_1/inst/clk_in1
    W5                   IBUF (Prop_ibuf_I_O)         0.226     0.226 r  design_1_i/clk_wiz_1/inst/clkin1_ibufg/O
                         net (fo=1, routed)           0.440     0.667    design_1_i/clk_wiz_1/inst/clk_in1_design_1_clk_wiz_1_0
    MMCME2_ADV_X1Y0      MMCME2_ADV (Prop_mmcme2_adv_CLKIN1_CLKOUT0)
                                                     -2.360    -1.693 r  design_1_i/clk_wiz_1/inst/mmcm_adv_inst/CLKOUT0
                         net (fo=1, routed)           0.486    -1.207    design_1_i/clk_wiz_1/inst/clk_out1_design_1_clk_wiz_1_0
    BUFGCTRL_X0Y0        BUFG (Prop_bufg_I_O)         0.026    -1.181 r  design_1_i/clk_wiz_1/inst/clkout1_buf/O
                         net (fo=1479, routed)        0.559    -0.622    design_1_i/axi_uartlite_0/U0/UARTLITE_CORE_I/UARTLITE_TX_I/s_axi_aclk
    SLICE_X31Y35         FDSE                                         r  design_1_i/axi_uartlite_0/U0/UARTLITE_CORE_I/UARTLITE_TX_I/mux_sel_reg[0]/C
  -------------------------------------------------------------------    -------------------
    SLICE_X31Y35         FDSE (Prop_fdse_C_Q)         0.141    -0.481 f  design_1_i/axi_uartlite_0/U0/UARTLITE_CORE_I/UARTLITE_TX_I/mux_sel_reg[0]/Q
                         net (fo=5, routed)           0.076    -0.405    design_1_i/axi_uartlite_0/U0/UARTLITE_CORE_I/UARTLITE_TX_I/mux_sel_reg_n_0_[0]
    SLICE_X30Y35         LUT5 (Prop_lut5_I2_O)        0.045    -0.360 r  design_1_i/axi_uartlite_0/U0/UARTLITE_CORE_I/UARTLITE_TX_I/mux_sel[2]_i_1/O
                         net (fo=1, routed)           0.000    -0.360    design_1_i/axi_uartlite_0/U0/UARTLITE_CORE_I/UARTLITE_TX_I/mux_sel[2]_i_1_n_0
    SLICE_X30Y35         FDSE                                         r  design_1_i/axi_uartlite_0/U0/UARTLITE_CORE_I/UARTLITE_TX_I/mux_sel_reg[2]/D
  -------------------------------------------------------------------    -------------------

                         (clock clk_out1_design_1_clk_wiz_1_0_1 rise edge)
                                                      0.000     0.000 r  
    W5                                                0.000     0.000 r  sys_clock (IN)
                         net (fo=0)                   0.000     0.000    design_1_i/clk_wiz_1/inst/clk_in1
    W5                   IBUF (Prop_ibuf_I_O)         0.414     0.414 r  design_1_i/clk_wiz_1/inst/clkin1_ibufg/O
                         net (fo=1, routed)           0.480     0.894    design_1_i/clk_wiz_1/inst/clk_in1_design_1_clk_wiz_1_0
    MMCME2_ADV_X1Y0      MMCME2_ADV (Prop_mmcme2_adv_CLKIN1_CLKOUT0)
                                                     -3.142    -2.248 r  design_1_i/clk_wiz_1/inst/mmcm_adv_inst/CLKOUT0
                         net (fo=1, routed)           0.530    -1.718    design_1_i/clk_wiz_1/inst/clk_out1_design_1_clk_wiz_1_0
    BUFGCTRL_X0Y0        BUFG (Prop_bufg_I_O)         0.029    -1.689 r  design_1_i/clk_wiz_1/inst/clkout1_buf/O
                         net (fo=1479, routed)        0.827    -0.863    design_1_i/axi_uartlite_0/U0/UARTLITE_CORE_I/UARTLITE_TX_I/s_axi_aclk
    SLICE_X30Y35         FDSE                                         r  design_1_i/axi_uartlite_0/U0/UARTLITE_CORE_I/UARTLITE_TX_I/mux_sel_reg[2]/C
                         clock pessimism              0.253    -0.609    
    SLICE_X30Y35         FDSE (Hold_fdse_C_D)         0.121    -0.488    design_1_i/axi_uartlite_0/U0/UARTLITE_CORE_I/UARTLITE_TX_I/mux_sel_reg[2]
  -------------------------------------------------------------------
                         required time                          0.488    
                         arrival time                          -0.360    
  -------------------------------------------------------------------
                         slack                                  0.128    

Slack (MET) :             0.130ns  (arrival time - required time)
  Source:                 design_1_i/rst_clk_wiz_1_100M/U0/EXT_LPF/AUX_LPF[2].asr_lpf_reg[2]/C
                            (rising edge-triggered cell FDRE clocked by clk_out1_design_1_clk_wiz_1_0_1  {rise@0.000ns fall@5.000ns period=10.000ns})
  Destination:            design_1_i/rst_clk_wiz_1_100M/U0/EXT_LPF/AUX_LPF[3].asr_lpf_reg[3]/D
                            (rising edge-triggered cell FDRE clocked by clk_out1_design_1_clk_wiz_1_0_1  {rise@0.000ns fall@5.000ns period=10.000ns})
  Path Group:             clk_out1_design_1_clk_wiz_1_0_1
  Path Type:              Hold (Min at Fast Process Corner)
  Requirement:            0.000ns  (clk_out1_design_1_clk_wiz_1_0_1 rise@0.000ns - clk_out1_design_1_clk_wiz_1_0_1 rise@0.000ns)
  Data Path Delay:        0.208ns  (logic 0.141ns (67.788%)  route 0.067ns (32.212%))
  Logic Levels:           0  
  Clock Path Skew:        0.000ns (DCD - SCD - CPR)
    Destination Clock Delay (DCD):    -0.859ns
    Source Clock Delay      (SCD):    -0.619ns
    Clock Pessimism Removal (CPR):    -0.239ns

    Location             Delay type                Incr(ns)  Path(ns)    Netlist Resource(s)
  -------------------------------------------------------------------    -------------------
                         (clock clk_out1_design_1_clk_wiz_1_0_1 rise edge)
                                                      0.000     0.000 r  
    W5                                                0.000     0.000 r  sys_clock (IN)
                         net (fo=0)                   0.000     0.000    design_1_i/clk_wiz_1/inst/clk_in1
    W5                   IBUF (Prop_ibuf_I_O)         0.226     0.226 r  design_1_i/clk_wiz_1/inst/clkin1_ibufg/O
                         net (fo=1, routed)           0.440     0.667    design_1_i/clk_wiz_1/inst/clk_in1_design_1_clk_wiz_1_0
    MMCME2_ADV_X1Y0      MMCME2_ADV (Prop_mmcme2_adv_CLKIN1_CLKOUT0)
                                                     -2.360    -1.693 r  design_1_i/clk_wiz_1/inst/mmcm_adv_inst/CLKOUT0
                         net (fo=1, routed)           0.486    -1.207    design_1_i/clk_wiz_1/inst/clk_out1_design_1_clk_wiz_1_0
    BUFGCTRL_X0Y0        BUFG (Prop_bufg_I_O)         0.026    -1.181 r  design_1_i/clk_wiz_1/inst/clkout1_buf/O
                         net (fo=1479, routed)        0.562    -0.619    design_1_i/rst_clk_wiz_1_100M/U0/EXT_LPF/slowest_sync_clk
    SLICE_X37Y41         FDRE                                         r  design_1_i/rst_clk_wiz_1_100M/U0/EXT_LPF/AUX_LPF[2].asr_lpf_reg[2]/C
  -------------------------------------------------------------------    -------------------
    SLICE_X37Y41         FDRE (Prop_fdre_C_Q)         0.141    -0.478 r  design_1_i/rst_clk_wiz_1_100M/U0/EXT_LPF/AUX_LPF[2].asr_lpf_reg[2]/Q
                         net (fo=2, routed)           0.067    -0.411    design_1_i/rst_clk_wiz_1_100M/U0/EXT_LPF/p_1_in
    SLICE_X37Y41         FDRE                                         r  design_1_i/rst_clk_wiz_1_100M/U0/EXT_LPF/AUX_LPF[3].asr_lpf_reg[3]/D
  -------------------------------------------------------------------    -------------------

                         (clock clk_out1_design_1_clk_wiz_1_0_1 rise edge)
                                                      0.000     0.000 r  
    W5                                                0.000     0.000 r  sys_clock (IN)
                         net (fo=0)                   0.000     0.000    design_1_i/clk_wiz_1/inst/clk_in1
    W5                   IBUF (Prop_ibuf_I_O)         0.414     0.414 r  design_1_i/clk_wiz_1/inst/clkin1_ibufg/O
                         net (fo=1, routed)           0.480     0.894    design_1_i/clk_wiz_1/inst/clk_in1_design_1_clk_wiz_1_0
    MMCME2_ADV_X1Y0      MMCME2_ADV (Prop_mmcme2_adv_CLKIN1_CLKOUT0)
                                                     -3.142    -2.248 r  design_1_i/clk_wiz_1/inst/mmcm_adv_inst/CLKOUT0
                         net (fo=1, routed)           0.530    -1.718    design_1_i/clk_wiz_1/inst/clk_out1_design_1_clk_wiz_1_0
    BUFGCTRL_X0Y0        BUFG (Prop_bufg_I_O)         0.029    -1.689 r  design_1_i/clk_wiz_1/inst/clkout1_buf/O
                         net (fo=1479, routed)        0.831    -0.859    design_1_i/rst_clk_wiz_1_100M/U0/EXT_LPF/slowest_sync_clk
    SLICE_X37Y41         FDRE                                         r  design_1_i/rst_clk_wiz_1_100M/U0/EXT_LPF/AUX_LPF[3].asr_lpf_reg[3]/C
                         clock pessimism              0.239    -0.619    
    SLICE_X37Y41         FDRE (Hold_fdre_C_D)         0.078    -0.541    design_1_i/rst_clk_wiz_1_100M/U0/EXT_LPF/AUX_LPF[3].asr_lpf_reg[3]
  -------------------------------------------------------------------
                         required time                          0.541    
                         arrival time                          -0.411    
  -------------------------------------------------------------------
                         slack                                  0.130    

Slack (MET) :             0.131ns  (arrival time - required time)
  Source:                 design_1_i/axi_uartlite_0/U0/UARTLITE_CORE_I/UARTLITE_RX_I/INPUT_DOUBLE_REGS3/GENERATE_LEVEL_P_S_CDC.SINGLE_BIT.CROSS_PLEVEL_IN2SCNDRY_IN_cdc_to/C
                            (rising edge-triggered cell FDRE clocked by clk_out1_design_1_clk_wiz_1_0_1  {rise@0.000ns fall@5.000ns period=10.000ns})
  Destination:            design_1_i/axi_uartlite_0/U0/UARTLITE_CORE_I/UARTLITE_RX_I/INPUT_DOUBLE_REGS3/GENERATE_LEVEL_P_S_CDC.SINGLE_BIT.CROSS_PLEVEL_IN2SCNDRY_s_level_out_d2/D
                            (rising edge-triggered cell FDRE clocked by clk_out1_design_1_clk_wiz_1_0_1  {rise@0.000ns fall@5.000ns period=10.000ns})
  Path Group:             clk_out1_design_1_clk_wiz_1_0_1
  Path Type:              Hold (Min at Fast Process Corner)
  Requirement:            0.000ns  (clk_out1_design_1_clk_wiz_1_0_1 rise@0.000ns - clk_out1_design_1_clk_wiz_1_0_1 rise@0.000ns)
  Data Path Delay:        0.206ns  (logic 0.141ns (68.336%)  route 0.065ns (31.664%))
  Logic Levels:           0  
  Clock Path Skew:        0.000ns (DCD - SCD - CPR)
    Destination Clock Delay (DCD):    -0.858ns
    Source Clock Delay      (SCD):    -0.619ns
    Clock Pessimism Removal (CPR):    -0.238ns

    Location             Delay type                Incr(ns)  Path(ns)    Netlist Resource(s)
  -------------------------------------------------------------------    -------------------
                         (clock clk_out1_design_1_clk_wiz_1_0_1 rise edge)
                                                      0.000     0.000 r  
    W5                                                0.000     0.000 r  sys_clock (IN)
                         net (fo=0)                   0.000     0.000    design_1_i/clk_wiz_1/inst/clk_in1
    W5                   IBUF (Prop_ibuf_I_O)         0.226     0.226 r  design_1_i/clk_wiz_1/inst/clkin1_ibufg/O
                         net (fo=1, routed)           0.440     0.667    design_1_i/clk_wiz_1/inst/clk_in1_design_1_clk_wiz_1_0
    MMCME2_ADV_X1Y0      MMCME2_ADV (Prop_mmcme2_adv_CLKIN1_CLKOUT0)
                                                     -2.360    -1.693 r  design_1_i/clk_wiz_1/inst/mmcm_adv_inst/CLKOUT0
                         net (fo=1, routed)           0.486    -1.207    design_1_i/clk_wiz_1/inst/clk_out1_design_1_clk_wiz_1_0
    BUFGCTRL_X0Y0        BUFG (Prop_bufg_I_O)         0.026    -1.181 r  design_1_i/clk_wiz_1/inst/clkout1_buf/O
                         net (fo=1479, routed)        0.562    -0.619    design_1_i/axi_uartlite_0/U0/UARTLITE_CORE_I/UARTLITE_RX_I/INPUT_DOUBLE_REGS3/s_axi_aclk
    SLICE_X28Y42         FDRE                                         r  design_1_i/axi_uartlite_0/U0/UARTLITE_CORE_I/UARTLITE_RX_I/INPUT_DOUBLE_REGS3/GENERATE_LEVEL_P_S_CDC.SINGLE_BIT.CROSS_PLEVEL_IN2SCNDRY_IN_cdc_to/C
  -------------------------------------------------------------------    -------------------
    SLICE_X28Y42         FDRE (Prop_fdre_C_Q)         0.141    -0.478 r  design_1_i/axi_uartlite_0/U0/UARTLITE_CORE_I/UARTLITE_RX_I/INPUT_DOUBLE_REGS3/GENERATE_LEVEL_P_S_CDC.SINGLE_BIT.CROSS_PLEVEL_IN2SCNDRY_IN_cdc_to/Q
                         net (fo=1, routed)           0.065    -0.413    design_1_i/axi_uartlite_0/U0/UARTLITE_CORE_I/UARTLITE_RX_I/INPUT_DOUBLE_REGS3/s_level_out_d1_cdc_to
    SLICE_X28Y42         FDRE                                         r  design_1_i/axi_uartlite_0/U0/UARTLITE_CORE_I/UARTLITE_RX_I/INPUT_DOUBLE_REGS3/GENERATE_LEVEL_P_S_CDC.SINGLE_BIT.CROSS_PLEVEL_IN2SCNDRY_s_level_out_d2/D
  -------------------------------------------------------------------    -------------------

                         (clock clk_out1_design_1_clk_wiz_1_0_1 rise edge)
                                                      0.000     0.000 r  
    W5                                                0.000     0.000 r  sys_clock (IN)
                         net (fo=0)                   0.000     0.000    design_1_i/clk_wiz_1/inst/clk_in1
    W5                   IBUF (Prop_ibuf_I_O)         0.414     0.414 r  design_1_i/clk_wiz_1/inst/clkin1_ibufg/O
                         net (fo=1, routed)           0.480     0.894    design_1_i/clk_wiz_1/inst/clk_in1_design_1_clk_wiz_1_0
    MMCME2_ADV_X1Y0      MMCME2_ADV (Prop_mmcme2_adv_CLKIN1_CLKOUT0)
                                                     -3.142    -2.248 r  design_1_i/clk_wiz_1/inst/mmcm_adv_inst/CLKOUT0
                         net (fo=1, routed)           0.530    -1.718    design_1_i/clk_wiz_1/inst/clk_out1_design_1_clk_wiz_1_0
    BUFGCTRL_X0Y0        BUFG (Prop_bufg_I_O)         0.029    -1.689 r  design_1_i/clk_wiz_1/inst/clkout1_buf/O
                         net (fo=1479, routed)        0.832    -0.858    design_1_i/axi_uartlite_0/U0/UARTLITE_CORE_I/UARTLITE_RX_I/INPUT_DOUBLE_REGS3/s_axi_aclk
    SLICE_X28Y42         FDRE                                         r  design_1_i/axi_uartlite_0/U0/UARTLITE_CORE_I/UARTLITE_RX_I/INPUT_DOUBLE_REGS3/GENERATE_LEVEL_P_S_CDC.SINGLE_BIT.CROSS_PLEVEL_IN2SCNDRY_s_level_out_d2/C
                         clock pessimism              0.238    -0.619    
    SLICE_X28Y42         FDRE (Hold_fdre_C_D)         0.075    -0.544    design_1_i/axi_uartlite_0/U0/UARTLITE_CORE_I/UARTLITE_RX_I/INPUT_DOUBLE_REGS3/GENERATE_LEVEL_P_S_CDC.SINGLE_BIT.CROSS_PLEVEL_IN2SCNDRY_s_level_out_d2
  -------------------------------------------------------------------
                         required time                          0.544    
                         arrival time                          -0.413    
  -------------------------------------------------------------------
                         slack                                  0.131    

Slack (MET) :             0.131ns  (arrival time - required time)
  Source:                 design_1_i/rst_clk_wiz_1_100M/U0/EXT_LPF/ACTIVE_HIGH_EXT.ACT_HI_EXT/GENERATE_LEVEL_P_S_CDC.SINGLE_BIT.CROSS_PLEVEL_IN2SCNDRY_IN_cdc_to/C
                            (rising edge-triggered cell FDRE clocked by clk_out1_design_1_clk_wiz_1_0_1  {rise@0.000ns fall@5.000ns period=10.000ns})
  Destination:            design_1_i/rst_clk_wiz_1_100M/U0/EXT_LPF/ACTIVE_HIGH_EXT.ACT_HI_EXT/GENERATE_LEVEL_P_S_CDC.SINGLE_BIT.CROSS_PLEVEL_IN2SCNDRY_s_level_out_d2/D
                            (rising edge-triggered cell FDRE clocked by clk_out1_design_1_clk_wiz_1_0_1  {rise@0.000ns fall@5.000ns period=10.000ns})
  Path Group:             clk_out1_design_1_clk_wiz_1_0_1
  Path Type:              Hold (Min at Fast Process Corner)
  Requirement:            0.000ns  (clk_out1_design_1_clk_wiz_1_0_1 rise@0.000ns - clk_out1_design_1_clk_wiz_1_0_1 rise@0.000ns)
  Data Path Delay:        0.206ns  (logic 0.141ns (68.336%)  route 0.065ns (31.664%))
  Logic Levels:           0  
  Clock Path Skew:        0.000ns (DCD - SCD - CPR)
    Destination Clock Delay (DCD):    -0.858ns
    Source Clock Delay      (SCD):    -0.619ns
    Clock Pessimism Removal (CPR):    -0.238ns

    Location             Delay type                Incr(ns)  Path(ns)    Netlist Resource(s)
  -------------------------------------------------------------------    -------------------
                         (clock clk_out1_design_1_clk_wiz_1_0_1 rise edge)
                                                      0.000     0.000 r  
    W5                                                0.000     0.000 r  sys_clock (IN)
                         net (fo=0)                   0.000     0.000    design_1_i/clk_wiz_1/inst/clk_in1
    W5                   IBUF (Prop_ibuf_I_O)         0.226     0.226 r  design_1_i/clk_wiz_1/inst/clkin1_ibufg/O
                         net (fo=1, routed)           0.440     0.667    design_1_i/clk_wiz_1/inst/clk_in1_design_1_clk_wiz_1_0
    MMCME2_ADV_X1Y0      MMCME2_ADV (Prop_mmcme2_adv_CLKIN1_CLKOUT0)
                                                     -2.360    -1.693 r  design_1_i/clk_wiz_1/inst/mmcm_adv_inst/CLKOUT0
                         net (fo=1, routed)           0.486    -1.207    design_1_i/clk_wiz_1/inst/clk_out1_design_1_clk_wiz_1_0
    BUFGCTRL_X0Y0        BUFG (Prop_bufg_I_O)         0.026    -1.181 r  design_1_i/clk_wiz_1/inst/clkout1_buf/O
                         net (fo=1479, routed)        0.562    -0.619    design_1_i/rst_clk_wiz_1_100M/U0/EXT_LPF/ACTIVE_HIGH_EXT.ACT_HI_EXT/slowest_sync_clk
    SLICE_X40Y41         FDRE                                         r  design_1_i/rst_clk_wiz_1_100M/U0/EXT_LPF/ACTIVE_HIGH_EXT.ACT_HI_EXT/GENERATE_LEVEL_P_S_CDC.SINGLE_BIT.CROSS_PLEVEL_IN2SCNDRY_IN_cdc_to/C
  -------------------------------------------------------------------    -------------------
    SLICE_X40Y41         FDRE (Prop_fdre_C_Q)         0.141    -0.478 r  design_1_i/rst_clk_wiz_1_100M/U0/EXT_LPF/ACTIVE_HIGH_EXT.ACT_HI_EXT/GENERATE_LEVEL_P_S_CDC.SINGLE_BIT.CROSS_PLEVEL_IN2SCNDRY_IN_cdc_to/Q
                         net (fo=1, routed)           0.065    -0.413    design_1_i/rst_clk_wiz_1_100M/U0/EXT_LPF/ACTIVE_HIGH_EXT.ACT_HI_EXT/s_level_out_d1_cdc_to
    SLICE_X40Y41         FDRE                                         r  design_1_i/rst_clk_wiz_1_100M/U0/EXT_LPF/ACTIVE_HIGH_EXT.ACT_HI_EXT/GENERATE_LEVEL_P_S_CDC.SINGLE_BIT.CROSS_PLEVEL_IN2SCNDRY_s_level_out_d2/D
  -------------------------------------------------------------------    -------------------

                         (clock clk_out1_design_1_clk_wiz_1_0_1 rise edge)
                                                      0.000     0.000 r  
    W5                                                0.000     0.000 r  sys_clock (IN)
                         net (fo=0)                   0.000     0.000    design_1_i/clk_wiz_1/inst/clk_in1
    W5                   IBUF (Prop_ibuf_I_O)         0.414     0.414 r  design_1_i/clk_wiz_1/inst/clkin1_ibufg/O
                         net (fo=1, routed)           0.480     0.894    design_1_i/clk_wiz_1/inst/clk_in1_design_1_clk_wiz_1_0
    MMCME2_ADV_X1Y0      MMCME2_ADV (Prop_mmcme2_adv_CLKIN1_CLKOUT0)
                                                     -3.142    -2.248 r  design_1_i/clk_wiz_1/inst/mmcm_adv_inst/CLKOUT0
                         net (fo=1, routed)           0.530    -1.718    design_1_i/clk_wiz_1/inst/clk_out1_design_1_clk_wiz_1_0
    BUFGCTRL_X0Y0        BUFG (Prop_bufg_I_O)         0.029    -1.689 r  design_1_i/clk_wiz_1/inst/clkout1_buf/O
                         net (fo=1479, routed)        0.832    -0.858    design_1_i/rst_clk_wiz_1_100M/U0/EXT_LPF/ACTIVE_HIGH_EXT.ACT_HI_EXT/slowest_sync_clk
    SLICE_X40Y41         FDRE                                         r  design_1_i/rst_clk_wiz_1_100M/U0/EXT_LPF/ACTIVE_HIGH_EXT.ACT_HI_EXT/GENERATE_LEVEL_P_S_CDC.SINGLE_BIT.CROSS_PLEVEL_IN2SCNDRY_s_level_out_d2/C
                         clock pessimism              0.238    -0.619    
    SLICE_X40Y41         FDRE (Hold_fdre_C_D)         0.075    -0.544    design_1_i/rst_clk_wiz_1_100M/U0/EXT_LPF/ACTIVE_HIGH_EXT.ACT_HI_EXT/GENERATE_LEVEL_P_S_CDC.SINGLE_BIT.CROSS_PLEVEL_IN2SCNDRY_s_level_out_d2
  -------------------------------------------------------------------
                         required time                          0.544    
                         arrival time                          -0.413    
  -------------------------------------------------------------------
                         slack                                  0.131    





Pulse Width Checks
--------------------------------------------------------------------------------------
Clock Name:         clk_out1_design_1_clk_wiz_1_0_1
Waveform(ns):       { 0.000 5.000 }
Period(ns):         10.000
Sources:            { design_1_i/clk_wiz_1/inst/mmcm_adv_inst/CLKOUT0 }

Check Type        Corner  Lib Pin             Reference Pin  Required(ns)  Actual(ns)  Slack(ns)  Location         Pin
Min Period        n/a     RAMB36E1/CLKARDCLK  n/a            2.576         10.000      7.424      RAMB36_X2Y3      design_1_i/microblaze_0_local_memory/lmb_bram/U0/inst_blk_mem_gen/gnbram.gnative_mem_map_bmg.native_mem_map_blk_mem_gen/valid.cstr/ramloop[12].ram.r/prim_noinit.ram/DEVICE_7SERIES.WITH_BMM_INFO.TRUE_DP.SIMPLE_PRIM36.TDP_SP36_NO_ECC_ATTR.ram/CLKARDCLK
Min Period        n/a     RAMB36E1/CLKBWRCLK  n/a            2.576         10.000      7.424      RAMB36_X2Y3      design_1_i/microblaze_0_local_memory/lmb_bram/U0/inst_blk_mem_gen/gnbram.gnative_mem_map_bmg.native_mem_map_blk_mem_gen/valid.cstr/ramloop[12].ram.r/prim_noinit.ram/DEVICE_7SERIES.WITH_BMM_INFO.TRUE_DP.SIMPLE_PRIM36.TDP_SP36_NO_ECC_ATTR.ram/CLKBWRCLK
Min Period        n/a     RAMB36E1/CLKARDCLK  n/a            2.576         10.000      7.424      RAMB36_X2Y4      design_1_i/microblaze_0_local_memory/lmb_bram/U0/inst_blk_mem_gen/gnbram.gnative_mem_map_bmg.native_mem_map_blk_mem_gen/valid.cstr/ramloop[15].ram.r/prim_noinit.ram/DEVICE_7SERIES.WITH_BMM_INFO.TRUE_DP.SIMPLE_PRIM36.TDP_SP36_NO_ECC_ATTR.ram/CLKARDCLK
Min Period        n/a     RAMB36E1/CLKBWRCLK  n/a            2.576         10.000      7.424      RAMB36_X2Y4      design_1_i/microblaze_0_local_memory/lmb_bram/U0/inst_blk_mem_gen/gnbram.gnative_mem_map_bmg.native_mem_map_blk_mem_gen/valid.cstr/ramloop[15].ram.r/prim_noinit.ram/DEVICE_7SERIES.WITH_BMM_INFO.TRUE_DP.SIMPLE_PRIM36.TDP_SP36_NO_ECC_ATTR.ram/CLKBWRCLK
Min Period        n/a     RAMB36E1/CLKARDCLK  n/a            2.576         10.000      7.424      RAMB36_X1Y6      design_1_i/microblaze_0_local_memory/lmb_bram/U0/inst_blk_mem_gen/gnbram.gnative_mem_map_bmg.native_mem_map_blk_mem_gen/valid.cstr/ramloop[18].ram.r/prim_noinit.ram/DEVICE_7SERIES.WITH_BMM_INFO.TRUE_DP.SIMPLE_PRIM36.TDP_SP36_NO_ECC_ATTR.ram/CLKARDCLK
Min Period        n/a     RAMB36E1/CLKBWRCLK  n/a            2.576         10.000      7.424      RAMB36_X1Y6      design_1_i/microblaze_0_local_memory/lmb_bram/U0/inst_blk_mem_gen/gnbram.gnative_mem_map_bmg.native_mem_map_blk_mem_gen/valid.cstr/ramloop[18].ram.r/prim_noinit.ram/DEVICE_7SERIES.WITH_BMM_INFO.TRUE_DP.SIMPLE_PRIM36.TDP_SP36_NO_ECC_ATTR.ram/CLKBWRCLK
Min Period        n/a     RAMB36E1/CLKARDCLK  n/a            2.576         10.000      7.424      RAMB36_X1Y9      design_1_i/microblaze_0_local_memory/lmb_bram/U0/inst_blk_mem_gen/gnbram.gnative_mem_map_bmg.native_mem_map_blk_mem_gen/valid.cstr/ramloop[20].ram.r/prim_noinit.ram/DEVICE_7SERIES.WITH_BMM_INFO.TRUE_DP.SIMPLE_PRIM36.TDP_SP36_NO_ECC_ATTR.ram/CLKARDCLK
Min Period        n/a     RAMB36E1/CLKBWRCLK  n/a            2.576         10.000      7.424      RAMB36_X1Y9      design_1_i/microblaze_0_local_memory/lmb_bram/U0/inst_blk_mem_gen/gnbram.gnative_mem_map_bmg.native_mem_map_blk_mem_gen/valid.cstr/ramloop[20].ram.r/prim_noinit.ram/DEVICE_7SERIES.WITH_BMM_INFO.TRUE_DP.SIMPLE_PRIM36.TDP_SP36_NO_ECC_ATTR.ram/CLKBWRCLK
Min Period        n/a     RAMB36E1/CLKARDCLK  n/a            2.576         10.000      7.424      RAMB36_X2Y1      design_1_i/microblaze_0_local_memory/lmb_bram/U0/inst_blk_mem_gen/gnbram.gnative_mem_map_bmg.native_mem_map_blk_mem_gen/valid.cstr/ramloop[23].ram.r/prim_noinit.ram/DEVICE_7SERIES.WITH_BMM_INFO.TRUE_DP.SIMPLE_PRIM36.TDP_SP36_NO_ECC_ATTR.ram/CLKARDCLK
Min Period        n/a     RAMB36E1/CLKBWRCLK  n/a            2.576         10.000      7.424      RAMB36_X2Y1      design_1_i/microblaze_0_local_memory/lmb_bram/U0/inst_blk_mem_gen/gnbram.gnative_mem_map_bmg.native_mem_map_blk_mem_gen/valid.cstr/ramloop[23].ram.r/prim_noinit.ram/DEVICE_7SERIES.WITH_BMM_INFO.TRUE_DP.SIMPLE_PRIM36.TDP_SP36_NO_ECC_ATTR.ram/CLKBWRCLK
Max Period        n/a     MMCME2_ADV/CLKOUT0  n/a            213.360       10.000      203.360    MMCME2_ADV_X1Y0  design_1_i/clk_wiz_1/inst/mmcm_adv_inst/CLKOUT0
Low Pulse Width   Slow    RAMD32/CLK          n/a            1.250         5.000       3.750      SLICE_X38Y27     design_1_i/microblaze_0/U0/MicroBlaze_Core_I/Performance.Core/Data_Flow_I/Register_File_I/Using_LUT6.All_RAM32M[2].ram32m_i/Using_FPGA.Native/RAMA/CLK
Low Pulse Width   Slow    RAMD32/CLK          n/a            1.250         5.000       3.750      SLICE_X38Y27     design_1_i/microblaze_0/U0/MicroBlaze_Core_I/Performance.Core/Data_Flow_I/Register_File_I/Using_LUT6.All_RAM32M[2].ram32m_i/Using_FPGA.Native/RAMA_D1/CLK
Low Pulse Width   Slow    RAMD32/CLK          n/a            1.250         5.000       3.750      SLICE_X38Y27     design_1_i/microblaze_0/U0/MicroBlaze_Core_I/Performance.Core/Data_Flow_I/Register_File_I/Using_LUT6.All_RAM32M[2].ram32m_i/Using_FPGA.Native/RAMB/CLK
Low Pulse Width   Slow    RAMD32/CLK          n/a            1.250         5.000       3.750      SLICE_X38Y27     design_1_i/microblaze_0/U0/MicroBlaze_Core_I/Performance.Core/Data_Flow_I/Register_File_I/Using_LUT6.All_RAM32M[2].ram32m_i/Using_FPGA.Native/RAMB_D1/CLK
Low Pulse Width   Slow    RAMD32/CLK          n/a            1.250         5.000       3.750      SLICE_X38Y27     design_1_i/microblaze_0/U0/MicroBlaze_Core_I/Performance.Core/Data_Flow_I/Register_File_I/Using_LUT6.All_RAM32M[2].ram32m_i/Using_FPGA.Native/RAMC/CLK
Low Pulse Width   Slow    RAMD32/CLK          n/a            1.250         5.000       3.750      SLICE_X38Y27     design_1_i/microblaze_0/U0/MicroBlaze_Core_I/Performance.Core/Data_Flow_I/Register_File_I/Using_LUT6.All_RAM32M[2].ram32m_i/Using_FPGA.Native/RAMC_D1/CLK
Low Pulse Width   Slow    RAMS32/CLK          n/a            1.250         5.000       3.750      SLICE_X38Y27     design_1_i/microblaze_0/U0/MicroBlaze_Core_I/Performance.Core/Data_Flow_I/Register_File_I/Using_LUT6.All_RAM32M[2].ram32m_i/Using_FPGA.Native/RAMD/CLK
Low Pulse Width   Slow    RAMS32/CLK          n/a            1.250         5.000       3.750      SLICE_X38Y27     design_1_i/microblaze_0/U0/MicroBlaze_Core_I/Performance.Core/Data_Flow_I/Register_File_I/Using_LUT6.All_RAM32M[2].ram32m_i/Using_FPGA.Native/RAMD_D1/CLK
Low Pulse Width   Slow    RAMD32/CLK          n/a            1.250         5.000       3.750      SLICE_X38Y26     design_1_i/microblaze_0/U0/MicroBlaze_Core_I/Performance.Core/Data_Flow_I/Register_File_I/Using_LUT6.All_RAM32M[3].ram32m_i/Using_FPGA.Native/RAMA/CLK
Low Pulse Width   Slow    RAMD32/CLK          n/a            1.250         5.000       3.750      SLICE_X38Y26     design_1_i/microblaze_0/U0/MicroBlaze_Core_I/Performance.Core/Data_Flow_I/Register_File_I/Using_LUT6.All_RAM32M[3].ram32m_i/Using_FPGA.Native/RAMA_D1/CLK
High Pulse Width  Fast    RAMS32/CLK          n/a            1.250         5.000       3.750      SLICE_X38Y28     design_1_i/microblaze_0/U0/MicroBlaze_Core_I/Performance.Core/Data_Flow_I/Register_File_I/Using_LUT6.All_RAM32M[1].ram32m_i/Using_FPGA.Native/RAMD/CLK
High Pulse Width  Fast    RAMS32/CLK          n/a            1.250         5.000       3.750      SLICE_X38Y28     design_1_i/microblaze_0/U0/MicroBlaze_Core_I/Performance.Core/Data_Flow_I/Register_File_I/Using_LUT6.All_RAM32M[1].ram32m_i/Using_FPGA.Native/RAMD_D1/CLK
High Pulse Width  Fast    RAMD32/CLK          n/a            1.250         5.000       3.750      SLICE_X38Y27     design_1_i/microblaze_0/U0/MicroBlaze_Core_I/Performance.Core/Data_Flow_I/Register_File_I/Using_LUT6.All_RAM32M[2].ram32m_i/Using_FPGA.Native/RAMA/CLK
High Pulse Width  Fast    RAMD32/CLK          n/a            1.250         5.000       3.750      SLICE_X38Y27     design_1_i/microblaze_0/U0/MicroBlaze_Core_I/Performance.Core/Data_Flow_I/Register_File_I/Using_LUT6.All_RAM32M[2].ram32m_i/Using_FPGA.Native/RAMA_D1/CLK
High Pulse Width  Fast    RAMD32/CLK          n/a            1.250         5.000       3.750      SLICE_X38Y27     design_1_i/microblaze_0/U0/MicroBlaze_Core_I/Performance.Core/Data_Flow_I/Register_File_I/Using_LUT6.All_RAM32M[2].ram32m_i/Using_FPGA.Native/RAMB/CLK
High Pulse Width  Fast    RAMD32/CLK          n/a            1.250         5.000       3.750      SLICE_X38Y27     design_1_i/microblaze_0/U0/MicroBlaze_Core_I/Performance.Core/Data_Flow_I/Register_File_I/Using_LUT6.All_RAM32M[2].ram32m_i/Using_FPGA.Native/RAMB_D1/CLK
High Pulse Width  Fast    RAMD32/CLK          n/a            1.250         5.000       3.750      SLICE_X38Y27     design_1_i/microblaze_0/U0/MicroBlaze_Core_I/Performance.Core/Data_Flow_I/Register_File_I/Using_LUT6.All_RAM32M[2].ram32m_i/Using_FPGA.Native/RAMC/CLK
High Pulse Width  Fast    RAMD32/CLK          n/a            1.250         5.000       3.750      SLICE_X38Y27     design_1_i/microblaze_0/U0/MicroBlaze_Core_I/Performance.Core/Data_Flow_I/Register_File_I/Using_LUT6.All_RAM32M[2].ram32m_i/Using_FPGA.Native/RAMC_D1/CLK
High Pulse Width  Fast    RAMS32/CLK          n/a            1.250         5.000       3.750      SLICE_X38Y27     design_1_i/microblaze_0/U0/MicroBlaze_Core_I/Performance.Core/Data_Flow_I/Register_File_I/Using_LUT6.All_RAM32M[2].ram32m_i/Using_FPGA.Native/RAMD/CLK
High Pulse Width  Fast    RAMS32/CLK          n/a            1.250         5.000       3.750      SLICE_X38Y27     design_1_i/microblaze_0/U0/MicroBlaze_Core_I/Performance.Core/Data_Flow_I/Register_File_I/Using_LUT6.All_RAM32M[2].ram32m_i/Using_FPGA.Native/RAMD_D1/CLK



---------------------------------------------------------------------------------------------------
From Clock:  clkfbout_design_1_clk_wiz_1_0_1
  To Clock:  clkfbout_design_1_clk_wiz_1_0_1

Setup :           NA  Failing Endpoints,  Worst Slack           NA  ,  Total Violation           NA
Hold  :           NA  Failing Endpoints,  Worst Slack           NA  ,  Total Violation           NA
PW    :            0  Failing Endpoints,  Worst Slack        7.845ns,  Total Violation        0.000ns
---------------------------------------------------------------------------------------------------


Pulse Width Checks
--------------------------------------------------------------------------------------
Clock Name:         clkfbout_design_1_clk_wiz_1_0_1
Waveform(ns):       { 0.000 5.000 }
Period(ns):         10.000
Sources:            { design_1_i/clk_wiz_1/inst/mmcm_adv_inst/CLKFBOUT }

Check Type  Corner  Lib Pin              Reference Pin  Required(ns)  Actual(ns)  Slack(ns)  Location         Pin
Min Period  n/a     BUFG/I               n/a            2.155         10.000      7.845      BUFGCTRL_X0Y3    design_1_i/clk_wiz_1/inst/clkf_buf/I
Min Period  n/a     MMCME2_ADV/CLKFBOUT  n/a            1.249         10.000      8.751      MMCME2_ADV_X1Y0  design_1_i/clk_wiz_1/inst/mmcm_adv_inst/CLKFBOUT
Min Period  n/a     MMCME2_ADV/CLKFBIN   n/a            1.249         10.000      8.751      MMCME2_ADV_X1Y0  design_1_i/clk_wiz_1/inst/mmcm_adv_inst/CLKFBIN
Max Period  n/a     MMCME2_ADV/CLKFBIN   n/a            100.000       10.000      90.000     MMCME2_ADV_X1Y0  design_1_i/clk_wiz_1/inst/mmcm_adv_inst/CLKFBIN
Max Period  n/a     MMCME2_ADV/CLKFBOUT  n/a            213.360       10.000      203.360    MMCME2_ADV_X1Y0  design_1_i/clk_wiz_1/inst/mmcm_adv_inst/CLKFBOUT



---------------------------------------------------------------------------------------------------
From Clock:  sys_clock
  To Clock:  sys_clock

Setup :           NA  Failing Endpoints,  Worst Slack           NA  ,  Total Violation           NA
Hold  :           NA  Failing Endpoints,  Worst Slack           NA  ,  Total Violation           NA
PW    :            0  Failing Endpoints,  Worst Slack        3.000ns,  Total Violation        0.000ns
---------------------------------------------------------------------------------------------------


Pulse Width Checks
--------------------------------------------------------------------------------------
Clock Name:         sys_clock
Waveform(ns):       { 0.000 5.000 }
Period(ns):         10.000
Sources:            { sys_clock }

Check Type        Corner  Lib Pin            Reference Pin  Required(ns)  Actual(ns)  Slack(ns)  Location         Pin
Min Period        n/a     MMCME2_ADV/CLKIN1  n/a            1.249         10.000      8.751      MMCME2_ADV_X1Y0  design_1_i/clk_wiz_1/inst/mmcm_adv_inst/CLKIN1
Max Period        n/a     MMCME2_ADV/CLKIN1  n/a            100.000       10.000      90.000     MMCME2_ADV_X1Y0  design_1_i/clk_wiz_1/inst/mmcm_adv_inst/CLKIN1
Low Pulse Width   Fast    MMCME2_ADV/CLKIN1  n/a            2.000         5.000       3.000      MMCME2_ADV_X1Y0  design_1_i/clk_wiz_1/inst/mmcm_adv_inst/CLKIN1
Low Pulse Width   Slow    MMCME2_ADV/CLKIN1  n/a            2.000         5.000       3.000      MMCME2_ADV_X1Y0  design_1_i/clk_wiz_1/inst/mmcm_adv_inst/CLKIN1
High Pulse Width  Slow    MMCME2_ADV/CLKIN1  n/a            2.000         5.000       3.000      MMCME2_ADV_X1Y0  design_1_i/clk_wiz_1/inst/mmcm_adv_inst/CLKIN1
High Pulse Width  Fast    MMCME2_ADV/CLKIN1  n/a            2.000         5.000       3.000      MMCME2_ADV_X1Y0  design_1_i/clk_wiz_1/inst/mmcm_adv_inst/CLKIN1



---------------------------------------------------------------------------------------------------
From Clock:  clk_out1_design_1_clk_wiz_1_0
  To Clock:  clk_out1_design_1_clk_wiz_1_0

Setup :            0  Failing Endpoints,  Worst Slack        1.513ns,  Total Violation        0.000ns
Hold  :            0  Failing Endpoints,  Worst Slack        0.109ns,  Total Violation        0.000ns
PW    :            0  Failing Endpoints,  Worst Slack        3.750ns,  Total Violation        0.000ns
---------------------------------------------------------------------------------------------------


Max Delay Paths
--------------------------------------------------------------------------------------
Slack (MET) :             1.513ns  (required time - arrival time)
  Source:                 design_1_i/microblaze_0/U0/MicroBlaze_Core_I/Performance.Core/Data_Flow_I/Operand_Select_I/EX_Branch_CMP_Op1_reg[24]/C
                            (rising edge-triggered cell FDRE clocked by clk_out1_design_1_clk_wiz_1_0  {rise@0.000ns fall@5.000ns period=10.000ns})
  Destination:            design_1_i/microblaze_0_local_memory/lmb_bram/U0/inst_blk_mem_gen/gnbram.gnative_mem_map_bmg.native_mem_map_blk_mem_gen/valid.cstr/ramloop[2].ram.r/prim_noinit.ram/DEVICE_7SERIES.WITH_BMM_INFO.TRUE_DP.SIMPLE_PRIM36.TDP_SP36_NO_ECC_ATTR.ram/ADDRBWRADDR[12]
                            (rising edge-triggered cell RAMB36E1 clocked by clk_out1_design_1_clk_wiz_1_0  {rise@0.000ns fall@5.000ns period=10.000ns})
  Path Group:             clk_out1_design_1_clk_wiz_1_0
  Path Type:              Setup (Max at Slow Process Corner)
  Requirement:            10.000ns  (clk_out1_design_1_clk_wiz_1_0 rise@10.000ns - clk_out1_design_1_clk_wiz_1_0 rise@0.000ns)
  Data Path Delay:        7.565ns  (logic 2.051ns (27.113%)  route 5.514ns (72.887%))
  Logic Levels:           5  (CARRY4=3 LUT3=1 LUT6=1)
  Clock Path Skew:        -0.074ns (DCD - SCD + CPR)
    Destination Clock Delay (DCD):    -1.513ns = ( 8.487 - 10.000 ) 
    Source Clock Delay      (SCD):    -0.956ns
    Clock Pessimism Removal (CPR):    0.484ns
  Clock Uncertainty:      0.074ns  ((TSJ^2 + DJ^2)^1/2) / 2 + PE
    Total System Jitter     (TSJ):    0.071ns
    Discrete Jitter          (DJ):    0.131ns
    Phase Error              (PE):    0.000ns

    Location             Delay type                Incr(ns)  Path(ns)    Netlist Resource(s)
  -------------------------------------------------------------------    -------------------
                         (clock clk_out1_design_1_clk_wiz_1_0 rise edge)
                                                      0.000     0.000 r  
    W5                                                0.000     0.000 r  sys_clock (IN)
                         net (fo=0)                   0.000     0.000    design_1_i/clk_wiz_1/inst/clk_in1
    W5                   IBUF (Prop_ibuf_I_O)         1.458     1.458 r  design_1_i/clk_wiz_1/inst/clkin1_ibufg/O
                         net (fo=1, routed)           1.233     2.691    design_1_i/clk_wiz_1/inst/clk_in1_design_1_clk_wiz_1_0
    MMCME2_ADV_X1Y0      MMCME2_ADV (Prop_mmcme2_adv_CLKIN1_CLKOUT0)
                                                     -6.961    -4.269 r  design_1_i/clk_wiz_1/inst/mmcm_adv_inst/CLKOUT0
                         net (fo=1, routed)           1.661    -2.608    design_1_i/clk_wiz_1/inst/clk_out1_design_1_clk_wiz_1_0
    BUFGCTRL_X0Y0        BUFG (Prop_bufg_I_O)         0.096    -2.512 r  design_1_i/clk_wiz_1/inst/clkout1_buf/O
                         net (fo=1479, routed)        1.556    -0.956    design_1_i/microblaze_0/U0/MicroBlaze_Core_I/Performance.Core/Data_Flow_I/Operand_Select_I/Clk
    SLICE_X49Y21         FDRE                                         r  design_1_i/microblaze_0/U0/MicroBlaze_Core_I/Performance.Core/Data_Flow_I/Operand_Select_I/EX_Branch_CMP_Op1_reg[24]/C
  -------------------------------------------------------------------    -------------------
    SLICE_X49Y21         FDRE (Prop_fdre_C_Q)         0.419    -0.537 f  design_1_i/microblaze_0/U0/MicroBlaze_Core_I/Performance.Core/Data_Flow_I/Operand_Select_I/EX_Branch_CMP_Op1_reg[24]/Q
                         net (fo=1, routed)           1.283     0.747    design_1_i/microblaze_0/U0/MicroBlaze_Core_I/Performance.Core/Data_Flow_I/Zero_Detect_I/Q[5]
    SLICE_X47Y26         LUT6 (Prop_lut6_I1_O)        0.299     1.046 r  design_1_i/microblaze_0/U0/MicroBlaze_Core_I/Performance.Core/Data_Flow_I/Zero_Detect_I/S0_inferred__0/i_/O
                         net (fo=1, routed)           0.000     1.046    design_1_i/microblaze_0/U0/MicroBlaze_Core_I/Performance.Core/Data_Flow_I/Zero_Detect_I/Zero_Detecting[3].I_Part_Of_Zero_Detect/lopt_2
    SLICE_X47Y26         CARRY4 (Prop_carry4_S[1]_CO[3])
                                                      0.550     1.596 r  design_1_i/microblaze_0/U0/MicroBlaze_Core_I/Performance.Core/Data_Flow_I/Zero_Detect_I/Zero_Detecting[3].I_Part_Of_Zero_Detect/Using_FPGA.Native_CARRY4/CO[3]
                         net (fo=1, routed)           0.000     1.596    design_1_i/microblaze_0/U0/MicroBlaze_Core_I/Performance.Core/Decode_I/jump_logic_I1/MUXCY_JUMP_CARRY2/jump_carry1
    SLICE_X47Y27         CARRY4 (Prop_carry4_CI_CO[3])
                                                      0.114     1.710 r  design_1_i/microblaze_0/U0/MicroBlaze_Core_I/Performance.Core/Decode_I/jump_logic_I1/MUXCY_JUMP_CARRY2/Using_FPGA.Native_CARRY4/CO[3]
                         net (fo=1, routed)           0.000     1.710    design_1_i/microblaze_0/U0/MicroBlaze_Core_I/Performance.Core/Decode_I/jump_logic_I1/MUXCY_JUMP_CARRY6/jump_carry5
    SLICE_X47Y28         CARRY4 (Prop_carry4_CI_CO[0])
                                                      0.271     1.981 r  design_1_i/microblaze_0/U0/MicroBlaze_Core_I/Performance.Core/Decode_I/jump_logic_I1/MUXCY_JUMP_CARRY6/Using_FPGA.Native_CARRY4/CO[0]
                         net (fo=46, routed)          1.532     3.513    design_1_i/microblaze_0/U0/MicroBlaze_Core_I/Performance.Core/Decode_I/jump_logic_I1/MUXCY_JUMP_CARRY6/in0
    SLICE_X51Y23         LUT3 (Prop_lut3_I1_O)        0.398     3.911 r  design_1_i/microblaze_0/U0/MicroBlaze_Core_I/Performance.Core/Decode_I/jump_logic_I1/MUXCY_JUMP_CARRY6/Instr_Addr[17]_INST_0/O
                         net (fo=33, routed)          2.698     6.609    design_1_i/microblaze_0_local_memory/lmb_bram/U0/inst_blk_mem_gen/gnbram.gnative_mem_map_bmg.native_mem_map_blk_mem_gen/valid.cstr/ramloop[2].ram.r/prim_noinit.ram/addrb[12]
    RAMB36_X0Y11         RAMB36E1                                     r  design_1_i/microblaze_0_local_memory/lmb_bram/U0/inst_blk_mem_gen/gnbram.gnative_mem_map_bmg.native_mem_map_blk_mem_gen/valid.cstr/ramloop[2].ram.r/prim_noinit.ram/DEVICE_7SERIES.WITH_BMM_INFO.TRUE_DP.SIMPLE_PRIM36.TDP_SP36_NO_ECC_ATTR.ram/ADDRBWRADDR[12]
  -------------------------------------------------------------------    -------------------

                         (clock clk_out1_design_1_clk_wiz_1_0 rise edge)
                                                     10.000    10.000 r  
    W5                                                0.000    10.000 r  sys_clock (IN)
                         net (fo=0)                   0.000    10.000    design_1_i/clk_wiz_1/inst/clk_in1
    W5                   IBUF (Prop_ibuf_I_O)         1.388    11.388 r  design_1_i/clk_wiz_1/inst/clkin1_ibufg/O
                         net (fo=1, routed)           1.162    12.550    design_1_i/clk_wiz_1/inst/clk_in1_design_1_clk_wiz_1_0
    MMCME2_ADV_X1Y0      MMCME2_ADV (Prop_mmcme2_adv_CLKIN1_CLKOUT0)
                                                     -7.217     5.332 r  design_1_i/clk_wiz_1/inst/mmcm_adv_inst/CLKOUT0
                         net (fo=1, routed)           1.581     6.914    design_1_i/clk_wiz_1/inst/clk_out1_design_1_clk_wiz_1_0
    BUFGCTRL_X0Y0        BUFG (Prop_bufg_I_O)         0.091     7.005 r  design_1_i/clk_wiz_1/inst/clkout1_buf/O
                         net (fo=1479, routed)        1.482     8.487    design_1_i/microblaze_0_local_memory/lmb_bram/U0/inst_blk_mem_gen/gnbram.gnative_mem_map_bmg.native_mem_map_blk_mem_gen/valid.cstr/ramloop[2].ram.r/prim_noinit.ram/clkb
    RAMB36_X0Y11         RAMB36E1                                     r  design_1_i/microblaze_0_local_memory/lmb_bram/U0/inst_blk_mem_gen/gnbram.gnative_mem_map_bmg.native_mem_map_blk_mem_gen/valid.cstr/ramloop[2].ram.r/prim_noinit.ram/DEVICE_7SERIES.WITH_BMM_INFO.TRUE_DP.SIMPLE_PRIM36.TDP_SP36_NO_ECC_ATTR.ram/CLKBWRCLK
                         clock pessimism              0.484     8.970    
                         clock uncertainty           -0.074     8.896    
    RAMB36_X0Y11         RAMB36E1 (Setup_ramb36e1_CLKBWRCLK_ADDRBWRADDR[12])
                                                     -0.774     8.122    design_1_i/microblaze_0_local_memory/lmb_bram/U0/inst_blk_mem_gen/gnbram.gnative_mem_map_bmg.native_mem_map_blk_mem_gen/valid.cstr/ramloop[2].ram.r/prim_noinit.ram/DEVICE_7SERIES.WITH_BMM_INFO.TRUE_DP.SIMPLE_PRIM36.TDP_SP36_NO_ECC_ATTR.ram
  -------------------------------------------------------------------
                         required time                          8.122    
                         arrival time                          -6.609    
  -------------------------------------------------------------------
                         slack                                  1.513    

Slack (MET) :             1.535ns  (required time - arrival time)
  Source:                 design_1_i/microblaze_0/U0/MicroBlaze_Core_I/Performance.Core/Data_Flow_I/Operand_Select_I/EX_Branch_CMP_Op1_reg[24]/C
                            (rising edge-triggered cell FDRE clocked by clk_out1_design_1_clk_wiz_1_0  {rise@0.000ns fall@5.000ns period=10.000ns})
  Destination:            design_1_i/microblaze_0_local_memory/lmb_bram/U0/inst_blk_mem_gen/gnbram.gnative_mem_map_bmg.native_mem_map_blk_mem_gen/valid.cstr/ramloop[2].ram.r/prim_noinit.ram/DEVICE_7SERIES.WITH_BMM_INFO.TRUE_DP.SIMPLE_PRIM36.TDP_SP36_NO_ECC_ATTR.ram/ADDRBWRADDR[13]
                            (rising edge-triggered cell RAMB36E1 clocked by clk_out1_design_1_clk_wiz_1_0  {rise@0.000ns fall@5.000ns period=10.000ns})
  Path Group:             clk_out1_design_1_clk_wiz_1_0
  Path Type:              Setup (Max at Slow Process Corner)
  Requirement:            10.000ns  (clk_out1_design_1_clk_wiz_1_0 rise@10.000ns - clk_out1_design_1_clk_wiz_1_0 rise@0.000ns)
  Data Path Delay:        7.751ns  (logic 2.026ns (26.140%)  route 5.725ns (73.860%))
  Logic Levels:           5  (CARRY4=3 LUT3=1 LUT6=1)
  Clock Path Skew:        -0.074ns (DCD - SCD + CPR)
    Destination Clock Delay (DCD):    -1.513ns = ( 8.487 - 10.000 ) 
    Source Clock Delay      (SCD):    -0.956ns
    Clock Pessimism Removal (CPR):    0.484ns
  Clock Uncertainty:      0.074ns  ((TSJ^2 + DJ^2)^1/2) / 2 + PE
    Total System Jitter     (TSJ):    0.071ns
    Discrete Jitter          (DJ):    0.131ns
    Phase Error              (PE):    0.000ns

    Location             Delay type                Incr(ns)  Path(ns)    Netlist Resource(s)
  -------------------------------------------------------------------    -------------------
                         (clock clk_out1_design_1_clk_wiz_1_0 rise edge)
                                                      0.000     0.000 r  
    W5                                                0.000     0.000 r  sys_clock (IN)
                         net (fo=0)                   0.000     0.000    design_1_i/clk_wiz_1/inst/clk_in1
    W5                   IBUF (Prop_ibuf_I_O)         1.458     1.458 r  design_1_i/clk_wiz_1/inst/clkin1_ibufg/O
                         net (fo=1, routed)           1.233     2.691    design_1_i/clk_wiz_1/inst/clk_in1_design_1_clk_wiz_1_0
    MMCME2_ADV_X1Y0      MMCME2_ADV (Prop_mmcme2_adv_CLKIN1_CLKOUT0)
                                                     -6.961    -4.269 r  design_1_i/clk_wiz_1/inst/mmcm_adv_inst/CLKOUT0
                         net (fo=1, routed)           1.661    -2.608    design_1_i/clk_wiz_1/inst/clk_out1_design_1_clk_wiz_1_0
    BUFGCTRL_X0Y0        BUFG (Prop_bufg_I_O)         0.096    -2.512 r  design_1_i/clk_wiz_1/inst/clkout1_buf/O
                         net (fo=1479, routed)        1.556    -0.956    design_1_i/microblaze_0/U0/MicroBlaze_Core_I/Performance.Core/Data_Flow_I/Operand_Select_I/Clk
    SLICE_X49Y21         FDRE                                         r  design_1_i/microblaze_0/U0/MicroBlaze_Core_I/Performance.Core/Data_Flow_I/Operand_Select_I/EX_Branch_CMP_Op1_reg[24]/C
  -------------------------------------------------------------------    -------------------
    SLICE_X49Y21         FDRE (Prop_fdre_C_Q)         0.419    -0.537 f  design_1_i/microblaze_0/U0/MicroBlaze_Core_I/Performance.Core/Data_Flow_I/Operand_Select_I/EX_Branch_CMP_Op1_reg[24]/Q
                         net (fo=1, routed)           1.283     0.747    design_1_i/microblaze_0/U0/MicroBlaze_Core_I/Performance.Core/Data_Flow_I/Zero_Detect_I/Q[5]
    SLICE_X47Y26         LUT6 (Prop_lut6_I1_O)        0.299     1.046 r  design_1_i/microblaze_0/U0/MicroBlaze_Core_I/Performance.Core/Data_Flow_I/Zero_Detect_I/S0_inferred__0/i_/O
                         net (fo=1, routed)           0.000     1.046    design_1_i/microblaze_0/U0/MicroBlaze_Core_I/Performance.Core/Data_Flow_I/Zero_Detect_I/Zero_Detecting[3].I_Part_Of_Zero_Detect/lopt_2
    SLICE_X47Y26         CARRY4 (Prop_carry4_S[1]_CO[3])
                                                      0.550     1.596 r  design_1_i/microblaze_0/U0/MicroBlaze_Core_I/Performance.Core/Data_Flow_I/Zero_Detect_I/Zero_Detecting[3].I_Part_Of_Zero_Detect/Using_FPGA.Native_CARRY4/CO[3]
                         net (fo=1, routed)           0.000     1.596    design_1_i/microblaze_0/U0/MicroBlaze_Core_I/Performance.Core/Decode_I/jump_logic_I1/MUXCY_JUMP_CARRY2/jump_carry1
    SLICE_X47Y27         CARRY4 (Prop_carry4_CI_CO[3])
                                                      0.114     1.710 r  design_1_i/microblaze_0/U0/MicroBlaze_Core_I/Performance.Core/Decode_I/jump_logic_I1/MUXCY_JUMP_CARRY2/Using_FPGA.Native_CARRY4/CO[3]
                         net (fo=1, routed)           0.000     1.710    design_1_i/microblaze_0/U0/MicroBlaze_Core_I/Performance.Core/Decode_I/jump_logic_I1/MUXCY_JUMP_CARRY6/jump_carry5
    SLICE_X47Y28         CARRY4 (Prop_carry4_CI_CO[0])
                                                      0.271     1.981 r  design_1_i/microblaze_0/U0/MicroBlaze_Core_I/Performance.Core/Decode_I/jump_logic_I1/MUXCY_JUMP_CARRY6/Using_FPGA.Native_CARRY4/CO[0]
                         net (fo=46, routed)          1.532     3.513    design_1_i/microblaze_0/U0/MicroBlaze_Core_I/Performance.Core/Decode_I/jump_logic_I1/MUXCY_JUMP_CARRY6/in0
    SLICE_X51Y23         LUT3 (Prop_lut3_I1_O)        0.373     3.886 r  design_1_i/microblaze_0/U0/MicroBlaze_Core_I/Performance.Core/Decode_I/jump_logic_I1/MUXCY_JUMP_CARRY6/Instr_Addr[16]_INST_0/O
                         net (fo=33, routed)          2.909     6.795    design_1_i/microblaze_0_local_memory/lmb_bram/U0/inst_blk_mem_gen/gnbram.gnative_mem_map_bmg.native_mem_map_blk_mem_gen/valid.cstr/ramloop[2].ram.r/prim_noinit.ram/addrb[13]
    RAMB36_X0Y11         RAMB36E1                                     r  design_1_i/microblaze_0_local_memory/lmb_bram/U0/inst_blk_mem_gen/gnbram.gnative_mem_map_bmg.native_mem_map_blk_mem_gen/valid.cstr/ramloop[2].ram.r/prim_noinit.ram/DEVICE_7SERIES.WITH_BMM_INFO.TRUE_DP.SIMPLE_PRIM36.TDP_SP36_NO_ECC_ATTR.ram/ADDRBWRADDR[13]
  -------------------------------------------------------------------    -------------------

                         (clock clk_out1_design_1_clk_wiz_1_0 rise edge)
                                                     10.000    10.000 r  
    W5                                                0.000    10.000 r  sys_clock (IN)
                         net (fo=0)                   0.000    10.000    design_1_i/clk_wiz_1/inst/clk_in1
    W5                   IBUF (Prop_ibuf_I_O)         1.388    11.388 r  design_1_i/clk_wiz_1/inst/clkin1_ibufg/O
                         net (fo=1, routed)           1.162    12.550    design_1_i/clk_wiz_1/inst/clk_in1_design_1_clk_wiz_1_0
    MMCME2_ADV_X1Y0      MMCME2_ADV (Prop_mmcme2_adv_CLKIN1_CLKOUT0)
                                                     -7.217     5.332 r  design_1_i/clk_wiz_1/inst/mmcm_adv_inst/CLKOUT0
                         net (fo=1, routed)           1.581     6.914    design_1_i/clk_wiz_1/inst/clk_out1_design_1_clk_wiz_1_0
    BUFGCTRL_X0Y0        BUFG (Prop_bufg_I_O)         0.091     7.005 r  design_1_i/clk_wiz_1/inst/clkout1_buf/O
                         net (fo=1479, routed)        1.482     8.487    design_1_i/microblaze_0_local_memory/lmb_bram/U0/inst_blk_mem_gen/gnbram.gnative_mem_map_bmg.native_mem_map_blk_mem_gen/valid.cstr/ramloop[2].ram.r/prim_noinit.ram/clkb
    RAMB36_X0Y11         RAMB36E1                                     r  design_1_i/microblaze_0_local_memory/lmb_bram/U0/inst_blk_mem_gen/gnbram.gnative_mem_map_bmg.native_mem_map_blk_mem_gen/valid.cstr/ramloop[2].ram.r/prim_noinit.ram/DEVICE_7SERIES.WITH_BMM_INFO.TRUE_DP.SIMPLE_PRIM36.TDP_SP36_NO_ECC_ATTR.ram/CLKBWRCLK
                         clock pessimism              0.484     8.970    
                         clock uncertainty           -0.074     8.896    
    RAMB36_X0Y11         RAMB36E1 (Setup_ramb36e1_CLKBWRCLK_ADDRBWRADDR[13])
                                                     -0.566     8.330    design_1_i/microblaze_0_local_memory/lmb_bram/U0/inst_blk_mem_gen/gnbram.gnative_mem_map_bmg.native_mem_map_blk_mem_gen/valid.cstr/ramloop[2].ram.r/prim_noinit.ram/DEVICE_7SERIES.WITH_BMM_INFO.TRUE_DP.SIMPLE_PRIM36.TDP_SP36_NO_ECC_ATTR.ram
  -------------------------------------------------------------------
                         required time                          8.330    
                         arrival time                          -6.795    
  -------------------------------------------------------------------
                         slack                                  1.535    

Slack (MET) :             1.544ns  (required time - arrival time)
  Source:                 design_1_i/microblaze_0/U0/MicroBlaze_Core_I/Performance.Core/Data_Flow_I/Operand_Select_I/EX_Branch_CMP_Op1_reg[24]/C
                            (rising edge-triggered cell FDRE clocked by clk_out1_design_1_clk_wiz_1_0  {rise@0.000ns fall@5.000ns period=10.000ns})
  Destination:            design_1_i/microblaze_0_local_memory/lmb_bram/U0/inst_blk_mem_gen/gnbram.gnative_mem_map_bmg.native_mem_map_blk_mem_gen/valid.cstr/ramloop[2].ram.r/prim_noinit.ram/DEVICE_7SERIES.WITH_BMM_INFO.TRUE_DP.SIMPLE_PRIM36.TDP_SP36_NO_ECC_ATTR.ram/ADDRBWRADDR[6]
                            (rising edge-triggered cell RAMB36E1 clocked by clk_out1_design_1_clk_wiz_1_0  {rise@0.000ns fall@5.000ns period=10.000ns})
  Path Group:             clk_out1_design_1_clk_wiz_1_0
  Path Type:              Setup (Max at Slow Process Corner)
  Requirement:            10.000ns  (clk_out1_design_1_clk_wiz_1_0 rise@10.000ns - clk_out1_design_1_clk_wiz_1_0 rise@0.000ns)
  Data Path Delay:        7.533ns  (logic 2.054ns (27.266%)  route 5.479ns (72.734%))
  Logic Levels:           5  (CARRY4=3 LUT3=1 LUT6=1)
  Clock Path Skew:        -0.074ns (DCD - SCD + CPR)
    Destination Clock Delay (DCD):    -1.513ns = ( 8.487 - 10.000 ) 
    Source Clock Delay      (SCD):    -0.956ns
    Clock Pessimism Removal (CPR):    0.484ns
  Clock Uncertainty:      0.074ns  ((TSJ^2 + DJ^2)^1/2) / 2 + PE
    Total System Jitter     (TSJ):    0.071ns
    Discrete Jitter          (DJ):    0.131ns
    Phase Error              (PE):    0.000ns

    Location             Delay type                Incr(ns)  Path(ns)    Netlist Resource(s)
  -------------------------------------------------------------------    -------------------
                         (clock clk_out1_design_1_clk_wiz_1_0 rise edge)
                                                      0.000     0.000 r  
    W5                                                0.000     0.000 r  sys_clock (IN)
                         net (fo=0)                   0.000     0.000    design_1_i/clk_wiz_1/inst/clk_in1
    W5                   IBUF (Prop_ibuf_I_O)         1.458     1.458 r  design_1_i/clk_wiz_1/inst/clkin1_ibufg/O
                         net (fo=1, routed)           1.233     2.691    design_1_i/clk_wiz_1/inst/clk_in1_design_1_clk_wiz_1_0
    MMCME2_ADV_X1Y0      MMCME2_ADV (Prop_mmcme2_adv_CLKIN1_CLKOUT0)
                                                     -6.961    -4.269 r  design_1_i/clk_wiz_1/inst/mmcm_adv_inst/CLKOUT0
                         net (fo=1, routed)           1.661    -2.608    design_1_i/clk_wiz_1/inst/clk_out1_design_1_clk_wiz_1_0
    BUFGCTRL_X0Y0        BUFG (Prop_bufg_I_O)         0.096    -2.512 r  design_1_i/clk_wiz_1/inst/clkout1_buf/O
                         net (fo=1479, routed)        1.556    -0.956    design_1_i/microblaze_0/U0/MicroBlaze_Core_I/Performance.Core/Data_Flow_I/Operand_Select_I/Clk
    SLICE_X49Y21         FDRE                                         r  design_1_i/microblaze_0/U0/MicroBlaze_Core_I/Performance.Core/Data_Flow_I/Operand_Select_I/EX_Branch_CMP_Op1_reg[24]/C
  -------------------------------------------------------------------    -------------------
    SLICE_X49Y21         FDRE (Prop_fdre_C_Q)         0.419    -0.537 f  design_1_i/microblaze_0/U0/MicroBlaze_Core_I/Performance.Core/Data_Flow_I/Operand_Select_I/EX_Branch_CMP_Op1_reg[24]/Q
                         net (fo=1, routed)           1.283     0.747    design_1_i/microblaze_0/U0/MicroBlaze_Core_I/Performance.Core/Data_Flow_I/Zero_Detect_I/Q[5]
    SLICE_X47Y26         LUT6 (Prop_lut6_I1_O)        0.299     1.046 r  design_1_i/microblaze_0/U0/MicroBlaze_Core_I/Performance.Core/Data_Flow_I/Zero_Detect_I/S0_inferred__0/i_/O
                         net (fo=1, routed)           0.000     1.046    design_1_i/microblaze_0/U0/MicroBlaze_Core_I/Performance.Core/Data_Flow_I/Zero_Detect_I/Zero_Detecting[3].I_Part_Of_Zero_Detect/lopt_2
    SLICE_X47Y26         CARRY4 (Prop_carry4_S[1]_CO[3])
                                                      0.550     1.596 r  design_1_i/microblaze_0/U0/MicroBlaze_Core_I/Performance.Core/Data_Flow_I/Zero_Detect_I/Zero_Detecting[3].I_Part_Of_Zero_Detect/Using_FPGA.Native_CARRY4/CO[3]
                         net (fo=1, routed)           0.000     1.596    design_1_i/microblaze_0/U0/MicroBlaze_Core_I/Performance.Core/Decode_I/jump_logic_I1/MUXCY_JUMP_CARRY2/jump_carry1
    SLICE_X47Y27         CARRY4 (Prop_carry4_CI_CO[3])
                                                      0.114     1.710 r  design_1_i/microblaze_0/U0/MicroBlaze_Core_I/Performance.Core/Decode_I/jump_logic_I1/MUXCY_JUMP_CARRY2/Using_FPGA.Native_CARRY4/CO[3]
                         net (fo=1, routed)           0.000     1.710    design_1_i/microblaze_0/U0/MicroBlaze_Core_I/Performance.Core/Decode_I/jump_logic_I1/MUXCY_JUMP_CARRY6/jump_carry5
    SLICE_X47Y28         CARRY4 (Prop_carry4_CI_CO[0])
                                                      0.271     1.981 r  design_1_i/microblaze_0/U0/MicroBlaze_Core_I/Performance.Core/Decode_I/jump_logic_I1/MUXCY_JUMP_CARRY6/Using_FPGA.Native_CARRY4/CO[0]
                         net (fo=46, routed)          1.359     3.340    design_1_i/microblaze_0/U0/MicroBlaze_Core_I/Performance.Core/Decode_I/jump_logic_I1/MUXCY_JUMP_CARRY6/in0
    SLICE_X51Y21         LUT3 (Prop_lut3_I1_O)        0.401     3.741 r  design_1_i/microblaze_0/U0/MicroBlaze_Core_I/Performance.Core/Decode_I/jump_logic_I1/MUXCY_JUMP_CARRY6/Instr_Addr[23]_INST_0/O
                         net (fo=33, routed)          2.837     6.578    design_1_i/microblaze_0_local_memory/lmb_bram/U0/inst_blk_mem_gen/gnbram.gnative_mem_map_bmg.native_mem_map_blk_mem_gen/valid.cstr/ramloop[2].ram.r/prim_noinit.ram/addrb[6]
    RAMB36_X0Y11         RAMB36E1                                     r  design_1_i/microblaze_0_local_memory/lmb_bram/U0/inst_blk_mem_gen/gnbram.gnative_mem_map_bmg.native_mem_map_blk_mem_gen/valid.cstr/ramloop[2].ram.r/prim_noinit.ram/DEVICE_7SERIES.WITH_BMM_INFO.TRUE_DP.SIMPLE_PRIM36.TDP_SP36_NO_ECC_ATTR.ram/ADDRBWRADDR[6]
  -------------------------------------------------------------------    -------------------

                         (clock clk_out1_design_1_clk_wiz_1_0 rise edge)
                                                     10.000    10.000 r  
    W5                                                0.000    10.000 r  sys_clock (IN)
                         net (fo=0)                   0.000    10.000    design_1_i/clk_wiz_1/inst/clk_in1
    W5                   IBUF (Prop_ibuf_I_O)         1.388    11.388 r  design_1_i/clk_wiz_1/inst/clkin1_ibufg/O
                         net (fo=1, routed)           1.162    12.550    design_1_i/clk_wiz_1/inst/clk_in1_design_1_clk_wiz_1_0
    MMCME2_ADV_X1Y0      MMCME2_ADV (Prop_mmcme2_adv_CLKIN1_CLKOUT0)
                                                     -7.217     5.332 r  design_1_i/clk_wiz_1/inst/mmcm_adv_inst/CLKOUT0
                         net (fo=1, routed)           1.581     6.914    design_1_i/clk_wiz_1/inst/clk_out1_design_1_clk_wiz_1_0
    BUFGCTRL_X0Y0        BUFG (Prop_bufg_I_O)         0.091     7.005 r  design_1_i/clk_wiz_1/inst/clkout1_buf/O
                         net (fo=1479, routed)        1.482     8.487    design_1_i/microblaze_0_local_memory/lmb_bram/U0/inst_blk_mem_gen/gnbram.gnative_mem_map_bmg.native_mem_map_blk_mem_gen/valid.cstr/ramloop[2].ram.r/prim_noinit.ram/clkb
    RAMB36_X0Y11         RAMB36E1                                     r  design_1_i/microblaze_0_local_memory/lmb_bram/U0/inst_blk_mem_gen/gnbram.gnative_mem_map_bmg.native_mem_map_blk_mem_gen/valid.cstr/ramloop[2].ram.r/prim_noinit.ram/DEVICE_7SERIES.WITH_BMM_INFO.TRUE_DP.SIMPLE_PRIM36.TDP_SP36_NO_ECC_ATTR.ram/CLKBWRCLK
                         clock pessimism              0.484     8.970    
                         clock uncertainty           -0.074     8.896    
    RAMB36_X0Y11         RAMB36E1 (Setup_ramb36e1_CLKBWRCLK_ADDRBWRADDR[6])
                                                     -0.774     8.122    design_1_i/microblaze_0_local_memory/lmb_bram/U0/inst_blk_mem_gen/gnbram.gnative_mem_map_bmg.native_mem_map_blk_mem_gen/valid.cstr/ramloop[2].ram.r/prim_noinit.ram/DEVICE_7SERIES.WITH_BMM_INFO.TRUE_DP.SIMPLE_PRIM36.TDP_SP36_NO_ECC_ATTR.ram
  -------------------------------------------------------------------
                         required time                          8.122    
                         arrival time                          -6.578    
  -------------------------------------------------------------------
                         slack                                  1.544    

Slack (MET) :             1.559ns  (required time - arrival time)
  Source:                 design_1_i/microblaze_0/U0/MicroBlaze_Core_I/Performance.Core/Data_Flow_I/Operand_Select_I/EX_Branch_CMP_Op1_reg[24]/C
                            (rising edge-triggered cell FDRE clocked by clk_out1_design_1_clk_wiz_1_0  {rise@0.000ns fall@5.000ns period=10.000ns})
  Destination:            design_1_i/microblaze_0_local_memory/lmb_bram/U0/inst_blk_mem_gen/gnbram.gnative_mem_map_bmg.native_mem_map_blk_mem_gen/valid.cstr/ramloop[2].ram.r/prim_noinit.ram/DEVICE_7SERIES.WITH_BMM_INFO.TRUE_DP.SIMPLE_PRIM36.TDP_SP36_NO_ECC_ATTR.ram/ADDRBWRADDR[8]
                            (rising edge-triggered cell RAMB36E1 clocked by clk_out1_design_1_clk_wiz_1_0  {rise@0.000ns fall@5.000ns period=10.000ns})
  Path Group:             clk_out1_design_1_clk_wiz_1_0
  Path Type:              Setup (Max at Slow Process Corner)
  Requirement:            10.000ns  (clk_out1_design_1_clk_wiz_1_0 rise@10.000ns - clk_out1_design_1_clk_wiz_1_0 rise@0.000ns)
  Data Path Delay:        7.524ns  (logic 2.052ns (27.272%)  route 5.472ns (72.728%))
  Logic Levels:           5  (CARRY4=3 LUT3=1 LUT6=1)
  Clock Path Skew:        -0.074ns (DCD - SCD + CPR)
    Destination Clock Delay (DCD):    -1.513ns = ( 8.487 - 10.000 ) 
    Source Clock Delay      (SCD):    -0.956ns
    Clock Pessimism Removal (CPR):    0.484ns
  Clock Uncertainty:      0.074ns  ((TSJ^2 + DJ^2)^1/2) / 2 + PE
    Total System Jitter     (TSJ):    0.071ns
    Discrete Jitter          (DJ):    0.131ns
    Phase Error              (PE):    0.000ns

    Location             Delay type                Incr(ns)  Path(ns)    Netlist Resource(s)
  -------------------------------------------------------------------    -------------------
                         (clock clk_out1_design_1_clk_wiz_1_0 rise edge)
                                                      0.000     0.000 r  
    W5                                                0.000     0.000 r  sys_clock (IN)
                         net (fo=0)                   0.000     0.000    design_1_i/clk_wiz_1/inst/clk_in1
    W5                   IBUF (Prop_ibuf_I_O)         1.458     1.458 r  design_1_i/clk_wiz_1/inst/clkin1_ibufg/O
                         net (fo=1, routed)           1.233     2.691    design_1_i/clk_wiz_1/inst/clk_in1_design_1_clk_wiz_1_0
    MMCME2_ADV_X1Y0      MMCME2_ADV (Prop_mmcme2_adv_CLKIN1_CLKOUT0)
                                                     -6.961    -4.269 r  design_1_i/clk_wiz_1/inst/mmcm_adv_inst/CLKOUT0
                         net (fo=1, routed)           1.661    -2.608    design_1_i/clk_wiz_1/inst/clk_out1_design_1_clk_wiz_1_0
    BUFGCTRL_X0Y0        BUFG (Prop_bufg_I_O)         0.096    -2.512 r  design_1_i/clk_wiz_1/inst/clkout1_buf/O
                         net (fo=1479, routed)        1.556    -0.956    design_1_i/microblaze_0/U0/MicroBlaze_Core_I/Performance.Core/Data_Flow_I/Operand_Select_I/Clk
    SLICE_X49Y21         FDRE                                         r  design_1_i/microblaze_0/U0/MicroBlaze_Core_I/Performance.Core/Data_Flow_I/Operand_Select_I/EX_Branch_CMP_Op1_reg[24]/C
  -------------------------------------------------------------------    -------------------
    SLICE_X49Y21         FDRE (Prop_fdre_C_Q)         0.419    -0.537 f  design_1_i/microblaze_0/U0/MicroBlaze_Core_I/Performance.Core/Data_Flow_I/Operand_Select_I/EX_Branch_CMP_Op1_reg[24]/Q
                         net (fo=1, routed)           1.283     0.747    design_1_i/microblaze_0/U0/MicroBlaze_Core_I/Performance.Core/Data_Flow_I/Zero_Detect_I/Q[5]
    SLICE_X47Y26         LUT6 (Prop_lut6_I1_O)        0.299     1.046 r  design_1_i/microblaze_0/U0/MicroBlaze_Core_I/Performance.Core/Data_Flow_I/Zero_Detect_I/S0_inferred__0/i_/O
                         net (fo=1, routed)           0.000     1.046    design_1_i/microblaze_0/U0/MicroBlaze_Core_I/Performance.Core/Data_Flow_I/Zero_Detect_I/Zero_Detecting[3].I_Part_Of_Zero_Detect/lopt_2
    SLICE_X47Y26         CARRY4 (Prop_carry4_S[1]_CO[3])
                                                      0.550     1.596 r  design_1_i/microblaze_0/U0/MicroBlaze_Core_I/Performance.Core/Data_Flow_I/Zero_Detect_I/Zero_Detecting[3].I_Part_Of_Zero_Detect/Using_FPGA.Native_CARRY4/CO[3]
                         net (fo=1, routed)           0.000     1.596    design_1_i/microblaze_0/U0/MicroBlaze_Core_I/Performance.Core/Decode_I/jump_logic_I1/MUXCY_JUMP_CARRY2/jump_carry1
    SLICE_X47Y27         CARRY4 (Prop_carry4_CI_CO[3])
                                                      0.114     1.710 r  design_1_i/microblaze_0/U0/MicroBlaze_Core_I/Performance.Core/Decode_I/jump_logic_I1/MUXCY_JUMP_CARRY2/Using_FPGA.Native_CARRY4/CO[3]
                         net (fo=1, routed)           0.000     1.710    design_1_i/microblaze_0/U0/MicroBlaze_Core_I/Performance.Core/Decode_I/jump_logic_I1/MUXCY_JUMP_CARRY6/jump_carry5
    SLICE_X47Y28         CARRY4 (Prop_carry4_CI_CO[0])
                                                      0.271     1.981 r  design_1_i/microblaze_0/U0/MicroBlaze_Core_I/Performance.Core/Decode_I/jump_logic_I1/MUXCY_JUMP_CARRY6/Using_FPGA.Native_CARRY4/CO[0]
                         net (fo=46, routed)          1.282     3.263    design_1_i/microblaze_0/U0/MicroBlaze_Core_I/Performance.Core/Decode_I/jump_logic_I1/MUXCY_JUMP_CARRY6/in0
    SLICE_X51Y21         LUT3 (Prop_lut3_I1_O)        0.399     3.662 r  design_1_i/microblaze_0/U0/MicroBlaze_Core_I/Performance.Core/Decode_I/jump_logic_I1/MUXCY_JUMP_CARRY6/Instr_Addr[21]_INST_0/O
                         net (fo=33, routed)          2.907     6.569    design_1_i/microblaze_0_local_memory/lmb_bram/U0/inst_blk_mem_gen/gnbram.gnative_mem_map_bmg.native_mem_map_blk_mem_gen/valid.cstr/ramloop[2].ram.r/prim_noinit.ram/addrb[8]
    RAMB36_X0Y11         RAMB36E1                                     r  design_1_i/microblaze_0_local_memory/lmb_bram/U0/inst_blk_mem_gen/gnbram.gnative_mem_map_bmg.native_mem_map_blk_mem_gen/valid.cstr/ramloop[2].ram.r/prim_noinit.ram/DEVICE_7SERIES.WITH_BMM_INFO.TRUE_DP.SIMPLE_PRIM36.TDP_SP36_NO_ECC_ATTR.ram/ADDRBWRADDR[8]
  -------------------------------------------------------------------    -------------------

                         (clock clk_out1_design_1_clk_wiz_1_0 rise edge)
                                                     10.000    10.000 r  
    W5                                                0.000    10.000 r  sys_clock (IN)
                         net (fo=0)                   0.000    10.000    design_1_i/clk_wiz_1/inst/clk_in1
    W5                   IBUF (Prop_ibuf_I_O)         1.388    11.388 r  design_1_i/clk_wiz_1/inst/clkin1_ibufg/O
                         net (fo=1, routed)           1.162    12.550    design_1_i/clk_wiz_1/inst/clk_in1_design_1_clk_wiz_1_0
    MMCME2_ADV_X1Y0      MMCME2_ADV (Prop_mmcme2_adv_CLKIN1_CLKOUT0)
                                                     -7.217     5.332 r  design_1_i/clk_wiz_1/inst/mmcm_adv_inst/CLKOUT0
                         net (fo=1, routed)           1.581     6.914    design_1_i/clk_wiz_1/inst/clk_out1_design_1_clk_wiz_1_0
    BUFGCTRL_X0Y0        BUFG (Prop_bufg_I_O)         0.091     7.005 r  design_1_i/clk_wiz_1/inst/clkout1_buf/O
                         net (fo=1479, routed)        1.482     8.487    design_1_i/microblaze_0_local_memory/lmb_bram/U0/inst_blk_mem_gen/gnbram.gnative_mem_map_bmg.native_mem_map_blk_mem_gen/valid.cstr/ramloop[2].ram.r/prim_noinit.ram/clkb
    RAMB36_X0Y11         RAMB36E1                                     r  design_1_i/microblaze_0_local_memory/lmb_bram/U0/inst_blk_mem_gen/gnbram.gnative_mem_map_bmg.native_mem_map_blk_mem_gen/valid.cstr/ramloop[2].ram.r/prim_noinit.ram/DEVICE_7SERIES.WITH_BMM_INFO.TRUE_DP.SIMPLE_PRIM36.TDP_SP36_NO_ECC_ATTR.ram/CLKBWRCLK
                         clock pessimism              0.484     8.970    
                         clock uncertainty           -0.074     8.896    
    RAMB36_X0Y11         RAMB36E1 (Setup_ramb36e1_CLKBWRCLK_ADDRBWRADDR[8])
                                                     -0.768     8.128    design_1_i/microblaze_0_local_memory/lmb_bram/U0/inst_blk_mem_gen/gnbram.gnative_mem_map_bmg.native_mem_map_blk_mem_gen/valid.cstr/ramloop[2].ram.r/prim_noinit.ram/DEVICE_7SERIES.WITH_BMM_INFO.TRUE_DP.SIMPLE_PRIM36.TDP_SP36_NO_ECC_ATTR.ram
  -------------------------------------------------------------------
                         required time                          8.128    
                         arrival time                          -6.569    
  -------------------------------------------------------------------
                         slack                                  1.559    

Slack (MET) :             1.563ns  (required time - arrival time)
  Source:                 design_1_i/microblaze_0/U0/MicroBlaze_Core_I/Performance.Core/Data_Flow_I/Operand_Select_I/EX_Branch_CMP_Op1_reg[24]/C
                            (rising edge-triggered cell FDRE clocked by clk_out1_design_1_clk_wiz_1_0  {rise@0.000ns fall@5.000ns period=10.000ns})
  Destination:            design_1_i/microblaze_0_local_memory/lmb_bram/U0/inst_blk_mem_gen/gnbram.gnative_mem_map_bmg.native_mem_map_blk_mem_gen/valid.cstr/ramloop[0].ram.r/prim_noinit.ram/DEVICE_7SERIES.WITH_BMM_INFO.TRUE_DP.SIMPLE_PRIM36.TDP_SP36_NO_ECC_ATTR.ram/ADDRBWRADDR[13]
                            (rising edge-triggered cell RAMB36E1 clocked by clk_out1_design_1_clk_wiz_1_0  {rise@0.000ns fall@5.000ns period=10.000ns})
  Path Group:             clk_out1_design_1_clk_wiz_1_0
  Path Type:              Setup (Max at Slow Process Corner)
  Requirement:            10.000ns  (clk_out1_design_1_clk_wiz_1_0 rise@10.000ns - clk_out1_design_1_clk_wiz_1_0 rise@0.000ns)
  Data Path Delay:        7.724ns  (logic 2.026ns (26.231%)  route 5.698ns (73.769%))
  Logic Levels:           5  (CARRY4=3 LUT3=1 LUT6=1)
  Clock Path Skew:        -0.073ns (DCD - SCD + CPR)
    Destination Clock Delay (DCD):    -1.512ns = ( 8.488 - 10.000 ) 
    Source Clock Delay      (SCD):    -0.956ns
    Clock Pessimism Removal (CPR):    0.484ns
  Clock Uncertainty:      0.074ns  ((TSJ^2 + DJ^2)^1/2) / 2 + PE
    Total System Jitter     (TSJ):    0.071ns
    Discrete Jitter          (DJ):    0.131ns
    Phase Error              (PE):    0.000ns

    Location             Delay type                Incr(ns)  Path(ns)    Netlist Resource(s)
  -------------------------------------------------------------------    -------------------
                         (clock clk_out1_design_1_clk_wiz_1_0 rise edge)
                                                      0.000     0.000 r  
    W5                                                0.000     0.000 r  sys_clock (IN)
                         net (fo=0)                   0.000     0.000    design_1_i/clk_wiz_1/inst/clk_in1
    W5                   IBUF (Prop_ibuf_I_O)         1.458     1.458 r  design_1_i/clk_wiz_1/inst/clkin1_ibufg/O
                         net (fo=1, routed)           1.233     2.691    design_1_i/clk_wiz_1/inst/clk_in1_design_1_clk_wiz_1_0
    MMCME2_ADV_X1Y0      MMCME2_ADV (Prop_mmcme2_adv_CLKIN1_CLKOUT0)
                                                     -6.961    -4.269 r  design_1_i/clk_wiz_1/inst/mmcm_adv_inst/CLKOUT0
                         net (fo=1, routed)           1.661    -2.608    design_1_i/clk_wiz_1/inst/clk_out1_design_1_clk_wiz_1_0
    BUFGCTRL_X0Y0        BUFG (Prop_bufg_I_O)         0.096    -2.512 r  design_1_i/clk_wiz_1/inst/clkout1_buf/O
                         net (fo=1479, routed)        1.556    -0.956    design_1_i/microblaze_0/U0/MicroBlaze_Core_I/Performance.Core/Data_Flow_I/Operand_Select_I/Clk
    SLICE_X49Y21         FDRE                                         r  design_1_i/microblaze_0/U0/MicroBlaze_Core_I/Performance.Core/Data_Flow_I/Operand_Select_I/EX_Branch_CMP_Op1_reg[24]/C
  -------------------------------------------------------------------    -------------------
    SLICE_X49Y21         FDRE (Prop_fdre_C_Q)         0.419    -0.537 f  design_1_i/microblaze_0/U0/MicroBlaze_Core_I/Performance.Core/Data_Flow_I/Operand_Select_I/EX_Branch_CMP_Op1_reg[24]/Q
                         net (fo=1, routed)           1.283     0.747    design_1_i/microblaze_0/U0/MicroBlaze_Core_I/Performance.Core/Data_Flow_I/Zero_Detect_I/Q[5]
    SLICE_X47Y26         LUT6 (Prop_lut6_I1_O)        0.299     1.046 r  design_1_i/microblaze_0/U0/MicroBlaze_Core_I/Performance.Core/Data_Flow_I/Zero_Detect_I/S0_inferred__0/i_/O
                         net (fo=1, routed)           0.000     1.046    design_1_i/microblaze_0/U0/MicroBlaze_Core_I/Performance.Core/Data_Flow_I/Zero_Detect_I/Zero_Detecting[3].I_Part_Of_Zero_Detect/lopt_2
    SLICE_X47Y26         CARRY4 (Prop_carry4_S[1]_CO[3])
                                                      0.550     1.596 r  design_1_i/microblaze_0/U0/MicroBlaze_Core_I/Performance.Core/Data_Flow_I/Zero_Detect_I/Zero_Detecting[3].I_Part_Of_Zero_Detect/Using_FPGA.Native_CARRY4/CO[3]
                         net (fo=1, routed)           0.000     1.596    design_1_i/microblaze_0/U0/MicroBlaze_Core_I/Performance.Core/Decode_I/jump_logic_I1/MUXCY_JUMP_CARRY2/jump_carry1
    SLICE_X47Y27         CARRY4 (Prop_carry4_CI_CO[3])
                                                      0.114     1.710 r  design_1_i/microblaze_0/U0/MicroBlaze_Core_I/Performance.Core/Decode_I/jump_logic_I1/MUXCY_JUMP_CARRY2/Using_FPGA.Native_CARRY4/CO[3]
                         net (fo=1, routed)           0.000     1.710    design_1_i/microblaze_0/U0/MicroBlaze_Core_I/Performance.Core/Decode_I/jump_logic_I1/MUXCY_JUMP_CARRY6/jump_carry5
    SLICE_X47Y28         CARRY4 (Prop_carry4_CI_CO[0])
                                                      0.271     1.981 r  design_1_i/microblaze_0/U0/MicroBlaze_Core_I/Performance.Core/Decode_I/jump_logic_I1/MUXCY_JUMP_CARRY6/Using_FPGA.Native_CARRY4/CO[0]
                         net (fo=46, routed)          1.532     3.513    design_1_i/microblaze_0/U0/MicroBlaze_Core_I/Performance.Core/Decode_I/jump_logic_I1/MUXCY_JUMP_CARRY6/in0
    SLICE_X51Y23         LUT3 (Prop_lut3_I1_O)        0.373     3.886 r  design_1_i/microblaze_0/U0/MicroBlaze_Core_I/Performance.Core/Decode_I/jump_logic_I1/MUXCY_JUMP_CARRY6/Instr_Addr[16]_INST_0/O
                         net (fo=33, routed)          2.882     6.768    design_1_i/microblaze_0_local_memory/lmb_bram/U0/inst_blk_mem_gen/gnbram.gnative_mem_map_bmg.native_mem_map_blk_mem_gen/valid.cstr/ramloop[0].ram.r/prim_noinit.ram/addrb[13]
    RAMB36_X0Y10         RAMB36E1                                     r  design_1_i/microblaze_0_local_memory/lmb_bram/U0/inst_blk_mem_gen/gnbram.gnative_mem_map_bmg.native_mem_map_blk_mem_gen/valid.cstr/ramloop[0].ram.r/prim_noinit.ram/DEVICE_7SERIES.WITH_BMM_INFO.TRUE_DP.SIMPLE_PRIM36.TDP_SP36_NO_ECC_ATTR.ram/ADDRBWRADDR[13]
  -------------------------------------------------------------------    -------------------

                         (clock clk_out1_design_1_clk_wiz_1_0 rise edge)
                                                     10.000    10.000 r  
    W5                                                0.000    10.000 r  sys_clock (IN)
                         net (fo=0)                   0.000    10.000    design_1_i/clk_wiz_1/inst/clk_in1
    W5                   IBUF (Prop_ibuf_I_O)         1.388    11.388 r  design_1_i/clk_wiz_1/inst/clkin1_ibufg/O
                         net (fo=1, routed)           1.162    12.550    design_1_i/clk_wiz_1/inst/clk_in1_design_1_clk_wiz_1_0
    MMCME2_ADV_X1Y0      MMCME2_ADV (Prop_mmcme2_adv_CLKIN1_CLKOUT0)
                                                     -7.217     5.332 r  design_1_i/clk_wiz_1/inst/mmcm_adv_inst/CLKOUT0
                         net (fo=1, routed)           1.581     6.914    design_1_i/clk_wiz_1/inst/clk_out1_design_1_clk_wiz_1_0
    BUFGCTRL_X0Y0        BUFG (Prop_bufg_I_O)         0.091     7.005 r  design_1_i/clk_wiz_1/inst/clkout1_buf/O
                         net (fo=1479, routed)        1.483     8.488    design_1_i/microblaze_0_local_memory/lmb_bram/U0/inst_blk_mem_gen/gnbram.gnative_mem_map_bmg.native_mem_map_blk_mem_gen/valid.cstr/ramloop[0].ram.r/prim_noinit.ram/clkb
    RAMB36_X0Y10         RAMB36E1                                     r  design_1_i/microblaze_0_local_memory/lmb_bram/U0/inst_blk_mem_gen/gnbram.gnative_mem_map_bmg.native_mem_map_blk_mem_gen/valid.cstr/ramloop[0].ram.r/prim_noinit.ram/DEVICE_7SERIES.WITH_BMM_INFO.TRUE_DP.SIMPLE_PRIM36.TDP_SP36_NO_ECC_ATTR.ram/CLKBWRCLK
                         clock pessimism              0.484     8.971    
                         clock uncertainty           -0.074     8.897    
    RAMB36_X0Y10         RAMB36E1 (Setup_ramb36e1_CLKBWRCLK_ADDRBWRADDR[13])
                                                     -0.566     8.331    design_1_i/microblaze_0_local_memory/lmb_bram/U0/inst_blk_mem_gen/gnbram.gnative_mem_map_bmg.native_mem_map_blk_mem_gen/valid.cstr/ramloop[0].ram.r/prim_noinit.ram/DEVICE_7SERIES.WITH_BMM_INFO.TRUE_DP.SIMPLE_PRIM36.TDP_SP36_NO_ECC_ATTR.ram
  -------------------------------------------------------------------
                         required time                          8.331    
                         arrival time                          -6.768    
  -------------------------------------------------------------------
                         slack                                  1.563    

Slack (MET) :             1.569ns  (required time - arrival time)
  Source:                 design_1_i/microblaze_0/U0/MicroBlaze_Core_I/Performance.Core/Data_Flow_I/Operand_Select_I/EX_Branch_CMP_Op1_reg[24]/C
                            (rising edge-triggered cell FDRE clocked by clk_out1_design_1_clk_wiz_1_0  {rise@0.000ns fall@5.000ns period=10.000ns})
  Destination:            design_1_i/microblaze_0_local_memory/lmb_bram/U0/inst_blk_mem_gen/gnbram.gnative_mem_map_bmg.native_mem_map_blk_mem_gen/valid.cstr/ramloop[2].ram.r/prim_noinit.ram/DEVICE_7SERIES.WITH_BMM_INFO.TRUE_DP.SIMPLE_PRIM36.TDP_SP36_NO_ECC_ATTR.ram/ADDRBWRADDR[7]
                            (rising edge-triggered cell RAMB36E1 clocked by clk_out1_design_1_clk_wiz_1_0  {rise@0.000ns fall@5.000ns period=10.000ns})
  Path Group:             clk_out1_design_1_clk_wiz_1_0
  Path Type:              Setup (Max at Slow Process Corner)
  Requirement:            10.000ns  (clk_out1_design_1_clk_wiz_1_0 rise@10.000ns - clk_out1_design_1_clk_wiz_1_0 rise@0.000ns)
  Data Path Delay:        7.717ns  (logic 2.026ns (26.254%)  route 5.691ns (73.746%))
  Logic Levels:           5  (CARRY4=3 LUT3=1 LUT6=1)
  Clock Path Skew:        -0.074ns (DCD - SCD + CPR)
    Destination Clock Delay (DCD):    -1.513ns = ( 8.487 - 10.000 ) 
    Source Clock Delay      (SCD):    -0.956ns
    Clock Pessimism Removal (CPR):    0.484ns
  Clock Uncertainty:      0.074ns  ((TSJ^2 + DJ^2)^1/2) / 2 + PE
    Total System Jitter     (TSJ):    0.071ns
    Discrete Jitter          (DJ):    0.131ns
    Phase Error              (PE):    0.000ns

    Location             Delay type                Incr(ns)  Path(ns)    Netlist Resource(s)
  -------------------------------------------------------------------    -------------------
                         (clock clk_out1_design_1_clk_wiz_1_0 rise edge)
                                                      0.000     0.000 r  
    W5                                                0.000     0.000 r  sys_clock (IN)
                         net (fo=0)                   0.000     0.000    design_1_i/clk_wiz_1/inst/clk_in1
    W5                   IBUF (Prop_ibuf_I_O)         1.458     1.458 r  design_1_i/clk_wiz_1/inst/clkin1_ibufg/O
                         net (fo=1, routed)           1.233     2.691    design_1_i/clk_wiz_1/inst/clk_in1_design_1_clk_wiz_1_0
    MMCME2_ADV_X1Y0      MMCME2_ADV (Prop_mmcme2_adv_CLKIN1_CLKOUT0)
                                                     -6.961    -4.269 r  design_1_i/clk_wiz_1/inst/mmcm_adv_inst/CLKOUT0
                         net (fo=1, routed)           1.661    -2.608    design_1_i/clk_wiz_1/inst/clk_out1_design_1_clk_wiz_1_0
    BUFGCTRL_X0Y0        BUFG (Prop_bufg_I_O)         0.096    -2.512 r  design_1_i/clk_wiz_1/inst/clkout1_buf/O
                         net (fo=1479, routed)        1.556    -0.956    design_1_i/microblaze_0/U0/MicroBlaze_Core_I/Performance.Core/Data_Flow_I/Operand_Select_I/Clk
    SLICE_X49Y21         FDRE                                         r  design_1_i/microblaze_0/U0/MicroBlaze_Core_I/Performance.Core/Data_Flow_I/Operand_Select_I/EX_Branch_CMP_Op1_reg[24]/C
  -------------------------------------------------------------------    -------------------
    SLICE_X49Y21         FDRE (Prop_fdre_C_Q)         0.419    -0.537 f  design_1_i/microblaze_0/U0/MicroBlaze_Core_I/Performance.Core/Data_Flow_I/Operand_Select_I/EX_Branch_CMP_Op1_reg[24]/Q
                         net (fo=1, routed)           1.283     0.747    design_1_i/microblaze_0/U0/MicroBlaze_Core_I/Performance.Core/Data_Flow_I/Zero_Detect_I/Q[5]
    SLICE_X47Y26         LUT6 (Prop_lut6_I1_O)        0.299     1.046 r  design_1_i/microblaze_0/U0/MicroBlaze_Core_I/Performance.Core/Data_Flow_I/Zero_Detect_I/S0_inferred__0/i_/O
                         net (fo=1, routed)           0.000     1.046    design_1_i/microblaze_0/U0/MicroBlaze_Core_I/Performance.Core/Data_Flow_I/Zero_Detect_I/Zero_Detecting[3].I_Part_Of_Zero_Detect/lopt_2
    SLICE_X47Y26         CARRY4 (Prop_carry4_S[1]_CO[3])
                                                      0.550     1.596 r  design_1_i/microblaze_0/U0/MicroBlaze_Core_I/Performance.Core/Data_Flow_I/Zero_Detect_I/Zero_Detecting[3].I_Part_Of_Zero_Detect/Using_FPGA.Native_CARRY4/CO[3]
                         net (fo=1, routed)           0.000     1.596    design_1_i/microblaze_0/U0/MicroBlaze_Core_I/Performance.Core/Decode_I/jump_logic_I1/MUXCY_JUMP_CARRY2/jump_carry1
    SLICE_X47Y27         CARRY4 (Prop_carry4_CI_CO[3])
                                                      0.114     1.710 r  design_1_i/microblaze_0/U0/MicroBlaze_Core_I/Performance.Core/Decode_I/jump_logic_I1/MUXCY_JUMP_CARRY2/Using_FPGA.Native_CARRY4/CO[3]
                         net (fo=1, routed)           0.000     1.710    design_1_i/microblaze_0/U0/MicroBlaze_Core_I/Performance.Core/Decode_I/jump_logic_I1/MUXCY_JUMP_CARRY6/jump_carry5
    SLICE_X47Y28         CARRY4 (Prop_carry4_CI_CO[0])
                                                      0.271     1.981 r  design_1_i/microblaze_0/U0/MicroBlaze_Core_I/Performance.Core/Decode_I/jump_logic_I1/MUXCY_JUMP_CARRY6/Using_FPGA.Native_CARRY4/CO[0]
                         net (fo=46, routed)          1.359     3.340    design_1_i/microblaze_0/U0/MicroBlaze_Core_I/Performance.Core/Decode_I/jump_logic_I1/MUXCY_JUMP_CARRY6/in0
    SLICE_X51Y21         LUT3 (Prop_lut3_I1_O)        0.373     3.713 r  design_1_i/microblaze_0/U0/MicroBlaze_Core_I/Performance.Core/Decode_I/jump_logic_I1/MUXCY_JUMP_CARRY6/Instr_Addr[22]_INST_0/O
                         net (fo=33, routed)          3.048     6.761    design_1_i/microblaze_0_local_memory/lmb_bram/U0/inst_blk_mem_gen/gnbram.gnative_mem_map_bmg.native_mem_map_blk_mem_gen/valid.cstr/ramloop[2].ram.r/prim_noinit.ram/addrb[7]
    RAMB36_X0Y11         RAMB36E1                                     r  design_1_i/microblaze_0_local_memory/lmb_bram/U0/inst_blk_mem_gen/gnbram.gnative_mem_map_bmg.native_mem_map_blk_mem_gen/valid.cstr/ramloop[2].ram.r/prim_noinit.ram/DEVICE_7SERIES.WITH_BMM_INFO.TRUE_DP.SIMPLE_PRIM36.TDP_SP36_NO_ECC_ATTR.ram/ADDRBWRADDR[7]
  -------------------------------------------------------------------    -------------------

                         (clock clk_out1_design_1_clk_wiz_1_0 rise edge)
                                                     10.000    10.000 r  
    W5                                                0.000    10.000 r  sys_clock (IN)
                         net (fo=0)                   0.000    10.000    design_1_i/clk_wiz_1/inst/clk_in1
    W5                   IBUF (Prop_ibuf_I_O)         1.388    11.388 r  design_1_i/clk_wiz_1/inst/clkin1_ibufg/O
                         net (fo=1, routed)           1.162    12.550    design_1_i/clk_wiz_1/inst/clk_in1_design_1_clk_wiz_1_0
    MMCME2_ADV_X1Y0      MMCME2_ADV (Prop_mmcme2_adv_CLKIN1_CLKOUT0)
                                                     -7.217     5.332 r  design_1_i/clk_wiz_1/inst/mmcm_adv_inst/CLKOUT0
                         net (fo=1, routed)           1.581     6.914    design_1_i/clk_wiz_1/inst/clk_out1_design_1_clk_wiz_1_0
    BUFGCTRL_X0Y0        BUFG (Prop_bufg_I_O)         0.091     7.005 r  design_1_i/clk_wiz_1/inst/clkout1_buf/O
                         net (fo=1479, routed)        1.482     8.487    design_1_i/microblaze_0_local_memory/lmb_bram/U0/inst_blk_mem_gen/gnbram.gnative_mem_map_bmg.native_mem_map_blk_mem_gen/valid.cstr/ramloop[2].ram.r/prim_noinit.ram/clkb
    RAMB36_X0Y11         RAMB36E1                                     r  design_1_i/microblaze_0_local_memory/lmb_bram/U0/inst_blk_mem_gen/gnbram.gnative_mem_map_bmg.native_mem_map_blk_mem_gen/valid.cstr/ramloop[2].ram.r/prim_noinit.ram/DEVICE_7SERIES.WITH_BMM_INFO.TRUE_DP.SIMPLE_PRIM36.TDP_SP36_NO_ECC_ATTR.ram/CLKBWRCLK
                         clock pessimism              0.484     8.970    
                         clock uncertainty           -0.074     8.896    
    RAMB36_X0Y11         RAMB36E1 (Setup_ramb36e1_CLKBWRCLK_ADDRBWRADDR[7])
                                                     -0.566     8.330    design_1_i/microblaze_0_local_memory/lmb_bram/U0/inst_blk_mem_gen/gnbram.gnative_mem_map_bmg.native_mem_map_blk_mem_gen/valid.cstr/ramloop[2].ram.r/prim_noinit.ram/DEVICE_7SERIES.WITH_BMM_INFO.TRUE_DP.SIMPLE_PRIM36.TDP_SP36_NO_ECC_ATTR.ram
  -------------------------------------------------------------------
                         required time                          8.330    
                         arrival time                          -6.761    
  -------------------------------------------------------------------
                         slack                                  1.569    

Slack (MET) :             1.583ns  (required time - arrival time)
  Source:                 design_1_i/microblaze_0/U0/MicroBlaze_Core_I/Performance.Core/Data_Flow_I/Operand_Select_I/EX_Branch_CMP_Op1_reg[24]/C
                            (rising edge-triggered cell FDRE clocked by clk_out1_design_1_clk_wiz_1_0  {rise@0.000ns fall@5.000ns period=10.000ns})
  Destination:            design_1_i/microblaze_0_local_memory/lmb_bram/U0/inst_blk_mem_gen/gnbram.gnative_mem_map_bmg.native_mem_map_blk_mem_gen/valid.cstr/ramloop[0].ram.r/prim_noinit.ram/DEVICE_7SERIES.WITH_BMM_INFO.TRUE_DP.SIMPLE_PRIM36.TDP_SP36_NO_ECC_ATTR.ram/ADDRBWRADDR[6]
                            (rising edge-triggered cell RAMB36E1 clocked by clk_out1_design_1_clk_wiz_1_0  {rise@0.000ns fall@5.000ns period=10.000ns})
  Path Group:             clk_out1_design_1_clk_wiz_1_0
  Path Type:              Setup (Max at Slow Process Corner)
  Requirement:            10.000ns  (clk_out1_design_1_clk_wiz_1_0 rise@10.000ns - clk_out1_design_1_clk_wiz_1_0 rise@0.000ns)
  Data Path Delay:        7.495ns  (logic 2.054ns (27.404%)  route 5.441ns (72.596%))
  Logic Levels:           5  (CARRY4=3 LUT3=1 LUT6=1)
  Clock Path Skew:        -0.073ns (DCD - SCD + CPR)
    Destination Clock Delay (DCD):    -1.512ns = ( 8.488 - 10.000 ) 
    Source Clock Delay      (SCD):    -0.956ns
    Clock Pessimism Removal (CPR):    0.484ns
  Clock Uncertainty:      0.074ns  ((TSJ^2 + DJ^2)^1/2) / 2 + PE
    Total System Jitter     (TSJ):    0.071ns
    Discrete Jitter          (DJ):    0.131ns
    Phase Error              (PE):    0.000ns

    Location             Delay type                Incr(ns)  Path(ns)    Netlist Resource(s)
  -------------------------------------------------------------------    -------------------
                         (clock clk_out1_design_1_clk_wiz_1_0 rise edge)
                                                      0.000     0.000 r  
    W5                                                0.000     0.000 r  sys_clock (IN)
                         net (fo=0)                   0.000     0.000    design_1_i/clk_wiz_1/inst/clk_in1
    W5                   IBUF (Prop_ibuf_I_O)         1.458     1.458 r  design_1_i/clk_wiz_1/inst/clkin1_ibufg/O
                         net (fo=1, routed)           1.233     2.691    design_1_i/clk_wiz_1/inst/clk_in1_design_1_clk_wiz_1_0
    MMCME2_ADV_X1Y0      MMCME2_ADV (Prop_mmcme2_adv_CLKIN1_CLKOUT0)
                                                     -6.961    -4.269 r  design_1_i/clk_wiz_1/inst/mmcm_adv_inst/CLKOUT0
                         net (fo=1, routed)           1.661    -2.608    design_1_i/clk_wiz_1/inst/clk_out1_design_1_clk_wiz_1_0
    BUFGCTRL_X0Y0        BUFG (Prop_bufg_I_O)         0.096    -2.512 r  design_1_i/clk_wiz_1/inst/clkout1_buf/O
                         net (fo=1479, routed)        1.556    -0.956    design_1_i/microblaze_0/U0/MicroBlaze_Core_I/Performance.Core/Data_Flow_I/Operand_Select_I/Clk
    SLICE_X49Y21         FDRE                                         r  design_1_i/microblaze_0/U0/MicroBlaze_Core_I/Performance.Core/Data_Flow_I/Operand_Select_I/EX_Branch_CMP_Op1_reg[24]/C
  -------------------------------------------------------------------    -------------------
    SLICE_X49Y21         FDRE (Prop_fdre_C_Q)         0.419    -0.537 f  design_1_i/microblaze_0/U0/MicroBlaze_Core_I/Performance.Core/Data_Flow_I/Operand_Select_I/EX_Branch_CMP_Op1_reg[24]/Q
                         net (fo=1, routed)           1.283     0.747    design_1_i/microblaze_0/U0/MicroBlaze_Core_I/Performance.Core/Data_Flow_I/Zero_Detect_I/Q[5]
    SLICE_X47Y26         LUT6 (Prop_lut6_I1_O)        0.299     1.046 r  design_1_i/microblaze_0/U0/MicroBlaze_Core_I/Performance.Core/Data_Flow_I/Zero_Detect_I/S0_inferred__0/i_/O
                         net (fo=1, routed)           0.000     1.046    design_1_i/microblaze_0/U0/MicroBlaze_Core_I/Performance.Core/Data_Flow_I/Zero_Detect_I/Zero_Detecting[3].I_Part_Of_Zero_Detect/lopt_2
    SLICE_X47Y26         CARRY4 (Prop_carry4_S[1]_CO[3])
                                                      0.550     1.596 r  design_1_i/microblaze_0/U0/MicroBlaze_Core_I/Performance.Core/Data_Flow_I/Zero_Detect_I/Zero_Detecting[3].I_Part_Of_Zero_Detect/Using_FPGA.Native_CARRY4/CO[3]
                         net (fo=1, routed)           0.000     1.596    design_1_i/microblaze_0/U0/MicroBlaze_Core_I/Performance.Core/Decode_I/jump_logic_I1/MUXCY_JUMP_CARRY2/jump_carry1
    SLICE_X47Y27         CARRY4 (Prop_carry4_CI_CO[3])
                                                      0.114     1.710 r  design_1_i/microblaze_0/U0/MicroBlaze_Core_I/Performance.Core/Decode_I/jump_logic_I1/MUXCY_JUMP_CARRY2/Using_FPGA.Native_CARRY4/CO[3]
                         net (fo=1, routed)           0.000     1.710    design_1_i/microblaze_0/U0/MicroBlaze_Core_I/Performance.Core/Decode_I/jump_logic_I1/MUXCY_JUMP_CARRY6/jump_carry5
    SLICE_X47Y28         CARRY4 (Prop_carry4_CI_CO[0])
                                                      0.271     1.981 r  design_1_i/microblaze_0/U0/MicroBlaze_Core_I/Performance.Core/Decode_I/jump_logic_I1/MUXCY_JUMP_CARRY6/Using_FPGA.Native_CARRY4/CO[0]
                         net (fo=46, routed)          1.359     3.340    design_1_i/microblaze_0/U0/MicroBlaze_Core_I/Performance.Core/Decode_I/jump_logic_I1/MUXCY_JUMP_CARRY6/in0
    SLICE_X51Y21         LUT3 (Prop_lut3_I1_O)        0.401     3.741 r  design_1_i/microblaze_0/U0/MicroBlaze_Core_I/Performance.Core/Decode_I/jump_logic_I1/MUXCY_JUMP_CARRY6/Instr_Addr[23]_INST_0/O
                         net (fo=33, routed)          2.799     6.540    design_1_i/microblaze_0_local_memory/lmb_bram/U0/inst_blk_mem_gen/gnbram.gnative_mem_map_bmg.native_mem_map_blk_mem_gen/valid.cstr/ramloop[0].ram.r/prim_noinit.ram/addrb[6]
    RAMB36_X0Y10         RAMB36E1                                     r  design_1_i/microblaze_0_local_memory/lmb_bram/U0/inst_blk_mem_gen/gnbram.gnative_mem_map_bmg.native_mem_map_blk_mem_gen/valid.cstr/ramloop[0].ram.r/prim_noinit.ram/DEVICE_7SERIES.WITH_BMM_INFO.TRUE_DP.SIMPLE_PRIM36.TDP_SP36_NO_ECC_ATTR.ram/ADDRBWRADDR[6]
  -------------------------------------------------------------------    -------------------

                         (clock clk_out1_design_1_clk_wiz_1_0 rise edge)
                                                     10.000    10.000 r  
    W5                                                0.000    10.000 r  sys_clock (IN)
                         net (fo=0)                   0.000    10.000    design_1_i/clk_wiz_1/inst/clk_in1
    W5                   IBUF (Prop_ibuf_I_O)         1.388    11.388 r  design_1_i/clk_wiz_1/inst/clkin1_ibufg/O
                         net (fo=1, routed)           1.162    12.550    design_1_i/clk_wiz_1/inst/clk_in1_design_1_clk_wiz_1_0
    MMCME2_ADV_X1Y0      MMCME2_ADV (Prop_mmcme2_adv_CLKIN1_CLKOUT0)
                                                     -7.217     5.332 r  design_1_i/clk_wiz_1/inst/mmcm_adv_inst/CLKOUT0
                         net (fo=1, routed)           1.581     6.914    design_1_i/clk_wiz_1/inst/clk_out1_design_1_clk_wiz_1_0
    BUFGCTRL_X0Y0        BUFG (Prop_bufg_I_O)         0.091     7.005 r  design_1_i/clk_wiz_1/inst/clkout1_buf/O
                         net (fo=1479, routed)        1.483     8.488    design_1_i/microblaze_0_local_memory/lmb_bram/U0/inst_blk_mem_gen/gnbram.gnative_mem_map_bmg.native_mem_map_blk_mem_gen/valid.cstr/ramloop[0].ram.r/prim_noinit.ram/clkb
    RAMB36_X0Y10         RAMB36E1                                     r  design_1_i/microblaze_0_local_memory/lmb_bram/U0/inst_blk_mem_gen/gnbram.gnative_mem_map_bmg.native_mem_map_blk_mem_gen/valid.cstr/ramloop[0].ram.r/prim_noinit.ram/DEVICE_7SERIES.WITH_BMM_INFO.TRUE_DP.SIMPLE_PRIM36.TDP_SP36_NO_ECC_ATTR.ram/CLKBWRCLK
                         clock pessimism              0.484     8.971    
                         clock uncertainty           -0.074     8.897    
    RAMB36_X0Y10         RAMB36E1 (Setup_ramb36e1_CLKBWRCLK_ADDRBWRADDR[6])
                                                     -0.774     8.123    design_1_i/microblaze_0_local_memory/lmb_bram/U0/inst_blk_mem_gen/gnbram.gnative_mem_map_bmg.native_mem_map_blk_mem_gen/valid.cstr/ramloop[0].ram.r/prim_noinit.ram/DEVICE_7SERIES.WITH_BMM_INFO.TRUE_DP.SIMPLE_PRIM36.TDP_SP36_NO_ECC_ATTR.ram
  -------------------------------------------------------------------
                         required time                          8.123    
                         arrival time                          -6.540    
  -------------------------------------------------------------------
                         slack                                  1.583    

Slack (MET) :             1.600ns  (required time - arrival time)
  Source:                 design_1_i/microblaze_0/U0/MicroBlaze_Core_I/Performance.Core/Data_Flow_I/Operand_Select_I/EX_Branch_CMP_Op1_reg[24]/C
                            (rising edge-triggered cell FDRE clocked by clk_out1_design_1_clk_wiz_1_0  {rise@0.000ns fall@5.000ns period=10.000ns})
  Destination:            design_1_i/microblaze_0_local_memory/lmb_bram/U0/inst_blk_mem_gen/gnbram.gnative_mem_map_bmg.native_mem_map_blk_mem_gen/valid.cstr/ramloop[7].ram.r/prim_noinit.ram/DEVICE_7SERIES.WITH_BMM_INFO.TRUE_DP.SIMPLE_PRIM36.TDP_SP36_NO_ECC_ATTR.ram/ADDRBWRADDR[6]
                            (rising edge-triggered cell RAMB36E1 clocked by clk_out1_design_1_clk_wiz_1_0  {rise@0.000ns fall@5.000ns period=10.000ns})
  Path Group:             clk_out1_design_1_clk_wiz_1_0
  Path Type:              Setup (Max at Slow Process Corner)
  Requirement:            10.000ns  (clk_out1_design_1_clk_wiz_1_0 rise@10.000ns - clk_out1_design_1_clk_wiz_1_0 rise@0.000ns)
  Data Path Delay:        7.495ns  (logic 2.054ns (27.404%)  route 5.441ns (72.596%))
  Logic Levels:           5  (CARRY4=3 LUT3=1 LUT6=1)
  Clock Path Skew:        -0.057ns (DCD - SCD + CPR)
    Destination Clock Delay (DCD):    -1.504ns = ( 8.496 - 10.000 ) 
    Source Clock Delay      (SCD):    -0.956ns
    Clock Pessimism Removal (CPR):    0.492ns
  Clock Uncertainty:      0.074ns  ((TSJ^2 + DJ^2)^1/2) / 2 + PE
    Total System Jitter     (TSJ):    0.071ns
    Discrete Jitter          (DJ):    0.131ns
    Phase Error              (PE):    0.000ns

    Location             Delay type                Incr(ns)  Path(ns)    Netlist Resource(s)
  -------------------------------------------------------------------    -------------------
                         (clock clk_out1_design_1_clk_wiz_1_0 rise edge)
                                                      0.000     0.000 r  
    W5                                                0.000     0.000 r  sys_clock (IN)
                         net (fo=0)                   0.000     0.000    design_1_i/clk_wiz_1/inst/clk_in1
    W5                   IBUF (Prop_ibuf_I_O)         1.458     1.458 r  design_1_i/clk_wiz_1/inst/clkin1_ibufg/O
                         net (fo=1, routed)           1.233     2.691    design_1_i/clk_wiz_1/inst/clk_in1_design_1_clk_wiz_1_0
    MMCME2_ADV_X1Y0      MMCME2_ADV (Prop_mmcme2_adv_CLKIN1_CLKOUT0)
                                                     -6.961    -4.269 r  design_1_i/clk_wiz_1/inst/mmcm_adv_inst/CLKOUT0
                         net (fo=1, routed)           1.661    -2.608    design_1_i/clk_wiz_1/inst/clk_out1_design_1_clk_wiz_1_0
    BUFGCTRL_X0Y0        BUFG (Prop_bufg_I_O)         0.096    -2.512 r  design_1_i/clk_wiz_1/inst/clkout1_buf/O
                         net (fo=1479, routed)        1.556    -0.956    design_1_i/microblaze_0/U0/MicroBlaze_Core_I/Performance.Core/Data_Flow_I/Operand_Select_I/Clk
    SLICE_X49Y21         FDRE                                         r  design_1_i/microblaze_0/U0/MicroBlaze_Core_I/Performance.Core/Data_Flow_I/Operand_Select_I/EX_Branch_CMP_Op1_reg[24]/C
  -------------------------------------------------------------------    -------------------
    SLICE_X49Y21         FDRE (Prop_fdre_C_Q)         0.419    -0.537 f  design_1_i/microblaze_0/U0/MicroBlaze_Core_I/Performance.Core/Data_Flow_I/Operand_Select_I/EX_Branch_CMP_Op1_reg[24]/Q
                         net (fo=1, routed)           1.283     0.747    design_1_i/microblaze_0/U0/MicroBlaze_Core_I/Performance.Core/Data_Flow_I/Zero_Detect_I/Q[5]
    SLICE_X47Y26         LUT6 (Prop_lut6_I1_O)        0.299     1.046 r  design_1_i/microblaze_0/U0/MicroBlaze_Core_I/Performance.Core/Data_Flow_I/Zero_Detect_I/S0_inferred__0/i_/O
                         net (fo=1, routed)           0.000     1.046    design_1_i/microblaze_0/U0/MicroBlaze_Core_I/Performance.Core/Data_Flow_I/Zero_Detect_I/Zero_Detecting[3].I_Part_Of_Zero_Detect/lopt_2
    SLICE_X47Y26         CARRY4 (Prop_carry4_S[1]_CO[3])
                                                      0.550     1.596 r  design_1_i/microblaze_0/U0/MicroBlaze_Core_I/Performance.Core/Data_Flow_I/Zero_Detect_I/Zero_Detecting[3].I_Part_Of_Zero_Detect/Using_FPGA.Native_CARRY4/CO[3]
                         net (fo=1, routed)           0.000     1.596    design_1_i/microblaze_0/U0/MicroBlaze_Core_I/Performance.Core/Decode_I/jump_logic_I1/MUXCY_JUMP_CARRY2/jump_carry1
    SLICE_X47Y27         CARRY4 (Prop_carry4_CI_CO[3])
                                                      0.114     1.710 r  design_1_i/microblaze_0/U0/MicroBlaze_Core_I/Performance.Core/Decode_I/jump_logic_I1/MUXCY_JUMP_CARRY2/Using_FPGA.Native_CARRY4/CO[3]
                         net (fo=1, routed)           0.000     1.710    design_1_i/microblaze_0/U0/MicroBlaze_Core_I/Performance.Core/Decode_I/jump_logic_I1/MUXCY_JUMP_CARRY6/jump_carry5
    SLICE_X47Y28         CARRY4 (Prop_carry4_CI_CO[0])
                                                      0.271     1.981 r  design_1_i/microblaze_0/U0/MicroBlaze_Core_I/Performance.Core/Decode_I/jump_logic_I1/MUXCY_JUMP_CARRY6/Using_FPGA.Native_CARRY4/CO[0]
                         net (fo=46, routed)          1.359     3.340    design_1_i/microblaze_0/U0/MicroBlaze_Core_I/Performance.Core/Decode_I/jump_logic_I1/MUXCY_JUMP_CARRY6/in0
    SLICE_X51Y21         LUT3 (Prop_lut3_I1_O)        0.401     3.741 r  design_1_i/microblaze_0/U0/MicroBlaze_Core_I/Performance.Core/Decode_I/jump_logic_I1/MUXCY_JUMP_CARRY6/Instr_Addr[23]_INST_0/O
                         net (fo=33, routed)          2.799     6.540    design_1_i/microblaze_0_local_memory/lmb_bram/U0/inst_blk_mem_gen/gnbram.gnative_mem_map_bmg.native_mem_map_blk_mem_gen/valid.cstr/ramloop[7].ram.r/prim_noinit.ram/addrb[6]
    RAMB36_X0Y8          RAMB36E1                                     r  design_1_i/microblaze_0_local_memory/lmb_bram/U0/inst_blk_mem_gen/gnbram.gnative_mem_map_bmg.native_mem_map_blk_mem_gen/valid.cstr/ramloop[7].ram.r/prim_noinit.ram/DEVICE_7SERIES.WITH_BMM_INFO.TRUE_DP.SIMPLE_PRIM36.TDP_SP36_NO_ECC_ATTR.ram/ADDRBWRADDR[6]
  -------------------------------------------------------------------    -------------------

                         (clock clk_out1_design_1_clk_wiz_1_0 rise edge)
                                                     10.000    10.000 r  
    W5                                                0.000    10.000 r  sys_clock (IN)
                         net (fo=0)                   0.000    10.000    design_1_i/clk_wiz_1/inst/clk_in1
    W5                   IBUF (Prop_ibuf_I_O)         1.388    11.388 r  design_1_i/clk_wiz_1/inst/clkin1_ibufg/O
                         net (fo=1, routed)           1.162    12.550    design_1_i/clk_wiz_1/inst/clk_in1_design_1_clk_wiz_1_0
    MMCME2_ADV_X1Y0      MMCME2_ADV (Prop_mmcme2_adv_CLKIN1_CLKOUT0)
                                                     -7.217     5.332 r  design_1_i/clk_wiz_1/inst/mmcm_adv_inst/CLKOUT0
                         net (fo=1, routed)           1.581     6.914    design_1_i/clk_wiz_1/inst/clk_out1_design_1_clk_wiz_1_0
    BUFGCTRL_X0Y0        BUFG (Prop_bufg_I_O)         0.091     7.005 r  design_1_i/clk_wiz_1/inst/clkout1_buf/O
                         net (fo=1479, routed)        1.492     8.496    design_1_i/microblaze_0_local_memory/lmb_bram/U0/inst_blk_mem_gen/gnbram.gnative_mem_map_bmg.native_mem_map_blk_mem_gen/valid.cstr/ramloop[7].ram.r/prim_noinit.ram/clkb
    RAMB36_X0Y8          RAMB36E1                                     r  design_1_i/microblaze_0_local_memory/lmb_bram/U0/inst_blk_mem_gen/gnbram.gnative_mem_map_bmg.native_mem_map_blk_mem_gen/valid.cstr/ramloop[7].ram.r/prim_noinit.ram/DEVICE_7SERIES.WITH_BMM_INFO.TRUE_DP.SIMPLE_PRIM36.TDP_SP36_NO_ECC_ATTR.ram/CLKBWRCLK
                         clock pessimism              0.492     8.988    
                         clock uncertainty           -0.074     8.914    
    RAMB36_X0Y8          RAMB36E1 (Setup_ramb36e1_CLKBWRCLK_ADDRBWRADDR[6])
                                                     -0.774     8.140    design_1_i/microblaze_0_local_memory/lmb_bram/U0/inst_blk_mem_gen/gnbram.gnative_mem_map_bmg.native_mem_map_blk_mem_gen/valid.cstr/ramloop[7].ram.r/prim_noinit.ram/DEVICE_7SERIES.WITH_BMM_INFO.TRUE_DP.SIMPLE_PRIM36.TDP_SP36_NO_ECC_ATTR.ram
  -------------------------------------------------------------------
                         required time                          8.140    
                         arrival time                          -6.540    
  -------------------------------------------------------------------
                         slack                                  1.600    

Slack (MET) :             1.604ns  (required time - arrival time)
  Source:                 design_1_i/microblaze_0/U0/MicroBlaze_Core_I/Performance.Core/Data_Flow_I/Operand_Select_I/EX_Branch_CMP_Op1_reg[24]/C
                            (rising edge-triggered cell FDRE clocked by clk_out1_design_1_clk_wiz_1_0  {rise@0.000ns fall@5.000ns period=10.000ns})
  Destination:            design_1_i/microblaze_0_local_memory/lmb_bram/U0/inst_blk_mem_gen/gnbram.gnative_mem_map_bmg.native_mem_map_blk_mem_gen/valid.cstr/ramloop[0].ram.r/prim_noinit.ram/DEVICE_7SERIES.WITH_BMM_INFO.TRUE_DP.SIMPLE_PRIM36.TDP_SP36_NO_ECC_ATTR.ram/ADDRBWRADDR[0]
                            (rising edge-triggered cell RAMB36E1 clocked by clk_out1_design_1_clk_wiz_1_0  {rise@0.000ns fall@5.000ns period=10.000ns})
  Path Group:             clk_out1_design_1_clk_wiz_1_0
  Path Type:              Setup (Max at Slow Process Corner)
  Requirement:            10.000ns  (clk_out1_design_1_clk_wiz_1_0 rise@10.000ns - clk_out1_design_1_clk_wiz_1_0 rise@0.000ns)
  Data Path Delay:        7.475ns  (logic 2.054ns (27.479%)  route 5.421ns (72.521%))
  Logic Levels:           5  (CARRY4=3 LUT3=1 LUT6=1)
  Clock Path Skew:        -0.073ns (DCD - SCD + CPR)
    Destination Clock Delay (DCD):    -1.512ns = ( 8.488 - 10.000 ) 
    Source Clock Delay      (SCD):    -0.956ns
    Clock Pessimism Removal (CPR):    0.484ns
  Clock Uncertainty:      0.074ns  ((TSJ^2 + DJ^2)^1/2) / 2 + PE
    Total System Jitter     (TSJ):    0.071ns
    Discrete Jitter          (DJ):    0.131ns
    Phase Error              (PE):    0.000ns

    Location             Delay type                Incr(ns)  Path(ns)    Netlist Resource(s)
  -------------------------------------------------------------------    -------------------
                         (clock clk_out1_design_1_clk_wiz_1_0 rise edge)
                                                      0.000     0.000 r  
    W5                                                0.000     0.000 r  sys_clock (IN)
                         net (fo=0)                   0.000     0.000    design_1_i/clk_wiz_1/inst/clk_in1
    W5                   IBUF (Prop_ibuf_I_O)         1.458     1.458 r  design_1_i/clk_wiz_1/inst/clkin1_ibufg/O
                         net (fo=1, routed)           1.233     2.691    design_1_i/clk_wiz_1/inst/clk_in1_design_1_clk_wiz_1_0
    MMCME2_ADV_X1Y0      MMCME2_ADV (Prop_mmcme2_adv_CLKIN1_CLKOUT0)
                                                     -6.961    -4.269 r  design_1_i/clk_wiz_1/inst/mmcm_adv_inst/CLKOUT0
                         net (fo=1, routed)           1.661    -2.608    design_1_i/clk_wiz_1/inst/clk_out1_design_1_clk_wiz_1_0
    BUFGCTRL_X0Y0        BUFG (Prop_bufg_I_O)         0.096    -2.512 r  design_1_i/clk_wiz_1/inst/clkout1_buf/O
                         net (fo=1479, routed)        1.556    -0.956    design_1_i/microblaze_0/U0/MicroBlaze_Core_I/Performance.Core/Data_Flow_I/Operand_Select_I/Clk
    SLICE_X49Y21         FDRE                                         r  design_1_i/microblaze_0/U0/MicroBlaze_Core_I/Performance.Core/Data_Flow_I/Operand_Select_I/EX_Branch_CMP_Op1_reg[24]/C
  -------------------------------------------------------------------    -------------------
    SLICE_X49Y21         FDRE (Prop_fdre_C_Q)         0.419    -0.537 f  design_1_i/microblaze_0/U0/MicroBlaze_Core_I/Performance.Core/Data_Flow_I/Operand_Select_I/EX_Branch_CMP_Op1_reg[24]/Q
                         net (fo=1, routed)           1.283     0.747    design_1_i/microblaze_0/U0/MicroBlaze_Core_I/Performance.Core/Data_Flow_I/Zero_Detect_I/Q[5]
    SLICE_X47Y26         LUT6 (Prop_lut6_I1_O)        0.299     1.046 r  design_1_i/microblaze_0/U0/MicroBlaze_Core_I/Performance.Core/Data_Flow_I/Zero_Detect_I/S0_inferred__0/i_/O
                         net (fo=1, routed)           0.000     1.046    design_1_i/microblaze_0/U0/MicroBlaze_Core_I/Performance.Core/Data_Flow_I/Zero_Detect_I/Zero_Detecting[3].I_Part_Of_Zero_Detect/lopt_2
    SLICE_X47Y26         CARRY4 (Prop_carry4_S[1]_CO[3])
                                                      0.550     1.596 r  design_1_i/microblaze_0/U0/MicroBlaze_Core_I/Performance.Core/Data_Flow_I/Zero_Detect_I/Zero_Detecting[3].I_Part_Of_Zero_Detect/Using_FPGA.Native_CARRY4/CO[3]
                         net (fo=1, routed)           0.000     1.596    design_1_i/microblaze_0/U0/MicroBlaze_Core_I/Performance.Core/Decode_I/jump_logic_I1/MUXCY_JUMP_CARRY2/jump_carry1
    SLICE_X47Y27         CARRY4 (Prop_carry4_CI_CO[3])
                                                      0.114     1.710 r  design_1_i/microblaze_0/U0/MicroBlaze_Core_I/Performance.Core/Decode_I/jump_logic_I1/MUXCY_JUMP_CARRY2/Using_FPGA.Native_CARRY4/CO[3]
                         net (fo=1, routed)           0.000     1.710    design_1_i/microblaze_0/U0/MicroBlaze_Core_I/Performance.Core/Decode_I/jump_logic_I1/MUXCY_JUMP_CARRY6/jump_carry5
    SLICE_X47Y28         CARRY4 (Prop_carry4_CI_CO[0])
                                                      0.271     1.981 r  design_1_i/microblaze_0/U0/MicroBlaze_Core_I/Performance.Core/Decode_I/jump_logic_I1/MUXCY_JUMP_CARRY6/Using_FPGA.Native_CARRY4/CO[0]
                         net (fo=46, routed)          1.305     3.286    design_1_i/microblaze_0/U0/MicroBlaze_Core_I/Performance.Core/Decode_I/jump_logic_I1/MUXCY_JUMP_CARRY6/in0
    SLICE_X51Y19         LUT3 (Prop_lut3_I1_O)        0.401     3.687 r  design_1_i/microblaze_0/U0/MicroBlaze_Core_I/Performance.Core/Decode_I/jump_logic_I1/MUXCY_JUMP_CARRY6/Instr_Addr[29]_INST_0/O
                         net (fo=33, routed)          2.832     6.519    design_1_i/microblaze_0_local_memory/lmb_bram/U0/inst_blk_mem_gen/gnbram.gnative_mem_map_bmg.native_mem_map_blk_mem_gen/valid.cstr/ramloop[0].ram.r/prim_noinit.ram/addrb[0]
    RAMB36_X0Y10         RAMB36E1                                     r  design_1_i/microblaze_0_local_memory/lmb_bram/U0/inst_blk_mem_gen/gnbram.gnative_mem_map_bmg.native_mem_map_blk_mem_gen/valid.cstr/ramloop[0].ram.r/prim_noinit.ram/DEVICE_7SERIES.WITH_BMM_INFO.TRUE_DP.SIMPLE_PRIM36.TDP_SP36_NO_ECC_ATTR.ram/ADDRBWRADDR[0]
  -------------------------------------------------------------------    -------------------

                         (clock clk_out1_design_1_clk_wiz_1_0 rise edge)
                                                     10.000    10.000 r  
    W5                                                0.000    10.000 r  sys_clock (IN)
                         net (fo=0)                   0.000    10.000    design_1_i/clk_wiz_1/inst/clk_in1
    W5                   IBUF (Prop_ibuf_I_O)         1.388    11.388 r  design_1_i/clk_wiz_1/inst/clkin1_ibufg/O
                         net (fo=1, routed)           1.162    12.550    design_1_i/clk_wiz_1/inst/clk_in1_design_1_clk_wiz_1_0
    MMCME2_ADV_X1Y0      MMCME2_ADV (Prop_mmcme2_adv_CLKIN1_CLKOUT0)
                                                     -7.217     5.332 r  design_1_i/clk_wiz_1/inst/mmcm_adv_inst/CLKOUT0
                         net (fo=1, routed)           1.581     6.914    design_1_i/clk_wiz_1/inst/clk_out1_design_1_clk_wiz_1_0
    BUFGCTRL_X0Y0        BUFG (Prop_bufg_I_O)         0.091     7.005 r  design_1_i/clk_wiz_1/inst/clkout1_buf/O
                         net (fo=1479, routed)        1.483     8.488    design_1_i/microblaze_0_local_memory/lmb_bram/U0/inst_blk_mem_gen/gnbram.gnative_mem_map_bmg.native_mem_map_blk_mem_gen/valid.cstr/ramloop[0].ram.r/prim_noinit.ram/clkb
    RAMB36_X0Y10         RAMB36E1                                     r  design_1_i/microblaze_0_local_memory/lmb_bram/U0/inst_blk_mem_gen/gnbram.gnative_mem_map_bmg.native_mem_map_blk_mem_gen/valid.cstr/ramloop[0].ram.r/prim_noinit.ram/DEVICE_7SERIES.WITH_BMM_INFO.TRUE_DP.SIMPLE_PRIM36.TDP_SP36_NO_ECC_ATTR.ram/CLKBWRCLK
                         clock pessimism              0.484     8.971    
                         clock uncertainty           -0.074     8.897    
    RAMB36_X0Y10         RAMB36E1 (Setup_ramb36e1_CLKBWRCLK_ADDRBWRADDR[0])
                                                     -0.774     8.123    design_1_i/microblaze_0_local_memory/lmb_bram/U0/inst_blk_mem_gen/gnbram.gnative_mem_map_bmg.native_mem_map_blk_mem_gen/valid.cstr/ramloop[0].ram.r/prim_noinit.ram/DEVICE_7SERIES.WITH_BMM_INFO.TRUE_DP.SIMPLE_PRIM36.TDP_SP36_NO_ECC_ATTR.ram
  -------------------------------------------------------------------
                         required time                          8.123    
                         arrival time                          -6.519    
  -------------------------------------------------------------------
                         slack                                  1.604    

Slack (MET) :             1.640ns  (required time - arrival time)
  Source:                 design_1_i/microblaze_0/U0/MicroBlaze_Core_I/Performance.Core/Data_Flow_I/Operand_Select_I/EX_Branch_CMP_Op1_reg[24]/C
                            (rising edge-triggered cell FDRE clocked by clk_out1_design_1_clk_wiz_1_0  {rise@0.000ns fall@5.000ns period=10.000ns})
  Destination:            design_1_i/microblaze_0_local_memory/lmb_bram/U0/inst_blk_mem_gen/gnbram.gnative_mem_map_bmg.native_mem_map_blk_mem_gen/valid.cstr/ramloop[26].ram.r/prim_noinit.ram/DEVICE_7SERIES.WITH_BMM_INFO.TRUE_DP.SIMPLE_PRIM36.TDP_SP36_NO_ECC_ATTR.ram/ADDRBWRADDR[12]
                            (rising edge-triggered cell RAMB36E1 clocked by clk_out1_design_1_clk_wiz_1_0  {rise@0.000ns fall@5.000ns period=10.000ns})
  Path Group:             clk_out1_design_1_clk_wiz_1_0
  Path Type:              Setup (Max at Slow Process Corner)
  Requirement:            10.000ns  (clk_out1_design_1_clk_wiz_1_0 rise@10.000ns - clk_out1_design_1_clk_wiz_1_0 rise@0.000ns)
  Data Path Delay:        7.456ns  (logic 2.051ns (27.508%)  route 5.405ns (72.492%))
  Logic Levels:           5  (CARRY4=3 LUT3=1 LUT6=1)
  Clock Path Skew:        -0.056ns (DCD - SCD + CPR)
    Destination Clock Delay (DCD):    -1.503ns = ( 8.497 - 10.000 ) 
    Source Clock Delay      (SCD):    -0.956ns
    Clock Pessimism Removal (CPR):    0.492ns
  Clock Uncertainty:      0.074ns  ((TSJ^2 + DJ^2)^1/2) / 2 + PE
    Total System Jitter     (TSJ):    0.071ns
    Discrete Jitter          (DJ):    0.131ns
    Phase Error              (PE):    0.000ns

    Location             Delay type                Incr(ns)  Path(ns)    Netlist Resource(s)
  -------------------------------------------------------------------    -------------------
                         (clock clk_out1_design_1_clk_wiz_1_0 rise edge)
                                                      0.000     0.000 r  
    W5                                                0.000     0.000 r  sys_clock (IN)
                         net (fo=0)                   0.000     0.000    design_1_i/clk_wiz_1/inst/clk_in1
    W5                   IBUF (Prop_ibuf_I_O)         1.458     1.458 r  design_1_i/clk_wiz_1/inst/clkin1_ibufg/O
                         net (fo=1, routed)           1.233     2.691    design_1_i/clk_wiz_1/inst/clk_in1_design_1_clk_wiz_1_0
    MMCME2_ADV_X1Y0      MMCME2_ADV (Prop_mmcme2_adv_CLKIN1_CLKOUT0)
                                                     -6.961    -4.269 r  design_1_i/clk_wiz_1/inst/mmcm_adv_inst/CLKOUT0
                         net (fo=1, routed)           1.661    -2.608    design_1_i/clk_wiz_1/inst/clk_out1_design_1_clk_wiz_1_0
    BUFGCTRL_X0Y0        BUFG (Prop_bufg_I_O)         0.096    -2.512 r  design_1_i/clk_wiz_1/inst/clkout1_buf/O
                         net (fo=1479, routed)        1.556    -0.956    design_1_i/microblaze_0/U0/MicroBlaze_Core_I/Performance.Core/Data_Flow_I/Operand_Select_I/Clk
    SLICE_X49Y21         FDRE                                         r  design_1_i/microblaze_0/U0/MicroBlaze_Core_I/Performance.Core/Data_Flow_I/Operand_Select_I/EX_Branch_CMP_Op1_reg[24]/C
  -------------------------------------------------------------------    -------------------
    SLICE_X49Y21         FDRE (Prop_fdre_C_Q)         0.419    -0.537 f  design_1_i/microblaze_0/U0/MicroBlaze_Core_I/Performance.Core/Data_Flow_I/Operand_Select_I/EX_Branch_CMP_Op1_reg[24]/Q
                         net (fo=1, routed)           1.283     0.747    design_1_i/microblaze_0/U0/MicroBlaze_Core_I/Performance.Core/Data_Flow_I/Zero_Detect_I/Q[5]
    SLICE_X47Y26         LUT6 (Prop_lut6_I1_O)        0.299     1.046 r  design_1_i/microblaze_0/U0/MicroBlaze_Core_I/Performance.Core/Data_Flow_I/Zero_Detect_I/S0_inferred__0/i_/O
                         net (fo=1, routed)           0.000     1.046    design_1_i/microblaze_0/U0/MicroBlaze_Core_I/Performance.Core/Data_Flow_I/Zero_Detect_I/Zero_Detecting[3].I_Part_Of_Zero_Detect/lopt_2
    SLICE_X47Y26         CARRY4 (Prop_carry4_S[1]_CO[3])
                                                      0.550     1.596 r  design_1_i/microblaze_0/U0/MicroBlaze_Core_I/Performance.Core/Data_Flow_I/Zero_Detect_I/Zero_Detecting[3].I_Part_Of_Zero_Detect/Using_FPGA.Native_CARRY4/CO[3]
                         net (fo=1, routed)           0.000     1.596    design_1_i/microblaze_0/U0/MicroBlaze_Core_I/Performance.Core/Decode_I/jump_logic_I1/MUXCY_JUMP_CARRY2/jump_carry1
    SLICE_X47Y27         CARRY4 (Prop_carry4_CI_CO[3])
                                                      0.114     1.710 r  design_1_i/microblaze_0/U0/MicroBlaze_Core_I/Performance.Core/Decode_I/jump_logic_I1/MUXCY_JUMP_CARRY2/Using_FPGA.Native_CARRY4/CO[3]
                         net (fo=1, routed)           0.000     1.710    design_1_i/microblaze_0/U0/MicroBlaze_Core_I/Performance.Core/Decode_I/jump_logic_I1/MUXCY_JUMP_CARRY6/jump_carry5
    SLICE_X47Y28         CARRY4 (Prop_carry4_CI_CO[0])
                                                      0.271     1.981 r  design_1_i/microblaze_0/U0/MicroBlaze_Core_I/Performance.Core/Decode_I/jump_logic_I1/MUXCY_JUMP_CARRY6/Using_FPGA.Native_CARRY4/CO[0]
                         net (fo=46, routed)          1.532     3.513    design_1_i/microblaze_0/U0/MicroBlaze_Core_I/Performance.Core/Decode_I/jump_logic_I1/MUXCY_JUMP_CARRY6/in0
    SLICE_X51Y23         LUT3 (Prop_lut3_I1_O)        0.398     3.911 r  design_1_i/microblaze_0/U0/MicroBlaze_Core_I/Performance.Core/Decode_I/jump_logic_I1/MUXCY_JUMP_CARRY6/Instr_Addr[17]_INST_0/O
                         net (fo=33, routed)          2.589     6.500    design_1_i/microblaze_0_local_memory/lmb_bram/U0/inst_blk_mem_gen/gnbram.gnative_mem_map_bmg.native_mem_map_blk_mem_gen/valid.cstr/ramloop[26].ram.r/prim_noinit.ram/addrb[12]
    RAMB36_X0Y9          RAMB36E1                                     r  design_1_i/microblaze_0_local_memory/lmb_bram/U0/inst_blk_mem_gen/gnbram.gnative_mem_map_bmg.native_mem_map_blk_mem_gen/valid.cstr/ramloop[26].ram.r/prim_noinit.ram/DEVICE_7SERIES.WITH_BMM_INFO.TRUE_DP.SIMPLE_PRIM36.TDP_SP36_NO_ECC_ATTR.ram/ADDRBWRADDR[12]
  -------------------------------------------------------------------    -------------------

                         (clock clk_out1_design_1_clk_wiz_1_0 rise edge)
                                                     10.000    10.000 r  
    W5                                                0.000    10.000 r  sys_clock (IN)
                         net (fo=0)                   0.000    10.000    design_1_i/clk_wiz_1/inst/clk_in1
    W5                   IBUF (Prop_ibuf_I_O)         1.388    11.388 r  design_1_i/clk_wiz_1/inst/clkin1_ibufg/O
                         net (fo=1, routed)           1.162    12.550    design_1_i/clk_wiz_1/inst/clk_in1_design_1_clk_wiz_1_0
    MMCME2_ADV_X1Y0      MMCME2_ADV (Prop_mmcme2_adv_CLKIN1_CLKOUT0)
                                                     -7.217     5.332 r  design_1_i/clk_wiz_1/inst/mmcm_adv_inst/CLKOUT0
                         net (fo=1, routed)           1.581     6.914    design_1_i/clk_wiz_1/inst/clk_out1_design_1_clk_wiz_1_0
    BUFGCTRL_X0Y0        BUFG (Prop_bufg_I_O)         0.091     7.005 r  design_1_i/clk_wiz_1/inst/clkout1_buf/O
                         net (fo=1479, routed)        1.493     8.497    design_1_i/microblaze_0_local_memory/lmb_bram/U0/inst_blk_mem_gen/gnbram.gnative_mem_map_bmg.native_mem_map_blk_mem_gen/valid.cstr/ramloop[26].ram.r/prim_noinit.ram/clkb
    RAMB36_X0Y9          RAMB36E1                                     r  design_1_i/microblaze_0_local_memory/lmb_bram/U0/inst_blk_mem_gen/gnbram.gnative_mem_map_bmg.native_mem_map_blk_mem_gen/valid.cstr/ramloop[26].ram.r/prim_noinit.ram/DEVICE_7SERIES.WITH_BMM_INFO.TRUE_DP.SIMPLE_PRIM36.TDP_SP36_NO_ECC_ATTR.ram/CLKBWRCLK
                         clock pessimism              0.492     8.989    
                         clock uncertainty           -0.074     8.915    
    RAMB36_X0Y9          RAMB36E1 (Setup_ramb36e1_CLKBWRCLK_ADDRBWRADDR[12])
                                                     -0.774     8.141    design_1_i/microblaze_0_local_memory/lmb_bram/U0/inst_blk_mem_gen/gnbram.gnative_mem_map_bmg.native_mem_map_blk_mem_gen/valid.cstr/ramloop[26].ram.r/prim_noinit.ram/DEVICE_7SERIES.WITH_BMM_INFO.TRUE_DP.SIMPLE_PRIM36.TDP_SP36_NO_ECC_ATTR.ram
  -------------------------------------------------------------------
                         required time                          8.141    
                         arrival time                          -6.500    
  -------------------------------------------------------------------
                         slack                                  1.640    





Min Delay Paths
--------------------------------------------------------------------------------------
Slack (MET) :             0.109ns  (arrival time - required time)
  Source:                 design_1_i/new_new_SPI_0/inst/new_new_SPI_v1_0_S00_AXI_inst/slv_reg0_reg[15]/C
                            (rising edge-triggered cell FDRE clocked by clk_out1_design_1_clk_wiz_1_0  {rise@0.000ns fall@5.000ns period=10.000ns})
  Destination:            design_1_i/new_new_SPI_0/inst/new_new_SPI_v1_0_S00_AXI_inst/axi_rdata_reg[15]/D
                            (rising edge-triggered cell FDRE clocked by clk_out1_design_1_clk_wiz_1_0  {rise@0.000ns fall@5.000ns period=10.000ns})
  Path Group:             clk_out1_design_1_clk_wiz_1_0
  Path Type:              Hold (Min at Fast Process Corner)
  Requirement:            0.000ns  (clk_out1_design_1_clk_wiz_1_0 rise@0.000ns - clk_out1_design_1_clk_wiz_1_0 rise@0.000ns)
  Data Path Delay:        0.242ns  (logic 0.186ns (76.827%)  route 0.056ns (23.173%))
  Logic Levels:           1  (LUT4=1)
  Clock Path Skew:        0.013ns (DCD - SCD - CPR)
    Destination Clock Delay (DCD):    -0.868ns
    Source Clock Delay      (SCD):    -0.626ns
    Clock Pessimism Removal (CPR):    -0.254ns

    Location             Delay type                Incr(ns)  Path(ns)    Netlist Resource(s)
  -------------------------------------------------------------------    -------------------
                         (clock clk_out1_design_1_clk_wiz_1_0 rise edge)
                                                      0.000     0.000 r  
    W5                                                0.000     0.000 r  sys_clock (IN)
                         net (fo=0)                   0.000     0.000    design_1_i/clk_wiz_1/inst/clk_in1
    W5                   IBUF (Prop_ibuf_I_O)         0.226     0.226 r  design_1_i/clk_wiz_1/inst/clkin1_ibufg/O
                         net (fo=1, routed)           0.440     0.667    design_1_i/clk_wiz_1/inst/clk_in1_design_1_clk_wiz_1_0
    MMCME2_ADV_X1Y0      MMCME2_ADV (Prop_mmcme2_adv_CLKIN1_CLKOUT0)
                                                     -2.360    -1.693 r  design_1_i/clk_wiz_1/inst/mmcm_adv_inst/CLKOUT0
                         net (fo=1, routed)           0.486    -1.207    design_1_i/clk_wiz_1/inst/clk_out1_design_1_clk_wiz_1_0
    BUFGCTRL_X0Y0        BUFG (Prop_bufg_I_O)         0.026    -1.181 r  design_1_i/clk_wiz_1/inst/clkout1_buf/O
                         net (fo=1479, routed)        0.555    -0.626    design_1_i/new_new_SPI_0/inst/new_new_SPI_v1_0_S00_AXI_inst/s00_axi_aclk
    SLICE_X31Y19         FDRE                                         r  design_1_i/new_new_SPI_0/inst/new_new_SPI_v1_0_S00_AXI_inst/slv_reg0_reg[15]/C
  -------------------------------------------------------------------    -------------------
    SLICE_X31Y19         FDRE (Prop_fdre_C_Q)         0.141    -0.485 r  design_1_i/new_new_SPI_0/inst/new_new_SPI_v1_0_S00_AXI_inst/slv_reg0_reg[15]/Q
                         net (fo=1, routed)           0.056    -0.429    design_1_i/new_new_SPI_0/inst/new_new_SPI_v1_0_S00_AXI_inst/slv_reg0_reg_n_0_[15]
    SLICE_X30Y19         LUT4 (Prop_lut4_I1_O)        0.045    -0.384 r  design_1_i/new_new_SPI_0/inst/new_new_SPI_v1_0_S00_AXI_inst/axi_rdata[15]_i_1/O
                         net (fo=1, routed)           0.000    -0.384    design_1_i/new_new_SPI_0/inst/new_new_SPI_v1_0_S00_AXI_inst/reg_data_out[15]
    SLICE_X30Y19         FDRE                                         r  design_1_i/new_new_SPI_0/inst/new_new_SPI_v1_0_S00_AXI_inst/axi_rdata_reg[15]/D
  -------------------------------------------------------------------    -------------------

                         (clock clk_out1_design_1_clk_wiz_1_0 rise edge)
                                                      0.000     0.000 r  
    W5                                                0.000     0.000 r  sys_clock (IN)
                         net (fo=0)                   0.000     0.000    design_1_i/clk_wiz_1/inst/clk_in1
    W5                   IBUF (Prop_ibuf_I_O)         0.414     0.414 r  design_1_i/clk_wiz_1/inst/clkin1_ibufg/O
                         net (fo=1, routed)           0.480     0.894    design_1_i/clk_wiz_1/inst/clk_in1_design_1_clk_wiz_1_0
    MMCME2_ADV_X1Y0      MMCME2_ADV (Prop_mmcme2_adv_CLKIN1_CLKOUT0)
                                                     -3.142    -2.248 r  design_1_i/clk_wiz_1/inst/mmcm_adv_inst/CLKOUT0
                         net (fo=1, routed)           0.530    -1.718    design_1_i/clk_wiz_1/inst/clk_out1_design_1_clk_wiz_1_0
    BUFGCTRL_X0Y0        BUFG (Prop_bufg_I_O)         0.029    -1.689 r  design_1_i/clk_wiz_1/inst/clkout1_buf/O
                         net (fo=1479, routed)        0.822    -0.868    design_1_i/new_new_SPI_0/inst/new_new_SPI_v1_0_S00_AXI_inst/s00_axi_aclk
    SLICE_X30Y19         FDRE                                         r  design_1_i/new_new_SPI_0/inst/new_new_SPI_v1_0_S00_AXI_inst/axi_rdata_reg[15]/C
                         clock pessimism              0.254    -0.613    
    SLICE_X30Y19         FDRE (Hold_fdre_C_D)         0.120    -0.493    design_1_i/new_new_SPI_0/inst/new_new_SPI_v1_0_S00_AXI_inst/axi_rdata_reg[15]
  -------------------------------------------------------------------
                         required time                          0.493    
                         arrival time                          -0.384    
  -------------------------------------------------------------------
                         slack                                  0.109    

Slack (MET) :             0.121ns  (arrival time - required time)
  Source:                 design_1_i/axi_uartlite_0/U0/UARTLITE_CORE_I/UARTLITE_RX_I/rx_6_reg/C
                            (rising edge-triggered cell FDRE clocked by clk_out1_design_1_clk_wiz_1_0  {rise@0.000ns fall@5.000ns period=10.000ns})
  Destination:            design_1_i/axi_uartlite_0/U0/UARTLITE_CORE_I/UARTLITE_RX_I/start_Edge_Detected_reg/D
                            (rising edge-triggered cell FDRE clocked by clk_out1_design_1_clk_wiz_1_0  {rise@0.000ns fall@5.000ns period=10.000ns})
  Path Group:             clk_out1_design_1_clk_wiz_1_0
  Path Type:              Hold (Min at Fast Process Corner)
  Requirement:            0.000ns  (clk_out1_design_1_clk_wiz_1_0 rise@0.000ns - clk_out1_design_1_clk_wiz_1_0 rise@0.000ns)
  Data Path Delay:        0.254ns  (logic 0.186ns (73.160%)  route 0.068ns (26.840%))
  Logic Levels:           1  (LUT6=1)
  Clock Path Skew:        0.013ns (DCD - SCD - CPR)
    Destination Clock Delay (DCD):    -0.861ns
    Source Clock Delay      (SCD):    -0.621ns
    Clock Pessimism Removal (CPR):    -0.252ns

    Location             Delay type                Incr(ns)  Path(ns)    Netlist Resource(s)
  -------------------------------------------------------------------    -------------------
                         (clock clk_out1_design_1_clk_wiz_1_0 rise edge)
                                                      0.000     0.000 r  
    W5                                                0.000     0.000 r  sys_clock (IN)
                         net (fo=0)                   0.000     0.000    design_1_i/clk_wiz_1/inst/clk_in1
    W5                   IBUF (Prop_ibuf_I_O)         0.226     0.226 r  design_1_i/clk_wiz_1/inst/clkin1_ibufg/O
                         net (fo=1, routed)           0.440     0.667    design_1_i/clk_wiz_1/inst/clk_in1_design_1_clk_wiz_1_0
    MMCME2_ADV_X1Y0      MMCME2_ADV (Prop_mmcme2_adv_CLKIN1_CLKOUT0)
                                                     -2.360    -1.693 r  design_1_i/clk_wiz_1/inst/mmcm_adv_inst/CLKOUT0
                         net (fo=1, routed)           0.486    -1.207    design_1_i/clk_wiz_1/inst/clk_out1_design_1_clk_wiz_1_0
    BUFGCTRL_X0Y0        BUFG (Prop_bufg_I_O)         0.026    -1.181 r  design_1_i/clk_wiz_1/inst/clkout1_buf/O
                         net (fo=1479, routed)        0.560    -0.621    design_1_i/axi_uartlite_0/U0/UARTLITE_CORE_I/UARTLITE_RX_I/s_axi_aclk
    SLICE_X35Y39         FDRE                                         r  design_1_i/axi_uartlite_0/U0/UARTLITE_CORE_I/UARTLITE_RX_I/rx_6_reg/C
  -------------------------------------------------------------------    -------------------
    SLICE_X35Y39         FDRE (Prop_fdre_C_Q)         0.141    -0.480 f  design_1_i/axi_uartlite_0/U0/UARTLITE_CORE_I/UARTLITE_RX_I/rx_6_reg/Q
                         net (fo=2, routed)           0.068    -0.412    design_1_i/axi_uartlite_0/U0/UARTLITE_CORE_I/UARTLITE_RX_I/rx_6
    SLICE_X34Y39         LUT6 (Prop_lut6_I4_O)        0.045    -0.367 r  design_1_i/axi_uartlite_0/U0/UARTLITE_CORE_I/UARTLITE_RX_I/start_Edge_Detected_i_1/O
                         net (fo=1, routed)           0.000    -0.367    design_1_i/axi_uartlite_0/U0/UARTLITE_CORE_I/UARTLITE_RX_I/start_Edge_Detected0
    SLICE_X34Y39         FDRE                                         r  design_1_i/axi_uartlite_0/U0/UARTLITE_CORE_I/UARTLITE_RX_I/start_Edge_Detected_reg/D
  -------------------------------------------------------------------    -------------------

                         (clock clk_out1_design_1_clk_wiz_1_0 rise edge)
                                                      0.000     0.000 r  
    W5                                                0.000     0.000 r  sys_clock (IN)
                         net (fo=0)                   0.000     0.000    design_1_i/clk_wiz_1/inst/clk_in1
    W5                   IBUF (Prop_ibuf_I_O)         0.414     0.414 r  design_1_i/clk_wiz_1/inst/clkin1_ibufg/O
                         net (fo=1, routed)           0.480     0.894    design_1_i/clk_wiz_1/inst/clk_in1_design_1_clk_wiz_1_0
    MMCME2_ADV_X1Y0      MMCME2_ADV (Prop_mmcme2_adv_CLKIN1_CLKOUT0)
                                                     -3.142    -2.248 r  design_1_i/clk_wiz_1/inst/mmcm_adv_inst/CLKOUT0
                         net (fo=1, routed)           0.530    -1.718    design_1_i/clk_wiz_1/inst/clk_out1_design_1_clk_wiz_1_0
    BUFGCTRL_X0Y0        BUFG (Prop_bufg_I_O)         0.029    -1.689 r  design_1_i/clk_wiz_1/inst/clkout1_buf/O
                         net (fo=1479, routed)        0.829    -0.861    design_1_i/axi_uartlite_0/U0/UARTLITE_CORE_I/UARTLITE_RX_I/s_axi_aclk
    SLICE_X34Y39         FDRE                                         r  design_1_i/axi_uartlite_0/U0/UARTLITE_CORE_I/UARTLITE_RX_I/start_Edge_Detected_reg/C
                         clock pessimism              0.252    -0.608    
    SLICE_X34Y39         FDRE (Hold_fdre_C_D)         0.120    -0.488    design_1_i/axi_uartlite_0/U0/UARTLITE_CORE_I/UARTLITE_RX_I/start_Edge_Detected_reg
  -------------------------------------------------------------------
                         required time                          0.488    
                         arrival time                          -0.367    
  -------------------------------------------------------------------
                         slack                                  0.121    

Slack (MET) :             0.122ns  (arrival time - required time)
  Source:                 design_1_i/microblaze_0/U0/MicroBlaze_Core_I/Performance.Core/Use_Debug_Logic.Master_Core.Debug_Perf/Serial_Dbg_Intf.sync_sample/sync_bits[5].sync_bit/Synchronize.use_sync_reset.sync_reg[1]/C
                            (rising edge-triggered cell FDRE clocked by clk_out1_design_1_clk_wiz_1_0  {rise@0.000ns fall@5.000ns period=10.000ns})
  Destination:            design_1_i/microblaze_0/U0/MicroBlaze_Core_I/Performance.Core/Use_Debug_Logic.Master_Core.Debug_Perf/Serial_Dbg_Intf.sync_sample/sync_bits[5].sync_bit/Synchronize.use_sync_reset.sync_reg[2]/D
                            (rising edge-triggered cell FDRE clocked by clk_out1_design_1_clk_wiz_1_0  {rise@0.000ns fall@5.000ns period=10.000ns})
  Path Group:             clk_out1_design_1_clk_wiz_1_0
  Path Type:              Hold (Min at Fast Process Corner)
  Requirement:            0.000ns  (clk_out1_design_1_clk_wiz_1_0 rise@0.000ns - clk_out1_design_1_clk_wiz_1_0 rise@0.000ns)
  Data Path Delay:        0.197ns  (logic 0.141ns (71.611%)  route 0.056ns (28.389%))
  Logic Levels:           0  
  Clock Path Skew:        0.000ns (DCD - SCD - CPR)
    Destination Clock Delay (DCD):    -0.869ns
    Source Clock Delay      (SCD):    -0.627ns
    Clock Pessimism Removal (CPR):    -0.241ns

    Location             Delay type                Incr(ns)  Path(ns)    Netlist Resource(s)
  -------------------------------------------------------------------    -------------------
                         (clock clk_out1_design_1_clk_wiz_1_0 rise edge)
                                                      0.000     0.000 r  
    W5                                                0.000     0.000 r  sys_clock (IN)
                         net (fo=0)                   0.000     0.000    design_1_i/clk_wiz_1/inst/clk_in1
    W5                   IBUF (Prop_ibuf_I_O)         0.226     0.226 r  design_1_i/clk_wiz_1/inst/clkin1_ibufg/O
                         net (fo=1, routed)           0.440     0.667    design_1_i/clk_wiz_1/inst/clk_in1_design_1_clk_wiz_1_0
    MMCME2_ADV_X1Y0      MMCME2_ADV (Prop_mmcme2_adv_CLKIN1_CLKOUT0)
                                                     -2.360    -1.693 r  design_1_i/clk_wiz_1/inst/mmcm_adv_inst/CLKOUT0
                         net (fo=1, routed)           0.486    -1.207    design_1_i/clk_wiz_1/inst/clk_out1_design_1_clk_wiz_1_0
    BUFGCTRL_X0Y0        BUFG (Prop_bufg_I_O)         0.026    -1.181 r  design_1_i/clk_wiz_1/inst/clkout1_buf/O
                         net (fo=1479, routed)        0.554    -0.627    design_1_i/microblaze_0/U0/MicroBlaze_Core_I/Performance.Core/Use_Debug_Logic.Master_Core.Debug_Perf/Serial_Dbg_Intf.sync_sample/sync_bits[5].sync_bit/Clk
    SLICE_X37Y29         FDRE                                         r  design_1_i/microblaze_0/U0/MicroBlaze_Core_I/Performance.Core/Use_Debug_Logic.Master_Core.Debug_Perf/Serial_Dbg_Intf.sync_sample/sync_bits[5].sync_bit/Synchronize.use_sync_reset.sync_reg[1]/C
  -------------------------------------------------------------------    -------------------
    SLICE_X37Y29         FDRE (Prop_fdre_C_Q)         0.141    -0.486 r  design_1_i/microblaze_0/U0/MicroBlaze_Core_I/Performance.Core/Use_Debug_Logic.Master_Core.Debug_Perf/Serial_Dbg_Intf.sync_sample/sync_bits[5].sync_bit/Synchronize.use_sync_reset.sync_reg[1]/Q
                         net (fo=1, routed)           0.056    -0.430    design_1_i/microblaze_0/U0/MicroBlaze_Core_I/Performance.Core/Use_Debug_Logic.Master_Core.Debug_Perf/Serial_Dbg_Intf.sync_sample/sync_bits[5].sync_bit/sync[1]
    SLICE_X37Y29         FDRE                                         r  design_1_i/microblaze_0/U0/MicroBlaze_Core_I/Performance.Core/Use_Debug_Logic.Master_Core.Debug_Perf/Serial_Dbg_Intf.sync_sample/sync_bits[5].sync_bit/Synchronize.use_sync_reset.sync_reg[2]/D
  -------------------------------------------------------------------    -------------------

                         (clock clk_out1_design_1_clk_wiz_1_0 rise edge)
                                                      0.000     0.000 r  
    W5                                                0.000     0.000 r  sys_clock (IN)
                         net (fo=0)                   0.000     0.000    design_1_i/clk_wiz_1/inst/clk_in1
    W5                   IBUF (Prop_ibuf_I_O)         0.414     0.414 r  design_1_i/clk_wiz_1/inst/clkin1_ibufg/O
                         net (fo=1, routed)           0.480     0.894    design_1_i/clk_wiz_1/inst/clk_in1_design_1_clk_wiz_1_0
    MMCME2_ADV_X1Y0      MMCME2_ADV (Prop_mmcme2_adv_CLKIN1_CLKOUT0)
                                                     -3.142    -2.248 r  design_1_i/clk_wiz_1/inst/mmcm_adv_inst/CLKOUT0
                         net (fo=1, routed)           0.530    -1.718    design_1_i/clk_wiz_1/inst/clk_out1_design_1_clk_wiz_1_0
    BUFGCTRL_X0Y0        BUFG (Prop_bufg_I_O)         0.029    -1.689 r  design_1_i/clk_wiz_1/inst/clkout1_buf/O
                         net (fo=1479, routed)        0.821    -0.869    design_1_i/microblaze_0/U0/MicroBlaze_Core_I/Performance.Core/Use_Debug_Logic.Master_Core.Debug_Perf/Serial_Dbg_Intf.sync_sample/sync_bits[5].sync_bit/Clk
    SLICE_X37Y29         FDRE                                         r  design_1_i/microblaze_0/U0/MicroBlaze_Core_I/Performance.Core/Use_Debug_Logic.Master_Core.Debug_Perf/Serial_Dbg_Intf.sync_sample/sync_bits[5].sync_bit/Synchronize.use_sync_reset.sync_reg[2]/C
                         clock pessimism              0.241    -0.627    
    SLICE_X37Y29         FDRE (Hold_fdre_C_D)         0.075    -0.552    design_1_i/microblaze_0/U0/MicroBlaze_Core_I/Performance.Core/Use_Debug_Logic.Master_Core.Debug_Perf/Serial_Dbg_Intf.sync_sample/sync_bits[5].sync_bit/Synchronize.use_sync_reset.sync_reg[2]
  -------------------------------------------------------------------
                         required time                          0.552    
                         arrival time                          -0.430    
  -------------------------------------------------------------------
                         slack                                  0.122    

Slack (MET) :             0.122ns  (arrival time - required time)
  Source:                 design_1_i/microblaze_0/U0/MicroBlaze_Core_I/Performance.Core/Use_Debug_Logic.Master_Core.Debug_Perf/Serial_Dbg_Intf.sync_sample/sync_bits[6].sync_bit/Synchronize.use_sync_reset.sync_reg[1]/C
                            (rising edge-triggered cell FDRE clocked by clk_out1_design_1_clk_wiz_1_0  {rise@0.000ns fall@5.000ns period=10.000ns})
  Destination:            design_1_i/microblaze_0/U0/MicroBlaze_Core_I/Performance.Core/Use_Debug_Logic.Master_Core.Debug_Perf/Serial_Dbg_Intf.sync_sample/sync_bits[6].sync_bit/Synchronize.use_sync_reset.sync_reg[2]/D
                            (rising edge-triggered cell FDRE clocked by clk_out1_design_1_clk_wiz_1_0  {rise@0.000ns fall@5.000ns period=10.000ns})
  Path Group:             clk_out1_design_1_clk_wiz_1_0
  Path Type:              Hold (Min at Fast Process Corner)
  Requirement:            0.000ns  (clk_out1_design_1_clk_wiz_1_0 rise@0.000ns - clk_out1_design_1_clk_wiz_1_0 rise@0.000ns)
  Data Path Delay:        0.197ns  (logic 0.141ns (71.611%)  route 0.056ns (28.389%))
  Logic Levels:           0  
  Clock Path Skew:        0.000ns (DCD - SCD - CPR)
    Destination Clock Delay (DCD):    -0.863ns
    Source Clock Delay      (SCD):    -0.622ns
    Clock Pessimism Removal (CPR):    -0.240ns

    Location             Delay type                Incr(ns)  Path(ns)    Netlist Resource(s)
  -------------------------------------------------------------------    -------------------
                         (clock clk_out1_design_1_clk_wiz_1_0 rise edge)
                                                      0.000     0.000 r  
    W5                                                0.000     0.000 r  sys_clock (IN)
                         net (fo=0)                   0.000     0.000    design_1_i/clk_wiz_1/inst/clk_in1
    W5                   IBUF (Prop_ibuf_I_O)         0.226     0.226 r  design_1_i/clk_wiz_1/inst/clkin1_ibufg/O
                         net (fo=1, routed)           0.440     0.667    design_1_i/clk_wiz_1/inst/clk_in1_design_1_clk_wiz_1_0
    MMCME2_ADV_X1Y0      MMCME2_ADV (Prop_mmcme2_adv_CLKIN1_CLKOUT0)
                                                     -2.360    -1.693 r  design_1_i/clk_wiz_1/inst/mmcm_adv_inst/CLKOUT0
                         net (fo=1, routed)           0.486    -1.207    design_1_i/clk_wiz_1/inst/clk_out1_design_1_clk_wiz_1_0
    BUFGCTRL_X0Y0        BUFG (Prop_bufg_I_O)         0.026    -1.181 r  design_1_i/clk_wiz_1/inst/clkout1_buf/O
                         net (fo=1479, routed)        0.559    -0.622    design_1_i/microblaze_0/U0/MicroBlaze_Core_I/Performance.Core/Use_Debug_Logic.Master_Core.Debug_Perf/Serial_Dbg_Intf.sync_sample/sync_bits[6].sync_bit/Clk
    SLICE_X39Y14         FDRE                                         r  design_1_i/microblaze_0/U0/MicroBlaze_Core_I/Performance.Core/Use_Debug_Logic.Master_Core.Debug_Perf/Serial_Dbg_Intf.sync_sample/sync_bits[6].sync_bit/Synchronize.use_sync_reset.sync_reg[1]/C
  -------------------------------------------------------------------    -------------------
    SLICE_X39Y14         FDRE (Prop_fdre_C_Q)         0.141    -0.481 r  design_1_i/microblaze_0/U0/MicroBlaze_Core_I/Performance.Core/Use_Debug_Logic.Master_Core.Debug_Perf/Serial_Dbg_Intf.sync_sample/sync_bits[6].sync_bit/Synchronize.use_sync_reset.sync_reg[1]/Q
                         net (fo=1, routed)           0.056    -0.425    design_1_i/microblaze_0/U0/MicroBlaze_Core_I/Performance.Core/Use_Debug_Logic.Master_Core.Debug_Perf/Serial_Dbg_Intf.sync_sample/sync_bits[6].sync_bit/sync[1]
    SLICE_X39Y14         FDRE                                         r  design_1_i/microblaze_0/U0/MicroBlaze_Core_I/Performance.Core/Use_Debug_Logic.Master_Core.Debug_Perf/Serial_Dbg_Intf.sync_sample/sync_bits[6].sync_bit/Synchronize.use_sync_reset.sync_reg[2]/D
  -------------------------------------------------------------------    -------------------

                         (clock clk_out1_design_1_clk_wiz_1_0 rise edge)
                                                      0.000     0.000 r  
    W5                                                0.000     0.000 r  sys_clock (IN)
                         net (fo=0)                   0.000     0.000    design_1_i/clk_wiz_1/inst/clk_in1
    W5                   IBUF (Prop_ibuf_I_O)         0.414     0.414 r  design_1_i/clk_wiz_1/inst/clkin1_ibufg/O
                         net (fo=1, routed)           0.480     0.894    design_1_i/clk_wiz_1/inst/clk_in1_design_1_clk_wiz_1_0
    MMCME2_ADV_X1Y0      MMCME2_ADV (Prop_mmcme2_adv_CLKIN1_CLKOUT0)
                                                     -3.142    -2.248 r  design_1_i/clk_wiz_1/inst/mmcm_adv_inst/CLKOUT0
                         net (fo=1, routed)           0.530    -1.718    design_1_i/clk_wiz_1/inst/clk_out1_design_1_clk_wiz_1_0
    BUFGCTRL_X0Y0        BUFG (Prop_bufg_I_O)         0.029    -1.689 r  design_1_i/clk_wiz_1/inst/clkout1_buf/O
                         net (fo=1479, routed)        0.827    -0.863    design_1_i/microblaze_0/U0/MicroBlaze_Core_I/Performance.Core/Use_Debug_Logic.Master_Core.Debug_Perf/Serial_Dbg_Intf.sync_sample/sync_bits[6].sync_bit/Clk
    SLICE_X39Y14         FDRE                                         r  design_1_i/microblaze_0/U0/MicroBlaze_Core_I/Performance.Core/Use_Debug_Logic.Master_Core.Debug_Perf/Serial_Dbg_Intf.sync_sample/sync_bits[6].sync_bit/Synchronize.use_sync_reset.sync_reg[2]/C
                         clock pessimism              0.240    -0.622    
    SLICE_X39Y14         FDRE (Hold_fdre_C_D)         0.075    -0.547    design_1_i/microblaze_0/U0/MicroBlaze_Core_I/Performance.Core/Use_Debug_Logic.Master_Core.Debug_Perf/Serial_Dbg_Intf.sync_sample/sync_bits[6].sync_bit/Synchronize.use_sync_reset.sync_reg[2]
  -------------------------------------------------------------------
                         required time                          0.547    
                         arrival time                          -0.425    
  -------------------------------------------------------------------
                         slack                                  0.122    

Slack (MET) :             0.122ns  (arrival time - required time)
  Source:                 design_1_i/rst_clk_wiz_1_100M/U0/EXT_LPF/ACTIVE_LOW_AUX.ACT_LO_AUX/GENERATE_LEVEL_P_S_CDC.SINGLE_BIT.CROSS_PLEVEL_IN2SCNDRY_IN_cdc_to/C
                            (rising edge-triggered cell FDRE clocked by clk_out1_design_1_clk_wiz_1_0  {rise@0.000ns fall@5.000ns period=10.000ns})
  Destination:            design_1_i/rst_clk_wiz_1_100M/U0/EXT_LPF/ACTIVE_LOW_AUX.ACT_LO_AUX/GENERATE_LEVEL_P_S_CDC.SINGLE_BIT.CROSS_PLEVEL_IN2SCNDRY_s_level_out_d2/D
                            (rising edge-triggered cell FDRE clocked by clk_out1_design_1_clk_wiz_1_0  {rise@0.000ns fall@5.000ns period=10.000ns})
  Path Group:             clk_out1_design_1_clk_wiz_1_0
  Path Type:              Hold (Min at Fast Process Corner)
  Requirement:            0.000ns  (clk_out1_design_1_clk_wiz_1_0 rise@0.000ns - clk_out1_design_1_clk_wiz_1_0 rise@0.000ns)
  Data Path Delay:        0.197ns  (logic 0.141ns (71.611%)  route 0.056ns (28.389%))
  Logic Levels:           0  
  Clock Path Skew:        0.000ns (DCD - SCD - CPR)
    Destination Clock Delay (DCD):    -0.859ns
    Source Clock Delay      (SCD):    -0.619ns
    Clock Pessimism Removal (CPR):    -0.239ns

    Location             Delay type                Incr(ns)  Path(ns)    Netlist Resource(s)
  -------------------------------------------------------------------    -------------------
                         (clock clk_out1_design_1_clk_wiz_1_0 rise edge)
                                                      0.000     0.000 r  
    W5                                                0.000     0.000 r  sys_clock (IN)
                         net (fo=0)                   0.000     0.000    design_1_i/clk_wiz_1/inst/clk_in1
    W5                   IBUF (Prop_ibuf_I_O)         0.226     0.226 r  design_1_i/clk_wiz_1/inst/clkin1_ibufg/O
                         net (fo=1, routed)           0.440     0.667    design_1_i/clk_wiz_1/inst/clk_in1_design_1_clk_wiz_1_0
    MMCME2_ADV_X1Y0      MMCME2_ADV (Prop_mmcme2_adv_CLKIN1_CLKOUT0)
                                                     -2.360    -1.693 r  design_1_i/clk_wiz_1/inst/mmcm_adv_inst/CLKOUT0
                         net (fo=1, routed)           0.486    -1.207    design_1_i/clk_wiz_1/inst/clk_out1_design_1_clk_wiz_1_0
    BUFGCTRL_X0Y0        BUFG (Prop_bufg_I_O)         0.026    -1.181 r  design_1_i/clk_wiz_1/inst/clkout1_buf/O
                         net (fo=1479, routed)        0.562    -0.619    design_1_i/rst_clk_wiz_1_100M/U0/EXT_LPF/ACTIVE_LOW_AUX.ACT_LO_AUX/slowest_sync_clk
    SLICE_X37Y41         FDRE                                         r  design_1_i/rst_clk_wiz_1_100M/U0/EXT_LPF/ACTIVE_LOW_AUX.ACT_LO_AUX/GENERATE_LEVEL_P_S_CDC.SINGLE_BIT.CROSS_PLEVEL_IN2SCNDRY_IN_cdc_to/C
  -------------------------------------------------------------------    -------------------
    SLICE_X37Y41         FDRE (Prop_fdre_C_Q)         0.141    -0.478 r  design_1_i/rst_clk_wiz_1_100M/U0/EXT_LPF/ACTIVE_LOW_AUX.ACT_LO_AUX/GENERATE_LEVEL_P_S_CDC.SINGLE_BIT.CROSS_PLEVEL_IN2SCNDRY_IN_cdc_to/Q
                         net (fo=1, routed)           0.056    -0.422    design_1_i/rst_clk_wiz_1_100M/U0/EXT_LPF/ACTIVE_LOW_AUX.ACT_LO_AUX/s_level_out_d1_cdc_to
    SLICE_X37Y41         FDRE                                         r  design_1_i/rst_clk_wiz_1_100M/U0/EXT_LPF/ACTIVE_LOW_AUX.ACT_LO_AUX/GENERATE_LEVEL_P_S_CDC.SINGLE_BIT.CROSS_PLEVEL_IN2SCNDRY_s_level_out_d2/D
  -------------------------------------------------------------------    -------------------

                         (clock clk_out1_design_1_clk_wiz_1_0 rise edge)
                                                      0.000     0.000 r  
    W5                                                0.000     0.000 r  sys_clock (IN)
                         net (fo=0)                   0.000     0.000    design_1_i/clk_wiz_1/inst/clk_in1
    W5                   IBUF (Prop_ibuf_I_O)         0.414     0.414 r  design_1_i/clk_wiz_1/inst/clkin1_ibufg/O
                         net (fo=1, routed)           0.480     0.894    design_1_i/clk_wiz_1/inst/clk_in1_design_1_clk_wiz_1_0
    MMCME2_ADV_X1Y0      MMCME2_ADV (Prop_mmcme2_adv_CLKIN1_CLKOUT0)
                                                     -3.142    -2.248 r  design_1_i/clk_wiz_1/inst/mmcm_adv_inst/CLKOUT0
                         net (fo=1, routed)           0.530    -1.718    design_1_i/clk_wiz_1/inst/clk_out1_design_1_clk_wiz_1_0
    BUFGCTRL_X0Y0        BUFG (Prop_bufg_I_O)         0.029    -1.689 r  design_1_i/clk_wiz_1/inst/clkout1_buf/O
                         net (fo=1479, routed)        0.831    -0.859    design_1_i/rst_clk_wiz_1_100M/U0/EXT_LPF/ACTIVE_LOW_AUX.ACT_LO_AUX/slowest_sync_clk
    SLICE_X37Y41         FDRE                                         r  design_1_i/rst_clk_wiz_1_100M/U0/EXT_LPF/ACTIVE_LOW_AUX.ACT_LO_AUX/GENERATE_LEVEL_P_S_CDC.SINGLE_BIT.CROSS_PLEVEL_IN2SCNDRY_s_level_out_d2/C
                         clock pessimism              0.239    -0.619    
    SLICE_X37Y41         FDRE (Hold_fdre_C_D)         0.075    -0.544    design_1_i/rst_clk_wiz_1_100M/U0/EXT_LPF/ACTIVE_LOW_AUX.ACT_LO_AUX/GENERATE_LEVEL_P_S_CDC.SINGLE_BIT.CROSS_PLEVEL_IN2SCNDRY_s_level_out_d2
  -------------------------------------------------------------------
                         required time                          0.544    
                         arrival time                          -0.422    
  -------------------------------------------------------------------
                         slack                                  0.122    

Slack (MET) :             0.126ns  (arrival time - required time)
  Source:                 design_1_i/microblaze_0/U0/MicroBlaze_Core_I/Performance.Core/Use_Debug_Logic.Master_Core.Debug_Perf/Serial_Dbg_Intf.sync_sample/sync_bits[7].sync_bit/Synchronize.use_sync_reset.sync_reg[1]/C
                            (rising edge-triggered cell FDRE clocked by clk_out1_design_1_clk_wiz_1_0  {rise@0.000ns fall@5.000ns period=10.000ns})
  Destination:            design_1_i/microblaze_0/U0/MicroBlaze_Core_I/Performance.Core/Use_Debug_Logic.Master_Core.Debug_Perf/Serial_Dbg_Intf.sync_sample/sync_bits[7].sync_bit/Synchronize.use_sync_reset.sync_reg[2]/D
                            (rising edge-triggered cell FDRE clocked by clk_out1_design_1_clk_wiz_1_0  {rise@0.000ns fall@5.000ns period=10.000ns})
  Path Group:             clk_out1_design_1_clk_wiz_1_0
  Path Type:              Hold (Min at Fast Process Corner)
  Requirement:            0.000ns  (clk_out1_design_1_clk_wiz_1_0 rise@0.000ns - clk_out1_design_1_clk_wiz_1_0 rise@0.000ns)
  Data Path Delay:        0.197ns  (logic 0.141ns (71.611%)  route 0.056ns (28.389%))
  Logic Levels:           0  
  Clock Path Skew:        0.000ns (DCD - SCD - CPR)
    Destination Clock Delay (DCD):    -0.869ns
    Source Clock Delay      (SCD):    -0.627ns
    Clock Pessimism Removal (CPR):    -0.241ns

    Location             Delay type                Incr(ns)  Path(ns)    Netlist Resource(s)
  -------------------------------------------------------------------    -------------------
                         (clock clk_out1_design_1_clk_wiz_1_0 rise edge)
                                                      0.000     0.000 r  
    W5                                                0.000     0.000 r  sys_clock (IN)
                         net (fo=0)                   0.000     0.000    design_1_i/clk_wiz_1/inst/clk_in1
    W5                   IBUF (Prop_ibuf_I_O)         0.226     0.226 r  design_1_i/clk_wiz_1/inst/clkin1_ibufg/O
                         net (fo=1, routed)           0.440     0.667    design_1_i/clk_wiz_1/inst/clk_in1_design_1_clk_wiz_1_0
    MMCME2_ADV_X1Y0      MMCME2_ADV (Prop_mmcme2_adv_CLKIN1_CLKOUT0)
                                                     -2.360    -1.693 r  design_1_i/clk_wiz_1/inst/mmcm_adv_inst/CLKOUT0
                         net (fo=1, routed)           0.486    -1.207    design_1_i/clk_wiz_1/inst/clk_out1_design_1_clk_wiz_1_0
    BUFGCTRL_X0Y0        BUFG (Prop_bufg_I_O)         0.026    -1.181 r  design_1_i/clk_wiz_1/inst/clkout1_buf/O
                         net (fo=1479, routed)        0.554    -0.627    design_1_i/microblaze_0/U0/MicroBlaze_Core_I/Performance.Core/Use_Debug_Logic.Master_Core.Debug_Perf/Serial_Dbg_Intf.sync_sample/sync_bits[7].sync_bit/Clk
    SLICE_X37Y29         FDRE                                         r  design_1_i/microblaze_0/U0/MicroBlaze_Core_I/Performance.Core/Use_Debug_Logic.Master_Core.Debug_Perf/Serial_Dbg_Intf.sync_sample/sync_bits[7].sync_bit/Synchronize.use_sync_reset.sync_reg[1]/C
  -------------------------------------------------------------------    -------------------
    SLICE_X37Y29         FDRE (Prop_fdre_C_Q)         0.141    -0.486 r  design_1_i/microblaze_0/U0/MicroBlaze_Core_I/Performance.Core/Use_Debug_Logic.Master_Core.Debug_Perf/Serial_Dbg_Intf.sync_sample/sync_bits[7].sync_bit/Synchronize.use_sync_reset.sync_reg[1]/Q
                         net (fo=1, routed)           0.056    -0.430    design_1_i/microblaze_0/U0/MicroBlaze_Core_I/Performance.Core/Use_Debug_Logic.Master_Core.Debug_Perf/Serial_Dbg_Intf.sync_sample/sync_bits[7].sync_bit/sync[1]
    SLICE_X37Y29         FDRE                                         r  design_1_i/microblaze_0/U0/MicroBlaze_Core_I/Performance.Core/Use_Debug_Logic.Master_Core.Debug_Perf/Serial_Dbg_Intf.sync_sample/sync_bits[7].sync_bit/Synchronize.use_sync_reset.sync_reg[2]/D
  -------------------------------------------------------------------    -------------------

                         (clock clk_out1_design_1_clk_wiz_1_0 rise edge)
                                                      0.000     0.000 r  
    W5                                                0.000     0.000 r  sys_clock (IN)
                         net (fo=0)                   0.000     0.000    design_1_i/clk_wiz_1/inst/clk_in1
    W5                   IBUF (Prop_ibuf_I_O)         0.414     0.414 r  design_1_i/clk_wiz_1/inst/clkin1_ibufg/O
                         net (fo=1, routed)           0.480     0.894    design_1_i/clk_wiz_1/inst/clk_in1_design_1_clk_wiz_1_0
    MMCME2_ADV_X1Y0      MMCME2_ADV (Prop_mmcme2_adv_CLKIN1_CLKOUT0)
                                                     -3.142    -2.248 r  design_1_i/clk_wiz_1/inst/mmcm_adv_inst/CLKOUT0
                         net (fo=1, routed)           0.530    -1.718    design_1_i/clk_wiz_1/inst/clk_out1_design_1_clk_wiz_1_0
    BUFGCTRL_X0Y0        BUFG (Prop_bufg_I_O)         0.029    -1.689 r  design_1_i/clk_wiz_1/inst/clkout1_buf/O
                         net (fo=1479, routed)        0.821    -0.869    design_1_i/microblaze_0/U0/MicroBlaze_Core_I/Performance.Core/Use_Debug_Logic.Master_Core.Debug_Perf/Serial_Dbg_Intf.sync_sample/sync_bits[7].sync_bit/Clk
    SLICE_X37Y29         FDRE                                         r  design_1_i/microblaze_0/U0/MicroBlaze_Core_I/Performance.Core/Use_Debug_Logic.Master_Core.Debug_Perf/Serial_Dbg_Intf.sync_sample/sync_bits[7].sync_bit/Synchronize.use_sync_reset.sync_reg[2]/C
                         clock pessimism              0.241    -0.627    
    SLICE_X37Y29         FDRE (Hold_fdre_C_D)         0.071    -0.556    design_1_i/microblaze_0/U0/MicroBlaze_Core_I/Performance.Core/Use_Debug_Logic.Master_Core.Debug_Perf/Serial_Dbg_Intf.sync_sample/sync_bits[7].sync_bit/Synchronize.use_sync_reset.sync_reg[2]
  -------------------------------------------------------------------
                         required time                          0.556    
                         arrival time                          -0.430    
  -------------------------------------------------------------------
                         slack                                  0.126    

Slack (MET) :             0.128ns  (arrival time - required time)
  Source:                 design_1_i/axi_uartlite_0/U0/UARTLITE_CORE_I/UARTLITE_TX_I/mux_sel_reg[0]/C
                            (rising edge-triggered cell FDSE clocked by clk_out1_design_1_clk_wiz_1_0  {rise@0.000ns fall@5.000ns period=10.000ns})
  Destination:            design_1_i/axi_uartlite_0/U0/UARTLITE_CORE_I/UARTLITE_TX_I/mux_sel_reg[2]/D
                            (rising edge-triggered cell FDSE clocked by clk_out1_design_1_clk_wiz_1_0  {rise@0.000ns fall@5.000ns period=10.000ns})
  Path Group:             clk_out1_design_1_clk_wiz_1_0
  Path Type:              Hold (Min at Fast Process Corner)
  Requirement:            0.000ns  (clk_out1_design_1_clk_wiz_1_0 rise@0.000ns - clk_out1_design_1_clk_wiz_1_0 rise@0.000ns)
  Data Path Delay:        0.262ns  (logic 0.186ns (70.964%)  route 0.076ns (29.036%))
  Logic Levels:           1  (LUT5=1)
  Clock Path Skew:        0.013ns (DCD - SCD - CPR)
    Destination Clock Delay (DCD):    -0.863ns
    Source Clock Delay      (SCD):    -0.622ns
    Clock Pessimism Removal (CPR):    -0.253ns

    Location             Delay type                Incr(ns)  Path(ns)    Netlist Resource(s)
  -------------------------------------------------------------------    -------------------
                         (clock clk_out1_design_1_clk_wiz_1_0 rise edge)
                                                      0.000     0.000 r  
    W5                                                0.000     0.000 r  sys_clock (IN)
                         net (fo=0)                   0.000     0.000    design_1_i/clk_wiz_1/inst/clk_in1
    W5                   IBUF (Prop_ibuf_I_O)         0.226     0.226 r  design_1_i/clk_wiz_1/inst/clkin1_ibufg/O
                         net (fo=1, routed)           0.440     0.667    design_1_i/clk_wiz_1/inst/clk_in1_design_1_clk_wiz_1_0
    MMCME2_ADV_X1Y0      MMCME2_ADV (Prop_mmcme2_adv_CLKIN1_CLKOUT0)
                                                     -2.360    -1.693 r  design_1_i/clk_wiz_1/inst/mmcm_adv_inst/CLKOUT0
                         net (fo=1, routed)           0.486    -1.207    design_1_i/clk_wiz_1/inst/clk_out1_design_1_clk_wiz_1_0
    BUFGCTRL_X0Y0        BUFG (Prop_bufg_I_O)         0.026    -1.181 r  design_1_i/clk_wiz_1/inst/clkout1_buf/O
                         net (fo=1479, routed)        0.559    -0.622    design_1_i/axi_uartlite_0/U0/UARTLITE_CORE_I/UARTLITE_TX_I/s_axi_aclk
    SLICE_X31Y35         FDSE                                         r  design_1_i/axi_uartlite_0/U0/UARTLITE_CORE_I/UARTLITE_TX_I/mux_sel_reg[0]/C
  -------------------------------------------------------------------    -------------------
    SLICE_X31Y35         FDSE (Prop_fdse_C_Q)         0.141    -0.481 f  design_1_i/axi_uartlite_0/U0/UARTLITE_CORE_I/UARTLITE_TX_I/mux_sel_reg[0]/Q
                         net (fo=5, routed)           0.076    -0.405    design_1_i/axi_uartlite_0/U0/UARTLITE_CORE_I/UARTLITE_TX_I/mux_sel_reg_n_0_[0]
    SLICE_X30Y35         LUT5 (Prop_lut5_I2_O)        0.045    -0.360 r  design_1_i/axi_uartlite_0/U0/UARTLITE_CORE_I/UARTLITE_TX_I/mux_sel[2]_i_1/O
                         net (fo=1, routed)           0.000    -0.360    design_1_i/axi_uartlite_0/U0/UARTLITE_CORE_I/UARTLITE_TX_I/mux_sel[2]_i_1_n_0
    SLICE_X30Y35         FDSE                                         r  design_1_i/axi_uartlite_0/U0/UARTLITE_CORE_I/UARTLITE_TX_I/mux_sel_reg[2]/D
  -------------------------------------------------------------------    -------------------

                         (clock clk_out1_design_1_clk_wiz_1_0 rise edge)
                                                      0.000     0.000 r  
    W5                                                0.000     0.000 r  sys_clock (IN)
                         net (fo=0)                   0.000     0.000    design_1_i/clk_wiz_1/inst/clk_in1
    W5                   IBUF (Prop_ibuf_I_O)         0.414     0.414 r  design_1_i/clk_wiz_1/inst/clkin1_ibufg/O
                         net (fo=1, routed)           0.480     0.894    design_1_i/clk_wiz_1/inst/clk_in1_design_1_clk_wiz_1_0
    MMCME2_ADV_X1Y0      MMCME2_ADV (Prop_mmcme2_adv_CLKIN1_CLKOUT0)
                                                     -3.142    -2.248 r  design_1_i/clk_wiz_1/inst/mmcm_adv_inst/CLKOUT0
                         net (fo=1, routed)           0.530    -1.718    design_1_i/clk_wiz_1/inst/clk_out1_design_1_clk_wiz_1_0
    BUFGCTRL_X0Y0        BUFG (Prop_bufg_I_O)         0.029    -1.689 r  design_1_i/clk_wiz_1/inst/clkout1_buf/O
                         net (fo=1479, routed)        0.827    -0.863    design_1_i/axi_uartlite_0/U0/UARTLITE_CORE_I/UARTLITE_TX_I/s_axi_aclk
    SLICE_X30Y35         FDSE                                         r  design_1_i/axi_uartlite_0/U0/UARTLITE_CORE_I/UARTLITE_TX_I/mux_sel_reg[2]/C
                         clock pessimism              0.253    -0.609    
    SLICE_X30Y35         FDSE (Hold_fdse_C_D)         0.121    -0.488    design_1_i/axi_uartlite_0/U0/UARTLITE_CORE_I/UARTLITE_TX_I/mux_sel_reg[2]
  -------------------------------------------------------------------
                         required time                          0.488    
                         arrival time                          -0.360    
  -------------------------------------------------------------------
                         slack                                  0.128    

Slack (MET) :             0.130ns  (arrival time - required time)
  Source:                 design_1_i/rst_clk_wiz_1_100M/U0/EXT_LPF/AUX_LPF[2].asr_lpf_reg[2]/C
                            (rising edge-triggered cell FDRE clocked by clk_out1_design_1_clk_wiz_1_0  {rise@0.000ns fall@5.000ns period=10.000ns})
  Destination:            design_1_i/rst_clk_wiz_1_100M/U0/EXT_LPF/AUX_LPF[3].asr_lpf_reg[3]/D
                            (rising edge-triggered cell FDRE clocked by clk_out1_design_1_clk_wiz_1_0  {rise@0.000ns fall@5.000ns period=10.000ns})
  Path Group:             clk_out1_design_1_clk_wiz_1_0
  Path Type:              Hold (Min at Fast Process Corner)
  Requirement:            0.000ns  (clk_out1_design_1_clk_wiz_1_0 rise@0.000ns - clk_out1_design_1_clk_wiz_1_0 rise@0.000ns)
  Data Path Delay:        0.208ns  (logic 0.141ns (67.788%)  route 0.067ns (32.212%))
  Logic Levels:           0  
  Clock Path Skew:        0.000ns (DCD - SCD - CPR)
    Destination Clock Delay (DCD):    -0.859ns
    Source Clock Delay      (SCD):    -0.619ns
    Clock Pessimism Removal (CPR):    -0.239ns

    Location             Delay type                Incr(ns)  Path(ns)    Netlist Resource(s)
  -------------------------------------------------------------------    -------------------
                         (clock clk_out1_design_1_clk_wiz_1_0 rise edge)
                                                      0.000     0.000 r  
    W5                                                0.000     0.000 r  sys_clock (IN)
                         net (fo=0)                   0.000     0.000    design_1_i/clk_wiz_1/inst/clk_in1
    W5                   IBUF (Prop_ibuf_I_O)         0.226     0.226 r  design_1_i/clk_wiz_1/inst/clkin1_ibufg/O
                         net (fo=1, routed)           0.440     0.667    design_1_i/clk_wiz_1/inst/clk_in1_design_1_clk_wiz_1_0
    MMCME2_ADV_X1Y0      MMCME2_ADV (Prop_mmcme2_adv_CLKIN1_CLKOUT0)
                                                     -2.360    -1.693 r  design_1_i/clk_wiz_1/inst/mmcm_adv_inst/CLKOUT0
                         net (fo=1, routed)           0.486    -1.207    design_1_i/clk_wiz_1/inst/clk_out1_design_1_clk_wiz_1_0
    BUFGCTRL_X0Y0        BUFG (Prop_bufg_I_O)         0.026    -1.181 r  design_1_i/clk_wiz_1/inst/clkout1_buf/O
                         net (fo=1479, routed)        0.562    -0.619    design_1_i/rst_clk_wiz_1_100M/U0/EXT_LPF/slowest_sync_clk
    SLICE_X37Y41         FDRE                                         r  design_1_i/rst_clk_wiz_1_100M/U0/EXT_LPF/AUX_LPF[2].asr_lpf_reg[2]/C
  -------------------------------------------------------------------    -------------------
    SLICE_X37Y41         FDRE (Prop_fdre_C_Q)         0.141    -0.478 r  design_1_i/rst_clk_wiz_1_100M/U0/EXT_LPF/AUX_LPF[2].asr_lpf_reg[2]/Q
                         net (fo=2, routed)           0.067    -0.411    design_1_i/rst_clk_wiz_1_100M/U0/EXT_LPF/p_1_in
    SLICE_X37Y41         FDRE                                         r  design_1_i/rst_clk_wiz_1_100M/U0/EXT_LPF/AUX_LPF[3].asr_lpf_reg[3]/D
  -------------------------------------------------------------------    -------------------

                         (clock clk_out1_design_1_clk_wiz_1_0 rise edge)
                                                      0.000     0.000 r  
    W5                                                0.000     0.000 r  sys_clock (IN)
                         net (fo=0)                   0.000     0.000    design_1_i/clk_wiz_1/inst/clk_in1
    W5                   IBUF (Prop_ibuf_I_O)         0.414     0.414 r  design_1_i/clk_wiz_1/inst/clkin1_ibufg/O
                         net (fo=1, routed)           0.480     0.894    design_1_i/clk_wiz_1/inst/clk_in1_design_1_clk_wiz_1_0
    MMCME2_ADV_X1Y0      MMCME2_ADV (Prop_mmcme2_adv_CLKIN1_CLKOUT0)
                                                     -3.142    -2.248 r  design_1_i/clk_wiz_1/inst/mmcm_adv_inst/CLKOUT0
                         net (fo=1, routed)           0.530    -1.718    design_1_i/clk_wiz_1/inst/clk_out1_design_1_clk_wiz_1_0
    BUFGCTRL_X0Y0        BUFG (Prop_bufg_I_O)         0.029    -1.689 r  design_1_i/clk_wiz_1/inst/clkout1_buf/O
                         net (fo=1479, routed)        0.831    -0.859    design_1_i/rst_clk_wiz_1_100M/U0/EXT_LPF/slowest_sync_clk
    SLICE_X37Y41         FDRE                                         r  design_1_i/rst_clk_wiz_1_100M/U0/EXT_LPF/AUX_LPF[3].asr_lpf_reg[3]/C
                         clock pessimism              0.239    -0.619    
    SLICE_X37Y41         FDRE (Hold_fdre_C_D)         0.078    -0.541    design_1_i/rst_clk_wiz_1_100M/U0/EXT_LPF/AUX_LPF[3].asr_lpf_reg[3]
  -------------------------------------------------------------------
                         required time                          0.541    
                         arrival time                          -0.411    
  -------------------------------------------------------------------
                         slack                                  0.130    

Slack (MET) :             0.131ns  (arrival time - required time)
  Source:                 design_1_i/axi_uartlite_0/U0/UARTLITE_CORE_I/UARTLITE_RX_I/INPUT_DOUBLE_REGS3/GENERATE_LEVEL_P_S_CDC.SINGLE_BIT.CROSS_PLEVEL_IN2SCNDRY_IN_cdc_to/C
                            (rising edge-triggered cell FDRE clocked by clk_out1_design_1_clk_wiz_1_0  {rise@0.000ns fall@5.000ns period=10.000ns})
  Destination:            design_1_i/axi_uartlite_0/U0/UARTLITE_CORE_I/UARTLITE_RX_I/INPUT_DOUBLE_REGS3/GENERATE_LEVEL_P_S_CDC.SINGLE_BIT.CROSS_PLEVEL_IN2SCNDRY_s_level_out_d2/D
                            (rising edge-triggered cell FDRE clocked by clk_out1_design_1_clk_wiz_1_0  {rise@0.000ns fall@5.000ns period=10.000ns})
  Path Group:             clk_out1_design_1_clk_wiz_1_0
  Path Type:              Hold (Min at Fast Process Corner)
  Requirement:            0.000ns  (clk_out1_design_1_clk_wiz_1_0 rise@0.000ns - clk_out1_design_1_clk_wiz_1_0 rise@0.000ns)
  Data Path Delay:        0.206ns  (logic 0.141ns (68.336%)  route 0.065ns (31.664%))
  Logic Levels:           0  
  Clock Path Skew:        0.000ns (DCD - SCD - CPR)
    Destination Clock Delay (DCD):    -0.858ns
    Source Clock Delay      (SCD):    -0.619ns
    Clock Pessimism Removal (CPR):    -0.238ns

    Location             Delay type                Incr(ns)  Path(ns)    Netlist Resource(s)
  -------------------------------------------------------------------    -------------------
                         (clock clk_out1_design_1_clk_wiz_1_0 rise edge)
                                                      0.000     0.000 r  
    W5                                                0.000     0.000 r  sys_clock (IN)
                         net (fo=0)                   0.000     0.000    design_1_i/clk_wiz_1/inst/clk_in1
    W5                   IBUF (Prop_ibuf_I_O)         0.226     0.226 r  design_1_i/clk_wiz_1/inst/clkin1_ibufg/O
                         net (fo=1, routed)           0.440     0.667    design_1_i/clk_wiz_1/inst/clk_in1_design_1_clk_wiz_1_0
    MMCME2_ADV_X1Y0      MMCME2_ADV (Prop_mmcme2_adv_CLKIN1_CLKOUT0)
                                                     -2.360    -1.693 r  design_1_i/clk_wiz_1/inst/mmcm_adv_inst/CLKOUT0
                         net (fo=1, routed)           0.486    -1.207    design_1_i/clk_wiz_1/inst/clk_out1_design_1_clk_wiz_1_0
    BUFGCTRL_X0Y0        BUFG (Prop_bufg_I_O)         0.026    -1.181 r  design_1_i/clk_wiz_1/inst/clkout1_buf/O
                         net (fo=1479, routed)        0.562    -0.619    design_1_i/axi_uartlite_0/U0/UARTLITE_CORE_I/UARTLITE_RX_I/INPUT_DOUBLE_REGS3/s_axi_aclk
    SLICE_X28Y42         FDRE                                         r  design_1_i/axi_uartlite_0/U0/UARTLITE_CORE_I/UARTLITE_RX_I/INPUT_DOUBLE_REGS3/GENERATE_LEVEL_P_S_CDC.SINGLE_BIT.CROSS_PLEVEL_IN2SCNDRY_IN_cdc_to/C
  -------------------------------------------------------------------    -------------------
    SLICE_X28Y42         FDRE (Prop_fdre_C_Q)         0.141    -0.478 r  design_1_i/axi_uartlite_0/U0/UARTLITE_CORE_I/UARTLITE_RX_I/INPUT_DOUBLE_REGS3/GENERATE_LEVEL_P_S_CDC.SINGLE_BIT.CROSS_PLEVEL_IN2SCNDRY_IN_cdc_to/Q
                         net (fo=1, routed)           0.065    -0.413    design_1_i/axi_uartlite_0/U0/UARTLITE_CORE_I/UARTLITE_RX_I/INPUT_DOUBLE_REGS3/s_level_out_d1_cdc_to
    SLICE_X28Y42         FDRE                                         r  design_1_i/axi_uartlite_0/U0/UARTLITE_CORE_I/UARTLITE_RX_I/INPUT_DOUBLE_REGS3/GENERATE_LEVEL_P_S_CDC.SINGLE_BIT.CROSS_PLEVEL_IN2SCNDRY_s_level_out_d2/D
  -------------------------------------------------------------------    -------------------

                         (clock clk_out1_design_1_clk_wiz_1_0 rise edge)
                                                      0.000     0.000 r  
    W5                                                0.000     0.000 r  sys_clock (IN)
                         net (fo=0)                   0.000     0.000    design_1_i/clk_wiz_1/inst/clk_in1
    W5                   IBUF (Prop_ibuf_I_O)         0.414     0.414 r  design_1_i/clk_wiz_1/inst/clkin1_ibufg/O
                         net (fo=1, routed)           0.480     0.894    design_1_i/clk_wiz_1/inst/clk_in1_design_1_clk_wiz_1_0
    MMCME2_ADV_X1Y0      MMCME2_ADV (Prop_mmcme2_adv_CLKIN1_CLKOUT0)
                                                     -3.142    -2.248 r  design_1_i/clk_wiz_1/inst/mmcm_adv_inst/CLKOUT0
                         net (fo=1, routed)           0.530    -1.718    design_1_i/clk_wiz_1/inst/clk_out1_design_1_clk_wiz_1_0
    BUFGCTRL_X0Y0        BUFG (Prop_bufg_I_O)         0.029    -1.689 r  design_1_i/clk_wiz_1/inst/clkout1_buf/O
                         net (fo=1479, routed)        0.832    -0.858    design_1_i/axi_uartlite_0/U0/UARTLITE_CORE_I/UARTLITE_RX_I/INPUT_DOUBLE_REGS3/s_axi_aclk
    SLICE_X28Y42         FDRE                                         r  design_1_i/axi_uartlite_0/U0/UARTLITE_CORE_I/UARTLITE_RX_I/INPUT_DOUBLE_REGS3/GENERATE_LEVEL_P_S_CDC.SINGLE_BIT.CROSS_PLEVEL_IN2SCNDRY_s_level_out_d2/C
                         clock pessimism              0.238    -0.619    
    SLICE_X28Y42         FDRE (Hold_fdre_C_D)         0.075    -0.544    design_1_i/axi_uartlite_0/U0/UARTLITE_CORE_I/UARTLITE_RX_I/INPUT_DOUBLE_REGS3/GENERATE_LEVEL_P_S_CDC.SINGLE_BIT.CROSS_PLEVEL_IN2SCNDRY_s_level_out_d2
  -------------------------------------------------------------------
                         required time                          0.544    
                         arrival time                          -0.413    
  -------------------------------------------------------------------
                         slack                                  0.131    

Slack (MET) :             0.131ns  (arrival time - required time)
  Source:                 design_1_i/rst_clk_wiz_1_100M/U0/EXT_LPF/ACTIVE_HIGH_EXT.ACT_HI_EXT/GENERATE_LEVEL_P_S_CDC.SINGLE_BIT.CROSS_PLEVEL_IN2SCNDRY_IN_cdc_to/C
                            (rising edge-triggered cell FDRE clocked by clk_out1_design_1_clk_wiz_1_0  {rise@0.000ns fall@5.000ns period=10.000ns})
  Destination:            design_1_i/rst_clk_wiz_1_100M/U0/EXT_LPF/ACTIVE_HIGH_EXT.ACT_HI_EXT/GENERATE_LEVEL_P_S_CDC.SINGLE_BIT.CROSS_PLEVEL_IN2SCNDRY_s_level_out_d2/D
                            (rising edge-triggered cell FDRE clocked by clk_out1_design_1_clk_wiz_1_0  {rise@0.000ns fall@5.000ns period=10.000ns})
  Path Group:             clk_out1_design_1_clk_wiz_1_0
  Path Type:              Hold (Min at Fast Process Corner)
  Requirement:            0.000ns  (clk_out1_design_1_clk_wiz_1_0 rise@0.000ns - clk_out1_design_1_clk_wiz_1_0 rise@0.000ns)
  Data Path Delay:        0.206ns  (logic 0.141ns (68.336%)  route 0.065ns (31.664%))
  Logic Levels:           0  
  Clock Path Skew:        0.000ns (DCD - SCD - CPR)
    Destination Clock Delay (DCD):    -0.858ns
    Source Clock Delay      (SCD):    -0.619ns
    Clock Pessimism Removal (CPR):    -0.238ns

    Location             Delay type                Incr(ns)  Path(ns)    Netlist Resource(s)
  -------------------------------------------------------------------    -------------------
                         (clock clk_out1_design_1_clk_wiz_1_0 rise edge)
                                                      0.000     0.000 r  
    W5                                                0.000     0.000 r  sys_clock (IN)
                         net (fo=0)                   0.000     0.000    design_1_i/clk_wiz_1/inst/clk_in1
    W5                   IBUF (Prop_ibuf_I_O)         0.226     0.226 r  design_1_i/clk_wiz_1/inst/clkin1_ibufg/O
                         net (fo=1, routed)           0.440     0.667    design_1_i/clk_wiz_1/inst/clk_in1_design_1_clk_wiz_1_0
    MMCME2_ADV_X1Y0      MMCME2_ADV (Prop_mmcme2_adv_CLKIN1_CLKOUT0)
                                                     -2.360    -1.693 r  design_1_i/clk_wiz_1/inst/mmcm_adv_inst/CLKOUT0
                         net (fo=1, routed)           0.486    -1.207    design_1_i/clk_wiz_1/inst/clk_out1_design_1_clk_wiz_1_0
    BUFGCTRL_X0Y0        BUFG (Prop_bufg_I_O)         0.026    -1.181 r  design_1_i/clk_wiz_1/inst/clkout1_buf/O
                         net (fo=1479, routed)        0.562    -0.619    design_1_i/rst_clk_wiz_1_100M/U0/EXT_LPF/ACTIVE_HIGH_EXT.ACT_HI_EXT/slowest_sync_clk
    SLICE_X40Y41         FDRE                                         r  design_1_i/rst_clk_wiz_1_100M/U0/EXT_LPF/ACTIVE_HIGH_EXT.ACT_HI_EXT/GENERATE_LEVEL_P_S_CDC.SINGLE_BIT.CROSS_PLEVEL_IN2SCNDRY_IN_cdc_to/C
  -------------------------------------------------------------------    -------------------
    SLICE_X40Y41         FDRE (Prop_fdre_C_Q)         0.141    -0.478 r  design_1_i/rst_clk_wiz_1_100M/U0/EXT_LPF/ACTIVE_HIGH_EXT.ACT_HI_EXT/GENERATE_LEVEL_P_S_CDC.SINGLE_BIT.CROSS_PLEVEL_IN2SCNDRY_IN_cdc_to/Q
                         net (fo=1, routed)           0.065    -0.413    design_1_i/rst_clk_wiz_1_100M/U0/EXT_LPF/ACTIVE_HIGH_EXT.ACT_HI_EXT/s_level_out_d1_cdc_to
    SLICE_X40Y41         FDRE                                         r  design_1_i/rst_clk_wiz_1_100M/U0/EXT_LPF/ACTIVE_HIGH_EXT.ACT_HI_EXT/GENERATE_LEVEL_P_S_CDC.SINGLE_BIT.CROSS_PLEVEL_IN2SCNDRY_s_level_out_d2/D
  -------------------------------------------------------------------    -------------------

                         (clock clk_out1_design_1_clk_wiz_1_0 rise edge)
                                                      0.000     0.000 r  
    W5                                                0.000     0.000 r  sys_clock (IN)
                         net (fo=0)                   0.000     0.000    design_1_i/clk_wiz_1/inst/clk_in1
    W5                   IBUF (Prop_ibuf_I_O)         0.414     0.414 r  design_1_i/clk_wiz_1/inst/clkin1_ibufg/O
                         net (fo=1, routed)           0.480     0.894    design_1_i/clk_wiz_1/inst/clk_in1_design_1_clk_wiz_1_0
    MMCME2_ADV_X1Y0      MMCME2_ADV (Prop_mmcme2_adv_CLKIN1_CLKOUT0)
                                                     -3.142    -2.248 r  design_1_i/clk_wiz_1/inst/mmcm_adv_inst/CLKOUT0
                         net (fo=1, routed)           0.530    -1.718    design_1_i/clk_wiz_1/inst/clk_out1_design_1_clk_wiz_1_0
    BUFGCTRL_X0Y0        BUFG (Prop_bufg_I_O)         0.029    -1.689 r  design_1_i/clk_wiz_1/inst/clkout1_buf/O
                         net (fo=1479, routed)        0.832    -0.858    design_1_i/rst_clk_wiz_1_100M/U0/EXT_LPF/ACTIVE_HIGH_EXT.ACT_HI_EXT/slowest_sync_clk
    SLICE_X40Y41         FDRE                                         r  design_1_i/rst_clk_wiz_1_100M/U0/EXT_LPF/ACTIVE_HIGH_EXT.ACT_HI_EXT/GENERATE_LEVEL_P_S_CDC.SINGLE_BIT.CROSS_PLEVEL_IN2SCNDRY_s_level_out_d2/C
                         clock pessimism              0.238    -0.619    
    SLICE_X40Y41         FDRE (Hold_fdre_C_D)         0.075    -0.544    design_1_i/rst_clk_wiz_1_100M/U0/EXT_LPF/ACTIVE_HIGH_EXT.ACT_HI_EXT/GENERATE_LEVEL_P_S_CDC.SINGLE_BIT.CROSS_PLEVEL_IN2SCNDRY_s_level_out_d2
  -------------------------------------------------------------------
                         required time                          0.544    
                         arrival time                          -0.413    
  -------------------------------------------------------------------
                         slack                                  0.131    





Pulse Width Checks
--------------------------------------------------------------------------------------
Clock Name:         clk_out1_design_1_clk_wiz_1_0
Waveform(ns):       { 0.000 5.000 }
Period(ns):         10.000
Sources:            { design_1_i/clk_wiz_1/inst/mmcm_adv_inst/CLKOUT0 }

Check Type        Corner  Lib Pin             Reference Pin  Required(ns)  Actual(ns)  Slack(ns)  Location         Pin
Min Period        n/a     RAMB36E1/CLKARDCLK  n/a            2.576         10.000      7.424      RAMB36_X2Y3      design_1_i/microblaze_0_local_memory/lmb_bram/U0/inst_blk_mem_gen/gnbram.gnative_mem_map_bmg.native_mem_map_blk_mem_gen/valid.cstr/ramloop[12].ram.r/prim_noinit.ram/DEVICE_7SERIES.WITH_BMM_INFO.TRUE_DP.SIMPLE_PRIM36.TDP_SP36_NO_ECC_ATTR.ram/CLKARDCLK
Min Period        n/a     RAMB36E1/CLKBWRCLK  n/a            2.576         10.000      7.424      RAMB36_X2Y3      design_1_i/microblaze_0_local_memory/lmb_bram/U0/inst_blk_mem_gen/gnbram.gnative_mem_map_bmg.native_mem_map_blk_mem_gen/valid.cstr/ramloop[12].ram.r/prim_noinit.ram/DEVICE_7SERIES.WITH_BMM_INFO.TRUE_DP.SIMPLE_PRIM36.TDP_SP36_NO_ECC_ATTR.ram/CLKBWRCLK
Min Period        n/a     RAMB36E1/CLKARDCLK  n/a            2.576         10.000      7.424      RAMB36_X2Y4      design_1_i/microblaze_0_local_memory/lmb_bram/U0/inst_blk_mem_gen/gnbram.gnative_mem_map_bmg.native_mem_map_blk_mem_gen/valid.cstr/ramloop[15].ram.r/prim_noinit.ram/DEVICE_7SERIES.WITH_BMM_INFO.TRUE_DP.SIMPLE_PRIM36.TDP_SP36_NO_ECC_ATTR.ram/CLKARDCLK
Min Period        n/a     RAMB36E1/CLKBWRCLK  n/a            2.576         10.000      7.424      RAMB36_X2Y4      design_1_i/microblaze_0_local_memory/lmb_bram/U0/inst_blk_mem_gen/gnbram.gnative_mem_map_bmg.native_mem_map_blk_mem_gen/valid.cstr/ramloop[15].ram.r/prim_noinit.ram/DEVICE_7SERIES.WITH_BMM_INFO.TRUE_DP.SIMPLE_PRIM36.TDP_SP36_NO_ECC_ATTR.ram/CLKBWRCLK
Min Period        n/a     RAMB36E1/CLKARDCLK  n/a            2.576         10.000      7.424      RAMB36_X1Y6      design_1_i/microblaze_0_local_memory/lmb_bram/U0/inst_blk_mem_gen/gnbram.gnative_mem_map_bmg.native_mem_map_blk_mem_gen/valid.cstr/ramloop[18].ram.r/prim_noinit.ram/DEVICE_7SERIES.WITH_BMM_INFO.TRUE_DP.SIMPLE_PRIM36.TDP_SP36_NO_ECC_ATTR.ram/CLKARDCLK
Min Period        n/a     RAMB36E1/CLKBWRCLK  n/a            2.576         10.000      7.424      RAMB36_X1Y6      design_1_i/microblaze_0_local_memory/lmb_bram/U0/inst_blk_mem_gen/gnbram.gnative_mem_map_bmg.native_mem_map_blk_mem_gen/valid.cstr/ramloop[18].ram.r/prim_noinit.ram/DEVICE_7SERIES.WITH_BMM_INFO.TRUE_DP.SIMPLE_PRIM36.TDP_SP36_NO_ECC_ATTR.ram/CLKBWRCLK
Min Period        n/a     RAMB36E1/CLKARDCLK  n/a            2.576         10.000      7.424      RAMB36_X1Y9      design_1_i/microblaze_0_local_memory/lmb_bram/U0/inst_blk_mem_gen/gnbram.gnative_mem_map_bmg.native_mem_map_blk_mem_gen/valid.cstr/ramloop[20].ram.r/prim_noinit.ram/DEVICE_7SERIES.WITH_BMM_INFO.TRUE_DP.SIMPLE_PRIM36.TDP_SP36_NO_ECC_ATTR.ram/CLKARDCLK
Min Period        n/a     RAMB36E1/CLKBWRCLK  n/a            2.576         10.000      7.424      RAMB36_X1Y9      design_1_i/microblaze_0_local_memory/lmb_bram/U0/inst_blk_mem_gen/gnbram.gnative_mem_map_bmg.native_mem_map_blk_mem_gen/valid.cstr/ramloop[20].ram.r/prim_noinit.ram/DEVICE_7SERIES.WITH_BMM_INFO.TRUE_DP.SIMPLE_PRIM36.TDP_SP36_NO_ECC_ATTR.ram/CLKBWRCLK
Min Period        n/a     RAMB36E1/CLKARDCLK  n/a            2.576         10.000      7.424      RAMB36_X2Y1      design_1_i/microblaze_0_local_memory/lmb_bram/U0/inst_blk_mem_gen/gnbram.gnative_mem_map_bmg.native_mem_map_blk_mem_gen/valid.cstr/ramloop[23].ram.r/prim_noinit.ram/DEVICE_7SERIES.WITH_BMM_INFO.TRUE_DP.SIMPLE_PRIM36.TDP_SP36_NO_ECC_ATTR.ram/CLKARDCLK
Min Period        n/a     RAMB36E1/CLKBWRCLK  n/a            2.576         10.000      7.424      RAMB36_X2Y1      design_1_i/microblaze_0_local_memory/lmb_bram/U0/inst_blk_mem_gen/gnbram.gnative_mem_map_bmg.native_mem_map_blk_mem_gen/valid.cstr/ramloop[23].ram.r/prim_noinit.ram/DEVICE_7SERIES.WITH_BMM_INFO.TRUE_DP.SIMPLE_PRIM36.TDP_SP36_NO_ECC_ATTR.ram/CLKBWRCLK
Max Period        n/a     MMCME2_ADV/CLKOUT0  n/a            213.360       10.000      203.360    MMCME2_ADV_X1Y0  design_1_i/clk_wiz_1/inst/mmcm_adv_inst/CLKOUT0
Low Pulse Width   Slow    RAMD32/CLK          n/a            1.250         5.000       3.750      SLICE_X38Y27     design_1_i/microblaze_0/U0/MicroBlaze_Core_I/Performance.Core/Data_Flow_I/Register_File_I/Using_LUT6.All_RAM32M[2].ram32m_i/Using_FPGA.Native/RAMA/CLK
Low Pulse Width   Slow    RAMD32/CLK          n/a            1.250         5.000       3.750      SLICE_X38Y27     design_1_i/microblaze_0/U0/MicroBlaze_Core_I/Performance.Core/Data_Flow_I/Register_File_I/Using_LUT6.All_RAM32M[2].ram32m_i/Using_FPGA.Native/RAMA_D1/CLK
Low Pulse Width   Slow    RAMD32/CLK          n/a            1.250         5.000       3.750      SLICE_X38Y27     design_1_i/microblaze_0/U0/MicroBlaze_Core_I/Performance.Core/Data_Flow_I/Register_File_I/Using_LUT6.All_RAM32M[2].ram32m_i/Using_FPGA.Native/RAMB/CLK
Low Pulse Width   Slow    RAMD32/CLK          n/a            1.250         5.000       3.750      SLICE_X38Y27     design_1_i/microblaze_0/U0/MicroBlaze_Core_I/Performance.Core/Data_Flow_I/Register_File_I/Using_LUT6.All_RAM32M[2].ram32m_i/Using_FPGA.Native/RAMB_D1/CLK
Low Pulse Width   Slow    RAMD32/CLK          n/a            1.250         5.000       3.750      SLICE_X38Y27     design_1_i/microblaze_0/U0/MicroBlaze_Core_I/Performance.Core/Data_Flow_I/Register_File_I/Using_LUT6.All_RAM32M[2].ram32m_i/Using_FPGA.Native/RAMC/CLK
Low Pulse Width   Slow    RAMD32/CLK          n/a            1.250         5.000       3.750      SLICE_X38Y27     design_1_i/microblaze_0/U0/MicroBlaze_Core_I/Performance.Core/Data_Flow_I/Register_File_I/Using_LUT6.All_RAM32M[2].ram32m_i/Using_FPGA.Native/RAMC_D1/CLK
Low Pulse Width   Slow    RAMS32/CLK          n/a            1.250         5.000       3.750      SLICE_X38Y27     design_1_i/microblaze_0/U0/MicroBlaze_Core_I/Performance.Core/Data_Flow_I/Register_File_I/Using_LUT6.All_RAM32M[2].ram32m_i/Using_FPGA.Native/RAMD/CLK
Low Pulse Width   Slow    RAMS32/CLK          n/a            1.250         5.000       3.750      SLICE_X38Y27     design_1_i/microblaze_0/U0/MicroBlaze_Core_I/Performance.Core/Data_Flow_I/Register_File_I/Using_LUT6.All_RAM32M[2].ram32m_i/Using_FPGA.Native/RAMD_D1/CLK
Low Pulse Width   Slow    RAMD32/CLK          n/a            1.250         5.000       3.750      SLICE_X38Y26     design_1_i/microblaze_0/U0/MicroBlaze_Core_I/Performance.Core/Data_Flow_I/Register_File_I/Using_LUT6.All_RAM32M[3].ram32m_i/Using_FPGA.Native/RAMA/CLK
Low Pulse Width   Slow    RAMD32/CLK          n/a            1.250         5.000       3.750      SLICE_X38Y26     design_1_i/microblaze_0/U0/MicroBlaze_Core_I/Performance.Core/Data_Flow_I/Register_File_I/Using_LUT6.All_RAM32M[3].ram32m_i/Using_FPGA.Native/RAMA_D1/CLK
High Pulse Width  Fast    RAMS32/CLK          n/a            1.250         5.000       3.750      SLICE_X38Y28     design_1_i/microblaze_0/U0/MicroBlaze_Core_I/Performance.Core/Data_Flow_I/Register_File_I/Using_LUT6.All_RAM32M[1].ram32m_i/Using_FPGA.Native/RAMD/CLK
High Pulse Width  Fast    RAMS32/CLK          n/a            1.250         5.000       3.750      SLICE_X38Y28     design_1_i/microblaze_0/U0/MicroBlaze_Core_I/Performance.Core/Data_Flow_I/Register_File_I/Using_LUT6.All_RAM32M[1].ram32m_i/Using_FPGA.Native/RAMD_D1/CLK
High Pulse Width  Fast    RAMD32/CLK          n/a            1.250         5.000       3.750      SLICE_X38Y27     design_1_i/microblaze_0/U0/MicroBlaze_Core_I/Performance.Core/Data_Flow_I/Register_File_I/Using_LUT6.All_RAM32M[2].ram32m_i/Using_FPGA.Native/RAMA/CLK
High Pulse Width  Fast    RAMD32/CLK          n/a            1.250         5.000       3.750      SLICE_X38Y27     design_1_i/microblaze_0/U0/MicroBlaze_Core_I/Performance.Core/Data_Flow_I/Register_File_I/Using_LUT6.All_RAM32M[2].ram32m_i/Using_FPGA.Native/RAMA_D1/CLK
High Pulse Width  Fast    RAMD32/CLK          n/a            1.250         5.000       3.750      SLICE_X38Y27     design_1_i/microblaze_0/U0/MicroBlaze_Core_I/Performance.Core/Data_Flow_I/Register_File_I/Using_LUT6.All_RAM32M[2].ram32m_i/Using_FPGA.Native/RAMB/CLK
High Pulse Width  Fast    RAMD32/CLK          n/a            1.250         5.000       3.750      SLICE_X38Y27     design_1_i/microblaze_0/U0/MicroBlaze_Core_I/Performance.Core/Data_Flow_I/Register_File_I/Using_LUT6.All_RAM32M[2].ram32m_i/Using_FPGA.Native/RAMB_D1/CLK
High Pulse Width  Fast    RAMD32/CLK          n/a            1.250         5.000       3.750      SLICE_X38Y27     design_1_i/microblaze_0/U0/MicroBlaze_Core_I/Performance.Core/Data_Flow_I/Register_File_I/Using_LUT6.All_RAM32M[2].ram32m_i/Using_FPGA.Native/RAMC/CLK
High Pulse Width  Fast    RAMD32/CLK          n/a            1.250         5.000       3.750      SLICE_X38Y27     design_1_i/microblaze_0/U0/MicroBlaze_Core_I/Performance.Core/Data_Flow_I/Register_File_I/Using_LUT6.All_RAM32M[2].ram32m_i/Using_FPGA.Native/RAMC_D1/CLK
High Pulse Width  Fast    RAMS32/CLK          n/a            1.250         5.000       3.750      SLICE_X38Y27     design_1_i/microblaze_0/U0/MicroBlaze_Core_I/Performance.Core/Data_Flow_I/Register_File_I/Using_LUT6.All_RAM32M[2].ram32m_i/Using_FPGA.Native/RAMD/CLK
High Pulse Width  Fast    RAMS32/CLK          n/a            1.250         5.000       3.750      SLICE_X38Y27     design_1_i/microblaze_0/U0/MicroBlaze_Core_I/Performance.Core/Data_Flow_I/Register_File_I/Using_LUT6.All_RAM32M[2].ram32m_i/Using_FPGA.Native/RAMD_D1/CLK



---------------------------------------------------------------------------------------------------
From Clock:  clkfbout_design_1_clk_wiz_1_0
  To Clock:  clkfbout_design_1_clk_wiz_1_0

Setup :           NA  Failing Endpoints,  Worst Slack           NA  ,  Total Violation           NA
Hold  :           NA  Failing Endpoints,  Worst Slack           NA  ,  Total Violation           NA
PW    :            0  Failing Endpoints,  Worst Slack        7.845ns,  Total Violation        0.000ns
---------------------------------------------------------------------------------------------------


Pulse Width Checks
--------------------------------------------------------------------------------------
Clock Name:         clkfbout_design_1_clk_wiz_1_0
Waveform(ns):       { 0.000 5.000 }
Period(ns):         10.000
Sources:            { design_1_i/clk_wiz_1/inst/mmcm_adv_inst/CLKFBOUT }

Check Type  Corner  Lib Pin              Reference Pin  Required(ns)  Actual(ns)  Slack(ns)  Location         Pin
Min Period  n/a     BUFG/I               n/a            2.155         10.000      7.845      BUFGCTRL_X0Y3    design_1_i/clk_wiz_1/inst/clkf_buf/I
Min Period  n/a     MMCME2_ADV/CLKFBOUT  n/a            1.249         10.000      8.751      MMCME2_ADV_X1Y0  design_1_i/clk_wiz_1/inst/mmcm_adv_inst/CLKFBOUT
Min Period  n/a     MMCME2_ADV/CLKFBIN   n/a            1.249         10.000      8.751      MMCME2_ADV_X1Y0  design_1_i/clk_wiz_1/inst/mmcm_adv_inst/CLKFBIN
Max Period  n/a     MMCME2_ADV/CLKFBIN   n/a            100.000       10.000      90.000     MMCME2_ADV_X1Y0  design_1_i/clk_wiz_1/inst/mmcm_adv_inst/CLKFBIN
Max Period  n/a     MMCME2_ADV/CLKFBOUT  n/a            213.360       10.000      203.360    MMCME2_ADV_X1Y0  design_1_i/clk_wiz_1/inst/mmcm_adv_inst/CLKFBOUT



---------------------------------------------------------------------------------------------------
From Clock:  clk_out1_design_1_clk_wiz_1_0
  To Clock:  clk_out1_design_1_clk_wiz_1_0_1

Setup :            0  Failing Endpoints,  Worst Slack        1.513ns,  Total Violation        0.000ns
Hold  :            0  Failing Endpoints,  Worst Slack        0.035ns,  Total Violation        0.000ns
---------------------------------------------------------------------------------------------------


Max Delay Paths
--------------------------------------------------------------------------------------
Slack (MET) :             1.513ns  (required time - arrival time)
  Source:                 design_1_i/microblaze_0/U0/MicroBlaze_Core_I/Performance.Core/Data_Flow_I/Operand_Select_I/EX_Branch_CMP_Op1_reg[24]/C
                            (rising edge-triggered cell FDRE clocked by clk_out1_design_1_clk_wiz_1_0  {rise@0.000ns fall@5.000ns period=10.000ns})
  Destination:            design_1_i/microblaze_0_local_memory/lmb_bram/U0/inst_blk_mem_gen/gnbram.gnative_mem_map_bmg.native_mem_map_blk_mem_gen/valid.cstr/ramloop[2].ram.r/prim_noinit.ram/DEVICE_7SERIES.WITH_BMM_INFO.TRUE_DP.SIMPLE_PRIM36.TDP_SP36_NO_ECC_ATTR.ram/ADDRBWRADDR[12]
                            (rising edge-triggered cell RAMB36E1 clocked by clk_out1_design_1_clk_wiz_1_0_1  {rise@0.000ns fall@5.000ns period=10.000ns})
  Path Group:             clk_out1_design_1_clk_wiz_1_0_1
  Path Type:              Setup (Max at Slow Process Corner)
  Requirement:            10.000ns  (clk_out1_design_1_clk_wiz_1_0_1 rise@10.000ns - clk_out1_design_1_clk_wiz_1_0 rise@0.000ns)
  Data Path Delay:        7.565ns  (logic 2.051ns (27.113%)  route 5.514ns (72.887%))
  Logic Levels:           5  (CARRY4=3 LUT3=1 LUT6=1)
  Clock Path Skew:        -0.074ns (DCD - SCD + CPR)
    Destination Clock Delay (DCD):    -1.513ns = ( 8.487 - 10.000 ) 
    Source Clock Delay      (SCD):    -0.956ns
    Clock Pessimism Removal (CPR):    0.484ns
  Clock Uncertainty:      0.074ns  ((TSJ^2 + DJ^2)^1/2) / 2 + PE
    Total System Jitter     (TSJ):    0.071ns
    Discrete Jitter          (DJ):    0.131ns
    Phase Error              (PE):    0.000ns
  Clock Domain Crossing:  Inter clock paths are considered valid unless explicitly excluded by timing constraints such as set_clock_groups or set_false_path.

    Location             Delay type                Incr(ns)  Path(ns)    Netlist Resource(s)
  -------------------------------------------------------------------    -------------------
                         (clock clk_out1_design_1_clk_wiz_1_0 rise edge)
                                                      0.000     0.000 r  
    W5                                                0.000     0.000 r  sys_clock (IN)
                         net (fo=0)                   0.000     0.000    design_1_i/clk_wiz_1/inst/clk_in1
    W5                   IBUF (Prop_ibuf_I_O)         1.458     1.458 r  design_1_i/clk_wiz_1/inst/clkin1_ibufg/O
                         net (fo=1, routed)           1.233     2.691    design_1_i/clk_wiz_1/inst/clk_in1_design_1_clk_wiz_1_0
    MMCME2_ADV_X1Y0      MMCME2_ADV (Prop_mmcme2_adv_CLKIN1_CLKOUT0)
                                                     -6.961    -4.269 r  design_1_i/clk_wiz_1/inst/mmcm_adv_inst/CLKOUT0
                         net (fo=1, routed)           1.661    -2.608    design_1_i/clk_wiz_1/inst/clk_out1_design_1_clk_wiz_1_0
    BUFGCTRL_X0Y0        BUFG (Prop_bufg_I_O)         0.096    -2.512 r  design_1_i/clk_wiz_1/inst/clkout1_buf/O
                         net (fo=1479, routed)        1.556    -0.956    design_1_i/microblaze_0/U0/MicroBlaze_Core_I/Performance.Core/Data_Flow_I/Operand_Select_I/Clk
    SLICE_X49Y21         FDRE                                         r  design_1_i/microblaze_0/U0/MicroBlaze_Core_I/Performance.Core/Data_Flow_I/Operand_Select_I/EX_Branch_CMP_Op1_reg[24]/C
  -------------------------------------------------------------------    -------------------
    SLICE_X49Y21         FDRE (Prop_fdre_C_Q)         0.419    -0.537 f  design_1_i/microblaze_0/U0/MicroBlaze_Core_I/Performance.Core/Data_Flow_I/Operand_Select_I/EX_Branch_CMP_Op1_reg[24]/Q
                         net (fo=1, routed)           1.283     0.747    design_1_i/microblaze_0/U0/MicroBlaze_Core_I/Performance.Core/Data_Flow_I/Zero_Detect_I/Q[5]
    SLICE_X47Y26         LUT6 (Prop_lut6_I1_O)        0.299     1.046 r  design_1_i/microblaze_0/U0/MicroBlaze_Core_I/Performance.Core/Data_Flow_I/Zero_Detect_I/S0_inferred__0/i_/O
                         net (fo=1, routed)           0.000     1.046    design_1_i/microblaze_0/U0/MicroBlaze_Core_I/Performance.Core/Data_Flow_I/Zero_Detect_I/Zero_Detecting[3].I_Part_Of_Zero_Detect/lopt_2
    SLICE_X47Y26         CARRY4 (Prop_carry4_S[1]_CO[3])
                                                      0.550     1.596 r  design_1_i/microblaze_0/U0/MicroBlaze_Core_I/Performance.Core/Data_Flow_I/Zero_Detect_I/Zero_Detecting[3].I_Part_Of_Zero_Detect/Using_FPGA.Native_CARRY4/CO[3]
                         net (fo=1, routed)           0.000     1.596    design_1_i/microblaze_0/U0/MicroBlaze_Core_I/Performance.Core/Decode_I/jump_logic_I1/MUXCY_JUMP_CARRY2/jump_carry1
    SLICE_X47Y27         CARRY4 (Prop_carry4_CI_CO[3])
                                                      0.114     1.710 r  design_1_i/microblaze_0/U0/MicroBlaze_Core_I/Performance.Core/Decode_I/jump_logic_I1/MUXCY_JUMP_CARRY2/Using_FPGA.Native_CARRY4/CO[3]
                         net (fo=1, routed)           0.000     1.710    design_1_i/microblaze_0/U0/MicroBlaze_Core_I/Performance.Core/Decode_I/jump_logic_I1/MUXCY_JUMP_CARRY6/jump_carry5
    SLICE_X47Y28         CARRY4 (Prop_carry4_CI_CO[0])
                                                      0.271     1.981 r  design_1_i/microblaze_0/U0/MicroBlaze_Core_I/Performance.Core/Decode_I/jump_logic_I1/MUXCY_JUMP_CARRY6/Using_FPGA.Native_CARRY4/CO[0]
                         net (fo=46, routed)          1.532     3.513    design_1_i/microblaze_0/U0/MicroBlaze_Core_I/Performance.Core/Decode_I/jump_logic_I1/MUXCY_JUMP_CARRY6/in0
    SLICE_X51Y23         LUT3 (Prop_lut3_I1_O)        0.398     3.911 r  design_1_i/microblaze_0/U0/MicroBlaze_Core_I/Performance.Core/Decode_I/jump_logic_I1/MUXCY_JUMP_CARRY6/Instr_Addr[17]_INST_0/O
                         net (fo=33, routed)          2.698     6.609    design_1_i/microblaze_0_local_memory/lmb_bram/U0/inst_blk_mem_gen/gnbram.gnative_mem_map_bmg.native_mem_map_blk_mem_gen/valid.cstr/ramloop[2].ram.r/prim_noinit.ram/addrb[12]
    RAMB36_X0Y11         RAMB36E1                                     r  design_1_i/microblaze_0_local_memory/lmb_bram/U0/inst_blk_mem_gen/gnbram.gnative_mem_map_bmg.native_mem_map_blk_mem_gen/valid.cstr/ramloop[2].ram.r/prim_noinit.ram/DEVICE_7SERIES.WITH_BMM_INFO.TRUE_DP.SIMPLE_PRIM36.TDP_SP36_NO_ECC_ATTR.ram/ADDRBWRADDR[12]
  -------------------------------------------------------------------    -------------------

                         (clock clk_out1_design_1_clk_wiz_1_0_1 rise edge)
                                                     10.000    10.000 r  
    W5                                                0.000    10.000 r  sys_clock (IN)
                         net (fo=0)                   0.000    10.000    design_1_i/clk_wiz_1/inst/clk_in1
    W5                   IBUF (Prop_ibuf_I_O)         1.388    11.388 r  design_1_i/clk_wiz_1/inst/clkin1_ibufg/O
                         net (fo=1, routed)           1.162    12.550    design_1_i/clk_wiz_1/inst/clk_in1_design_1_clk_wiz_1_0
    MMCME2_ADV_X1Y0      MMCME2_ADV (Prop_mmcme2_adv_CLKIN1_CLKOUT0)
                                                     -7.217     5.332 r  design_1_i/clk_wiz_1/inst/mmcm_adv_inst/CLKOUT0
                         net (fo=1, routed)           1.581     6.914    design_1_i/clk_wiz_1/inst/clk_out1_design_1_clk_wiz_1_0
    BUFGCTRL_X0Y0        BUFG (Prop_bufg_I_O)         0.091     7.005 r  design_1_i/clk_wiz_1/inst/clkout1_buf/O
                         net (fo=1479, routed)        1.482     8.487    design_1_i/microblaze_0_local_memory/lmb_bram/U0/inst_blk_mem_gen/gnbram.gnative_mem_map_bmg.native_mem_map_blk_mem_gen/valid.cstr/ramloop[2].ram.r/prim_noinit.ram/clkb
    RAMB36_X0Y11         RAMB36E1                                     r  design_1_i/microblaze_0_local_memory/lmb_bram/U0/inst_blk_mem_gen/gnbram.gnative_mem_map_bmg.native_mem_map_blk_mem_gen/valid.cstr/ramloop[2].ram.r/prim_noinit.ram/DEVICE_7SERIES.WITH_BMM_INFO.TRUE_DP.SIMPLE_PRIM36.TDP_SP36_NO_ECC_ATTR.ram/CLKBWRCLK
                         clock pessimism              0.484     8.970    
                         clock uncertainty           -0.074     8.896    
    RAMB36_X0Y11         RAMB36E1 (Setup_ramb36e1_CLKBWRCLK_ADDRBWRADDR[12])
                                                     -0.774     8.122    design_1_i/microblaze_0_local_memory/lmb_bram/U0/inst_blk_mem_gen/gnbram.gnative_mem_map_bmg.native_mem_map_blk_mem_gen/valid.cstr/ramloop[2].ram.r/prim_noinit.ram/DEVICE_7SERIES.WITH_BMM_INFO.TRUE_DP.SIMPLE_PRIM36.TDP_SP36_NO_ECC_ATTR.ram
  -------------------------------------------------------------------
                         required time                          8.122    
                         arrival time                          -6.609    
  -------------------------------------------------------------------
                         slack                                  1.513    

Slack (MET) :             1.535ns  (required time - arrival time)
  Source:                 design_1_i/microblaze_0/U0/MicroBlaze_Core_I/Performance.Core/Data_Flow_I/Operand_Select_I/EX_Branch_CMP_Op1_reg[24]/C
                            (rising edge-triggered cell FDRE clocked by clk_out1_design_1_clk_wiz_1_0  {rise@0.000ns fall@5.000ns period=10.000ns})
  Destination:            design_1_i/microblaze_0_local_memory/lmb_bram/U0/inst_blk_mem_gen/gnbram.gnative_mem_map_bmg.native_mem_map_blk_mem_gen/valid.cstr/ramloop[2].ram.r/prim_noinit.ram/DEVICE_7SERIES.WITH_BMM_INFO.TRUE_DP.SIMPLE_PRIM36.TDP_SP36_NO_ECC_ATTR.ram/ADDRBWRADDR[13]
                            (rising edge-triggered cell RAMB36E1 clocked by clk_out1_design_1_clk_wiz_1_0_1  {rise@0.000ns fall@5.000ns period=10.000ns})
  Path Group:             clk_out1_design_1_clk_wiz_1_0_1
  Path Type:              Setup (Max at Slow Process Corner)
  Requirement:            10.000ns  (clk_out1_design_1_clk_wiz_1_0_1 rise@10.000ns - clk_out1_design_1_clk_wiz_1_0 rise@0.000ns)
  Data Path Delay:        7.751ns  (logic 2.026ns (26.140%)  route 5.725ns (73.860%))
  Logic Levels:           5  (CARRY4=3 LUT3=1 LUT6=1)
  Clock Path Skew:        -0.074ns (DCD - SCD + CPR)
    Destination Clock Delay (DCD):    -1.513ns = ( 8.487 - 10.000 ) 
    Source Clock Delay      (SCD):    -0.956ns
    Clock Pessimism Removal (CPR):    0.484ns
  Clock Uncertainty:      0.074ns  ((TSJ^2 + DJ^2)^1/2) / 2 + PE
    Total System Jitter     (TSJ):    0.071ns
    Discrete Jitter          (DJ):    0.131ns
    Phase Error              (PE):    0.000ns
  Clock Domain Crossing:  Inter clock paths are considered valid unless explicitly excluded by timing constraints such as set_clock_groups or set_false_path.

    Location             Delay type                Incr(ns)  Path(ns)    Netlist Resource(s)
  -------------------------------------------------------------------    -------------------
                         (clock clk_out1_design_1_clk_wiz_1_0 rise edge)
                                                      0.000     0.000 r  
    W5                                                0.000     0.000 r  sys_clock (IN)
                         net (fo=0)                   0.000     0.000    design_1_i/clk_wiz_1/inst/clk_in1
    W5                   IBUF (Prop_ibuf_I_O)         1.458     1.458 r  design_1_i/clk_wiz_1/inst/clkin1_ibufg/O
                         net (fo=1, routed)           1.233     2.691    design_1_i/clk_wiz_1/inst/clk_in1_design_1_clk_wiz_1_0
    MMCME2_ADV_X1Y0      MMCME2_ADV (Prop_mmcme2_adv_CLKIN1_CLKOUT0)
                                                     -6.961    -4.269 r  design_1_i/clk_wiz_1/inst/mmcm_adv_inst/CLKOUT0
                         net (fo=1, routed)           1.661    -2.608    design_1_i/clk_wiz_1/inst/clk_out1_design_1_clk_wiz_1_0
    BUFGCTRL_X0Y0        BUFG (Prop_bufg_I_O)         0.096    -2.512 r  design_1_i/clk_wiz_1/inst/clkout1_buf/O
                         net (fo=1479, routed)        1.556    -0.956    design_1_i/microblaze_0/U0/MicroBlaze_Core_I/Performance.Core/Data_Flow_I/Operand_Select_I/Clk
    SLICE_X49Y21         FDRE                                         r  design_1_i/microblaze_0/U0/MicroBlaze_Core_I/Performance.Core/Data_Flow_I/Operand_Select_I/EX_Branch_CMP_Op1_reg[24]/C
  -------------------------------------------------------------------    -------------------
    SLICE_X49Y21         FDRE (Prop_fdre_C_Q)         0.419    -0.537 f  design_1_i/microblaze_0/U0/MicroBlaze_Core_I/Performance.Core/Data_Flow_I/Operand_Select_I/EX_Branch_CMP_Op1_reg[24]/Q
                         net (fo=1, routed)           1.283     0.747    design_1_i/microblaze_0/U0/MicroBlaze_Core_I/Performance.Core/Data_Flow_I/Zero_Detect_I/Q[5]
    SLICE_X47Y26         LUT6 (Prop_lut6_I1_O)        0.299     1.046 r  design_1_i/microblaze_0/U0/MicroBlaze_Core_I/Performance.Core/Data_Flow_I/Zero_Detect_I/S0_inferred__0/i_/O
                         net (fo=1, routed)           0.000     1.046    design_1_i/microblaze_0/U0/MicroBlaze_Core_I/Performance.Core/Data_Flow_I/Zero_Detect_I/Zero_Detecting[3].I_Part_Of_Zero_Detect/lopt_2
    SLICE_X47Y26         CARRY4 (Prop_carry4_S[1]_CO[3])
                                                      0.550     1.596 r  design_1_i/microblaze_0/U0/MicroBlaze_Core_I/Performance.Core/Data_Flow_I/Zero_Detect_I/Zero_Detecting[3].I_Part_Of_Zero_Detect/Using_FPGA.Native_CARRY4/CO[3]
                         net (fo=1, routed)           0.000     1.596    design_1_i/microblaze_0/U0/MicroBlaze_Core_I/Performance.Core/Decode_I/jump_logic_I1/MUXCY_JUMP_CARRY2/jump_carry1
    SLICE_X47Y27         CARRY4 (Prop_carry4_CI_CO[3])
                                                      0.114     1.710 r  design_1_i/microblaze_0/U0/MicroBlaze_Core_I/Performance.Core/Decode_I/jump_logic_I1/MUXCY_JUMP_CARRY2/Using_FPGA.Native_CARRY4/CO[3]
                         net (fo=1, routed)           0.000     1.710    design_1_i/microblaze_0/U0/MicroBlaze_Core_I/Performance.Core/Decode_I/jump_logic_I1/MUXCY_JUMP_CARRY6/jump_carry5
    SLICE_X47Y28         CARRY4 (Prop_carry4_CI_CO[0])
                                                      0.271     1.981 r  design_1_i/microblaze_0/U0/MicroBlaze_Core_I/Performance.Core/Decode_I/jump_logic_I1/MUXCY_JUMP_CARRY6/Using_FPGA.Native_CARRY4/CO[0]
                         net (fo=46, routed)          1.532     3.513    design_1_i/microblaze_0/U0/MicroBlaze_Core_I/Performance.Core/Decode_I/jump_logic_I1/MUXCY_JUMP_CARRY6/in0
    SLICE_X51Y23         LUT3 (Prop_lut3_I1_O)        0.373     3.886 r  design_1_i/microblaze_0/U0/MicroBlaze_Core_I/Performance.Core/Decode_I/jump_logic_I1/MUXCY_JUMP_CARRY6/Instr_Addr[16]_INST_0/O
                         net (fo=33, routed)          2.909     6.795    design_1_i/microblaze_0_local_memory/lmb_bram/U0/inst_blk_mem_gen/gnbram.gnative_mem_map_bmg.native_mem_map_blk_mem_gen/valid.cstr/ramloop[2].ram.r/prim_noinit.ram/addrb[13]
    RAMB36_X0Y11         RAMB36E1                                     r  design_1_i/microblaze_0_local_memory/lmb_bram/U0/inst_blk_mem_gen/gnbram.gnative_mem_map_bmg.native_mem_map_blk_mem_gen/valid.cstr/ramloop[2].ram.r/prim_noinit.ram/DEVICE_7SERIES.WITH_BMM_INFO.TRUE_DP.SIMPLE_PRIM36.TDP_SP36_NO_ECC_ATTR.ram/ADDRBWRADDR[13]
  -------------------------------------------------------------------    -------------------

                         (clock clk_out1_design_1_clk_wiz_1_0_1 rise edge)
                                                     10.000    10.000 r  
    W5                                                0.000    10.000 r  sys_clock (IN)
                         net (fo=0)                   0.000    10.000    design_1_i/clk_wiz_1/inst/clk_in1
    W5                   IBUF (Prop_ibuf_I_O)         1.388    11.388 r  design_1_i/clk_wiz_1/inst/clkin1_ibufg/O
                         net (fo=1, routed)           1.162    12.550    design_1_i/clk_wiz_1/inst/clk_in1_design_1_clk_wiz_1_0
    MMCME2_ADV_X1Y0      MMCME2_ADV (Prop_mmcme2_adv_CLKIN1_CLKOUT0)
                                                     -7.217     5.332 r  design_1_i/clk_wiz_1/inst/mmcm_adv_inst/CLKOUT0
                         net (fo=1, routed)           1.581     6.914    design_1_i/clk_wiz_1/inst/clk_out1_design_1_clk_wiz_1_0
    BUFGCTRL_X0Y0        BUFG (Prop_bufg_I_O)         0.091     7.005 r  design_1_i/clk_wiz_1/inst/clkout1_buf/O
                         net (fo=1479, routed)        1.482     8.487    design_1_i/microblaze_0_local_memory/lmb_bram/U0/inst_blk_mem_gen/gnbram.gnative_mem_map_bmg.native_mem_map_blk_mem_gen/valid.cstr/ramloop[2].ram.r/prim_noinit.ram/clkb
    RAMB36_X0Y11         RAMB36E1                                     r  design_1_i/microblaze_0_local_memory/lmb_bram/U0/inst_blk_mem_gen/gnbram.gnative_mem_map_bmg.native_mem_map_blk_mem_gen/valid.cstr/ramloop[2].ram.r/prim_noinit.ram/DEVICE_7SERIES.WITH_BMM_INFO.TRUE_DP.SIMPLE_PRIM36.TDP_SP36_NO_ECC_ATTR.ram/CLKBWRCLK
                         clock pessimism              0.484     8.970    
                         clock uncertainty           -0.074     8.896    
    RAMB36_X0Y11         RAMB36E1 (Setup_ramb36e1_CLKBWRCLK_ADDRBWRADDR[13])
                                                     -0.566     8.330    design_1_i/microblaze_0_local_memory/lmb_bram/U0/inst_blk_mem_gen/gnbram.gnative_mem_map_bmg.native_mem_map_blk_mem_gen/valid.cstr/ramloop[2].ram.r/prim_noinit.ram/DEVICE_7SERIES.WITH_BMM_INFO.TRUE_DP.SIMPLE_PRIM36.TDP_SP36_NO_ECC_ATTR.ram
  -------------------------------------------------------------------
                         required time                          8.330    
                         arrival time                          -6.795    
  -------------------------------------------------------------------
                         slack                                  1.535    

Slack (MET) :             1.544ns  (required time - arrival time)
  Source:                 design_1_i/microblaze_0/U0/MicroBlaze_Core_I/Performance.Core/Data_Flow_I/Operand_Select_I/EX_Branch_CMP_Op1_reg[24]/C
                            (rising edge-triggered cell FDRE clocked by clk_out1_design_1_clk_wiz_1_0  {rise@0.000ns fall@5.000ns period=10.000ns})
  Destination:            design_1_i/microblaze_0_local_memory/lmb_bram/U0/inst_blk_mem_gen/gnbram.gnative_mem_map_bmg.native_mem_map_blk_mem_gen/valid.cstr/ramloop[2].ram.r/prim_noinit.ram/DEVICE_7SERIES.WITH_BMM_INFO.TRUE_DP.SIMPLE_PRIM36.TDP_SP36_NO_ECC_ATTR.ram/ADDRBWRADDR[6]
                            (rising edge-triggered cell RAMB36E1 clocked by clk_out1_design_1_clk_wiz_1_0_1  {rise@0.000ns fall@5.000ns period=10.000ns})
  Path Group:             clk_out1_design_1_clk_wiz_1_0_1
  Path Type:              Setup (Max at Slow Process Corner)
  Requirement:            10.000ns  (clk_out1_design_1_clk_wiz_1_0_1 rise@10.000ns - clk_out1_design_1_clk_wiz_1_0 rise@0.000ns)
  Data Path Delay:        7.533ns  (logic 2.054ns (27.266%)  route 5.479ns (72.734%))
  Logic Levels:           5  (CARRY4=3 LUT3=1 LUT6=1)
  Clock Path Skew:        -0.074ns (DCD - SCD + CPR)
    Destination Clock Delay (DCD):    -1.513ns = ( 8.487 - 10.000 ) 
    Source Clock Delay      (SCD):    -0.956ns
    Clock Pessimism Removal (CPR):    0.484ns
  Clock Uncertainty:      0.074ns  ((TSJ^2 + DJ^2)^1/2) / 2 + PE
    Total System Jitter     (TSJ):    0.071ns
    Discrete Jitter          (DJ):    0.131ns
    Phase Error              (PE):    0.000ns
  Clock Domain Crossing:  Inter clock paths are considered valid unless explicitly excluded by timing constraints such as set_clock_groups or set_false_path.

    Location             Delay type                Incr(ns)  Path(ns)    Netlist Resource(s)
  -------------------------------------------------------------------    -------------------
                         (clock clk_out1_design_1_clk_wiz_1_0 rise edge)
                                                      0.000     0.000 r  
    W5                                                0.000     0.000 r  sys_clock (IN)
                         net (fo=0)                   0.000     0.000    design_1_i/clk_wiz_1/inst/clk_in1
    W5                   IBUF (Prop_ibuf_I_O)         1.458     1.458 r  design_1_i/clk_wiz_1/inst/clkin1_ibufg/O
                         net (fo=1, routed)           1.233     2.691    design_1_i/clk_wiz_1/inst/clk_in1_design_1_clk_wiz_1_0
    MMCME2_ADV_X1Y0      MMCME2_ADV (Prop_mmcme2_adv_CLKIN1_CLKOUT0)
                                                     -6.961    -4.269 r  design_1_i/clk_wiz_1/inst/mmcm_adv_inst/CLKOUT0
                         net (fo=1, routed)           1.661    -2.608    design_1_i/clk_wiz_1/inst/clk_out1_design_1_clk_wiz_1_0
    BUFGCTRL_X0Y0        BUFG (Prop_bufg_I_O)         0.096    -2.512 r  design_1_i/clk_wiz_1/inst/clkout1_buf/O
                         net (fo=1479, routed)        1.556    -0.956    design_1_i/microblaze_0/U0/MicroBlaze_Core_I/Performance.Core/Data_Flow_I/Operand_Select_I/Clk
    SLICE_X49Y21         FDRE                                         r  design_1_i/microblaze_0/U0/MicroBlaze_Core_I/Performance.Core/Data_Flow_I/Operand_Select_I/EX_Branch_CMP_Op1_reg[24]/C
  -------------------------------------------------------------------    -------------------
    SLICE_X49Y21         FDRE (Prop_fdre_C_Q)         0.419    -0.537 f  design_1_i/microblaze_0/U0/MicroBlaze_Core_I/Performance.Core/Data_Flow_I/Operand_Select_I/EX_Branch_CMP_Op1_reg[24]/Q
                         net (fo=1, routed)           1.283     0.747    design_1_i/microblaze_0/U0/MicroBlaze_Core_I/Performance.Core/Data_Flow_I/Zero_Detect_I/Q[5]
    SLICE_X47Y26         LUT6 (Prop_lut6_I1_O)        0.299     1.046 r  design_1_i/microblaze_0/U0/MicroBlaze_Core_I/Performance.Core/Data_Flow_I/Zero_Detect_I/S0_inferred__0/i_/O
                         net (fo=1, routed)           0.000     1.046    design_1_i/microblaze_0/U0/MicroBlaze_Core_I/Performance.Core/Data_Flow_I/Zero_Detect_I/Zero_Detecting[3].I_Part_Of_Zero_Detect/lopt_2
    SLICE_X47Y26         CARRY4 (Prop_carry4_S[1]_CO[3])
                                                      0.550     1.596 r  design_1_i/microblaze_0/U0/MicroBlaze_Core_I/Performance.Core/Data_Flow_I/Zero_Detect_I/Zero_Detecting[3].I_Part_Of_Zero_Detect/Using_FPGA.Native_CARRY4/CO[3]
                         net (fo=1, routed)           0.000     1.596    design_1_i/microblaze_0/U0/MicroBlaze_Core_I/Performance.Core/Decode_I/jump_logic_I1/MUXCY_JUMP_CARRY2/jump_carry1
    SLICE_X47Y27         CARRY4 (Prop_carry4_CI_CO[3])
                                                      0.114     1.710 r  design_1_i/microblaze_0/U0/MicroBlaze_Core_I/Performance.Core/Decode_I/jump_logic_I1/MUXCY_JUMP_CARRY2/Using_FPGA.Native_CARRY4/CO[3]
                         net (fo=1, routed)           0.000     1.710    design_1_i/microblaze_0/U0/MicroBlaze_Core_I/Performance.Core/Decode_I/jump_logic_I1/MUXCY_JUMP_CARRY6/jump_carry5
    SLICE_X47Y28         CARRY4 (Prop_carry4_CI_CO[0])
                                                      0.271     1.981 r  design_1_i/microblaze_0/U0/MicroBlaze_Core_I/Performance.Core/Decode_I/jump_logic_I1/MUXCY_JUMP_CARRY6/Using_FPGA.Native_CARRY4/CO[0]
                         net (fo=46, routed)          1.359     3.340    design_1_i/microblaze_0/U0/MicroBlaze_Core_I/Performance.Core/Decode_I/jump_logic_I1/MUXCY_JUMP_CARRY6/in0
    SLICE_X51Y21         LUT3 (Prop_lut3_I1_O)        0.401     3.741 r  design_1_i/microblaze_0/U0/MicroBlaze_Core_I/Performance.Core/Decode_I/jump_logic_I1/MUXCY_JUMP_CARRY6/Instr_Addr[23]_INST_0/O
                         net (fo=33, routed)          2.837     6.578    design_1_i/microblaze_0_local_memory/lmb_bram/U0/inst_blk_mem_gen/gnbram.gnative_mem_map_bmg.native_mem_map_blk_mem_gen/valid.cstr/ramloop[2].ram.r/prim_noinit.ram/addrb[6]
    RAMB36_X0Y11         RAMB36E1                                     r  design_1_i/microblaze_0_local_memory/lmb_bram/U0/inst_blk_mem_gen/gnbram.gnative_mem_map_bmg.native_mem_map_blk_mem_gen/valid.cstr/ramloop[2].ram.r/prim_noinit.ram/DEVICE_7SERIES.WITH_BMM_INFO.TRUE_DP.SIMPLE_PRIM36.TDP_SP36_NO_ECC_ATTR.ram/ADDRBWRADDR[6]
  -------------------------------------------------------------------    -------------------

                         (clock clk_out1_design_1_clk_wiz_1_0_1 rise edge)
                                                     10.000    10.000 r  
    W5                                                0.000    10.000 r  sys_clock (IN)
                         net (fo=0)                   0.000    10.000    design_1_i/clk_wiz_1/inst/clk_in1
    W5                   IBUF (Prop_ibuf_I_O)         1.388    11.388 r  design_1_i/clk_wiz_1/inst/clkin1_ibufg/O
                         net (fo=1, routed)           1.162    12.550    design_1_i/clk_wiz_1/inst/clk_in1_design_1_clk_wiz_1_0
    MMCME2_ADV_X1Y0      MMCME2_ADV (Prop_mmcme2_adv_CLKIN1_CLKOUT0)
                                                     -7.217     5.332 r  design_1_i/clk_wiz_1/inst/mmcm_adv_inst/CLKOUT0
                         net (fo=1, routed)           1.581     6.914    design_1_i/clk_wiz_1/inst/clk_out1_design_1_clk_wiz_1_0
    BUFGCTRL_X0Y0        BUFG (Prop_bufg_I_O)         0.091     7.005 r  design_1_i/clk_wiz_1/inst/clkout1_buf/O
                         net (fo=1479, routed)        1.482     8.487    design_1_i/microblaze_0_local_memory/lmb_bram/U0/inst_blk_mem_gen/gnbram.gnative_mem_map_bmg.native_mem_map_blk_mem_gen/valid.cstr/ramloop[2].ram.r/prim_noinit.ram/clkb
    RAMB36_X0Y11         RAMB36E1                                     r  design_1_i/microblaze_0_local_memory/lmb_bram/U0/inst_blk_mem_gen/gnbram.gnative_mem_map_bmg.native_mem_map_blk_mem_gen/valid.cstr/ramloop[2].ram.r/prim_noinit.ram/DEVICE_7SERIES.WITH_BMM_INFO.TRUE_DP.SIMPLE_PRIM36.TDP_SP36_NO_ECC_ATTR.ram/CLKBWRCLK
                         clock pessimism              0.484     8.970    
                         clock uncertainty           -0.074     8.896    
    RAMB36_X0Y11         RAMB36E1 (Setup_ramb36e1_CLKBWRCLK_ADDRBWRADDR[6])
                                                     -0.774     8.122    design_1_i/microblaze_0_local_memory/lmb_bram/U0/inst_blk_mem_gen/gnbram.gnative_mem_map_bmg.native_mem_map_blk_mem_gen/valid.cstr/ramloop[2].ram.r/prim_noinit.ram/DEVICE_7SERIES.WITH_BMM_INFO.TRUE_DP.SIMPLE_PRIM36.TDP_SP36_NO_ECC_ATTR.ram
  -------------------------------------------------------------------
                         required time                          8.122    
                         arrival time                          -6.578    
  -------------------------------------------------------------------
                         slack                                  1.544    

Slack (MET) :             1.559ns  (required time - arrival time)
  Source:                 design_1_i/microblaze_0/U0/MicroBlaze_Core_I/Performance.Core/Data_Flow_I/Operand_Select_I/EX_Branch_CMP_Op1_reg[24]/C
                            (rising edge-triggered cell FDRE clocked by clk_out1_design_1_clk_wiz_1_0  {rise@0.000ns fall@5.000ns period=10.000ns})
  Destination:            design_1_i/microblaze_0_local_memory/lmb_bram/U0/inst_blk_mem_gen/gnbram.gnative_mem_map_bmg.native_mem_map_blk_mem_gen/valid.cstr/ramloop[2].ram.r/prim_noinit.ram/DEVICE_7SERIES.WITH_BMM_INFO.TRUE_DP.SIMPLE_PRIM36.TDP_SP36_NO_ECC_ATTR.ram/ADDRBWRADDR[8]
                            (rising edge-triggered cell RAMB36E1 clocked by clk_out1_design_1_clk_wiz_1_0_1  {rise@0.000ns fall@5.000ns period=10.000ns})
  Path Group:             clk_out1_design_1_clk_wiz_1_0_1
  Path Type:              Setup (Max at Slow Process Corner)
  Requirement:            10.000ns  (clk_out1_design_1_clk_wiz_1_0_1 rise@10.000ns - clk_out1_design_1_clk_wiz_1_0 rise@0.000ns)
  Data Path Delay:        7.524ns  (logic 2.052ns (27.272%)  route 5.472ns (72.728%))
  Logic Levels:           5  (CARRY4=3 LUT3=1 LUT6=1)
  Clock Path Skew:        -0.074ns (DCD - SCD + CPR)
    Destination Clock Delay (DCD):    -1.513ns = ( 8.487 - 10.000 ) 
    Source Clock Delay      (SCD):    -0.956ns
    Clock Pessimism Removal (CPR):    0.484ns
  Clock Uncertainty:      0.074ns  ((TSJ^2 + DJ^2)^1/2) / 2 + PE
    Total System Jitter     (TSJ):    0.071ns
    Discrete Jitter          (DJ):    0.131ns
    Phase Error              (PE):    0.000ns
  Clock Domain Crossing:  Inter clock paths are considered valid unless explicitly excluded by timing constraints such as set_clock_groups or set_false_path.

    Location             Delay type                Incr(ns)  Path(ns)    Netlist Resource(s)
  -------------------------------------------------------------------    -------------------
                         (clock clk_out1_design_1_clk_wiz_1_0 rise edge)
                                                      0.000     0.000 r  
    W5                                                0.000     0.000 r  sys_clock (IN)
                         net (fo=0)                   0.000     0.000    design_1_i/clk_wiz_1/inst/clk_in1
    W5                   IBUF (Prop_ibuf_I_O)         1.458     1.458 r  design_1_i/clk_wiz_1/inst/clkin1_ibufg/O
                         net (fo=1, routed)           1.233     2.691    design_1_i/clk_wiz_1/inst/clk_in1_design_1_clk_wiz_1_0
    MMCME2_ADV_X1Y0      MMCME2_ADV (Prop_mmcme2_adv_CLKIN1_CLKOUT0)
                                                     -6.961    -4.269 r  design_1_i/clk_wiz_1/inst/mmcm_adv_inst/CLKOUT0
                         net (fo=1, routed)           1.661    -2.608    design_1_i/clk_wiz_1/inst/clk_out1_design_1_clk_wiz_1_0
    BUFGCTRL_X0Y0        BUFG (Prop_bufg_I_O)         0.096    -2.512 r  design_1_i/clk_wiz_1/inst/clkout1_buf/O
                         net (fo=1479, routed)        1.556    -0.956    design_1_i/microblaze_0/U0/MicroBlaze_Core_I/Performance.Core/Data_Flow_I/Operand_Select_I/Clk
    SLICE_X49Y21         FDRE                                         r  design_1_i/microblaze_0/U0/MicroBlaze_Core_I/Performance.Core/Data_Flow_I/Operand_Select_I/EX_Branch_CMP_Op1_reg[24]/C
  -------------------------------------------------------------------    -------------------
    SLICE_X49Y21         FDRE (Prop_fdre_C_Q)         0.419    -0.537 f  design_1_i/microblaze_0/U0/MicroBlaze_Core_I/Performance.Core/Data_Flow_I/Operand_Select_I/EX_Branch_CMP_Op1_reg[24]/Q
                         net (fo=1, routed)           1.283     0.747    design_1_i/microblaze_0/U0/MicroBlaze_Core_I/Performance.Core/Data_Flow_I/Zero_Detect_I/Q[5]
    SLICE_X47Y26         LUT6 (Prop_lut6_I1_O)        0.299     1.046 r  design_1_i/microblaze_0/U0/MicroBlaze_Core_I/Performance.Core/Data_Flow_I/Zero_Detect_I/S0_inferred__0/i_/O
                         net (fo=1, routed)           0.000     1.046    design_1_i/microblaze_0/U0/MicroBlaze_Core_I/Performance.Core/Data_Flow_I/Zero_Detect_I/Zero_Detecting[3].I_Part_Of_Zero_Detect/lopt_2
    SLICE_X47Y26         CARRY4 (Prop_carry4_S[1]_CO[3])
                                                      0.550     1.596 r  design_1_i/microblaze_0/U0/MicroBlaze_Core_I/Performance.Core/Data_Flow_I/Zero_Detect_I/Zero_Detecting[3].I_Part_Of_Zero_Detect/Using_FPGA.Native_CARRY4/CO[3]
                         net (fo=1, routed)           0.000     1.596    design_1_i/microblaze_0/U0/MicroBlaze_Core_I/Performance.Core/Decode_I/jump_logic_I1/MUXCY_JUMP_CARRY2/jump_carry1
    SLICE_X47Y27         CARRY4 (Prop_carry4_CI_CO[3])
                                                      0.114     1.710 r  design_1_i/microblaze_0/U0/MicroBlaze_Core_I/Performance.Core/Decode_I/jump_logic_I1/MUXCY_JUMP_CARRY2/Using_FPGA.Native_CARRY4/CO[3]
                         net (fo=1, routed)           0.000     1.710    design_1_i/microblaze_0/U0/MicroBlaze_Core_I/Performance.Core/Decode_I/jump_logic_I1/MUXCY_JUMP_CARRY6/jump_carry5
    SLICE_X47Y28         CARRY4 (Prop_carry4_CI_CO[0])
                                                      0.271     1.981 r  design_1_i/microblaze_0/U0/MicroBlaze_Core_I/Performance.Core/Decode_I/jump_logic_I1/MUXCY_JUMP_CARRY6/Using_FPGA.Native_CARRY4/CO[0]
                         net (fo=46, routed)          1.282     3.263    design_1_i/microblaze_0/U0/MicroBlaze_Core_I/Performance.Core/Decode_I/jump_logic_I1/MUXCY_JUMP_CARRY6/in0
    SLICE_X51Y21         LUT3 (Prop_lut3_I1_O)        0.399     3.662 r  design_1_i/microblaze_0/U0/MicroBlaze_Core_I/Performance.Core/Decode_I/jump_logic_I1/MUXCY_JUMP_CARRY6/Instr_Addr[21]_INST_0/O
                         net (fo=33, routed)          2.907     6.569    design_1_i/microblaze_0_local_memory/lmb_bram/U0/inst_blk_mem_gen/gnbram.gnative_mem_map_bmg.native_mem_map_blk_mem_gen/valid.cstr/ramloop[2].ram.r/prim_noinit.ram/addrb[8]
    RAMB36_X0Y11         RAMB36E1                                     r  design_1_i/microblaze_0_local_memory/lmb_bram/U0/inst_blk_mem_gen/gnbram.gnative_mem_map_bmg.native_mem_map_blk_mem_gen/valid.cstr/ramloop[2].ram.r/prim_noinit.ram/DEVICE_7SERIES.WITH_BMM_INFO.TRUE_DP.SIMPLE_PRIM36.TDP_SP36_NO_ECC_ATTR.ram/ADDRBWRADDR[8]
  -------------------------------------------------------------------    -------------------

                         (clock clk_out1_design_1_clk_wiz_1_0_1 rise edge)
                                                     10.000    10.000 r  
    W5                                                0.000    10.000 r  sys_clock (IN)
                         net (fo=0)                   0.000    10.000    design_1_i/clk_wiz_1/inst/clk_in1
    W5                   IBUF (Prop_ibuf_I_O)         1.388    11.388 r  design_1_i/clk_wiz_1/inst/clkin1_ibufg/O
                         net (fo=1, routed)           1.162    12.550    design_1_i/clk_wiz_1/inst/clk_in1_design_1_clk_wiz_1_0
    MMCME2_ADV_X1Y0      MMCME2_ADV (Prop_mmcme2_adv_CLKIN1_CLKOUT0)
                                                     -7.217     5.332 r  design_1_i/clk_wiz_1/inst/mmcm_adv_inst/CLKOUT0
                         net (fo=1, routed)           1.581     6.914    design_1_i/clk_wiz_1/inst/clk_out1_design_1_clk_wiz_1_0
    BUFGCTRL_X0Y0        BUFG (Prop_bufg_I_O)         0.091     7.005 r  design_1_i/clk_wiz_1/inst/clkout1_buf/O
                         net (fo=1479, routed)        1.482     8.487    design_1_i/microblaze_0_local_memory/lmb_bram/U0/inst_blk_mem_gen/gnbram.gnative_mem_map_bmg.native_mem_map_blk_mem_gen/valid.cstr/ramloop[2].ram.r/prim_noinit.ram/clkb
    RAMB36_X0Y11         RAMB36E1                                     r  design_1_i/microblaze_0_local_memory/lmb_bram/U0/inst_blk_mem_gen/gnbram.gnative_mem_map_bmg.native_mem_map_blk_mem_gen/valid.cstr/ramloop[2].ram.r/prim_noinit.ram/DEVICE_7SERIES.WITH_BMM_INFO.TRUE_DP.SIMPLE_PRIM36.TDP_SP36_NO_ECC_ATTR.ram/CLKBWRCLK
                         clock pessimism              0.484     8.970    
                         clock uncertainty           -0.074     8.896    
    RAMB36_X0Y11         RAMB36E1 (Setup_ramb36e1_CLKBWRCLK_ADDRBWRADDR[8])
                                                     -0.768     8.128    design_1_i/microblaze_0_local_memory/lmb_bram/U0/inst_blk_mem_gen/gnbram.gnative_mem_map_bmg.native_mem_map_blk_mem_gen/valid.cstr/ramloop[2].ram.r/prim_noinit.ram/DEVICE_7SERIES.WITH_BMM_INFO.TRUE_DP.SIMPLE_PRIM36.TDP_SP36_NO_ECC_ATTR.ram
  -------------------------------------------------------------------
                         required time                          8.128    
                         arrival time                          -6.569    
  -------------------------------------------------------------------
                         slack                                  1.559    

Slack (MET) :             1.563ns  (required time - arrival time)
  Source:                 design_1_i/microblaze_0/U0/MicroBlaze_Core_I/Performance.Core/Data_Flow_I/Operand_Select_I/EX_Branch_CMP_Op1_reg[24]/C
                            (rising edge-triggered cell FDRE clocked by clk_out1_design_1_clk_wiz_1_0  {rise@0.000ns fall@5.000ns period=10.000ns})
  Destination:            design_1_i/microblaze_0_local_memory/lmb_bram/U0/inst_blk_mem_gen/gnbram.gnative_mem_map_bmg.native_mem_map_blk_mem_gen/valid.cstr/ramloop[0].ram.r/prim_noinit.ram/DEVICE_7SERIES.WITH_BMM_INFO.TRUE_DP.SIMPLE_PRIM36.TDP_SP36_NO_ECC_ATTR.ram/ADDRBWRADDR[13]
                            (rising edge-triggered cell RAMB36E1 clocked by clk_out1_design_1_clk_wiz_1_0_1  {rise@0.000ns fall@5.000ns period=10.000ns})
  Path Group:             clk_out1_design_1_clk_wiz_1_0_1
  Path Type:              Setup (Max at Slow Process Corner)
  Requirement:            10.000ns  (clk_out1_design_1_clk_wiz_1_0_1 rise@10.000ns - clk_out1_design_1_clk_wiz_1_0 rise@0.000ns)
  Data Path Delay:        7.724ns  (logic 2.026ns (26.231%)  route 5.698ns (73.769%))
  Logic Levels:           5  (CARRY4=3 LUT3=1 LUT6=1)
  Clock Path Skew:        -0.073ns (DCD - SCD + CPR)
    Destination Clock Delay (DCD):    -1.512ns = ( 8.488 - 10.000 ) 
    Source Clock Delay      (SCD):    -0.956ns
    Clock Pessimism Removal (CPR):    0.484ns
  Clock Uncertainty:      0.074ns  ((TSJ^2 + DJ^2)^1/2) / 2 + PE
    Total System Jitter     (TSJ):    0.071ns
    Discrete Jitter          (DJ):    0.131ns
    Phase Error              (PE):    0.000ns
  Clock Domain Crossing:  Inter clock paths are considered valid unless explicitly excluded by timing constraints such as set_clock_groups or set_false_path.

    Location             Delay type                Incr(ns)  Path(ns)    Netlist Resource(s)
  -------------------------------------------------------------------    -------------------
                         (clock clk_out1_design_1_clk_wiz_1_0 rise edge)
                                                      0.000     0.000 r  
    W5                                                0.000     0.000 r  sys_clock (IN)
                         net (fo=0)                   0.000     0.000    design_1_i/clk_wiz_1/inst/clk_in1
    W5                   IBUF (Prop_ibuf_I_O)         1.458     1.458 r  design_1_i/clk_wiz_1/inst/clkin1_ibufg/O
                         net (fo=1, routed)           1.233     2.691    design_1_i/clk_wiz_1/inst/clk_in1_design_1_clk_wiz_1_0
    MMCME2_ADV_X1Y0      MMCME2_ADV (Prop_mmcme2_adv_CLKIN1_CLKOUT0)
                                                     -6.961    -4.269 r  design_1_i/clk_wiz_1/inst/mmcm_adv_inst/CLKOUT0
                         net (fo=1, routed)           1.661    -2.608    design_1_i/clk_wiz_1/inst/clk_out1_design_1_clk_wiz_1_0
    BUFGCTRL_X0Y0        BUFG (Prop_bufg_I_O)         0.096    -2.512 r  design_1_i/clk_wiz_1/inst/clkout1_buf/O
                         net (fo=1479, routed)        1.556    -0.956    design_1_i/microblaze_0/U0/MicroBlaze_Core_I/Performance.Core/Data_Flow_I/Operand_Select_I/Clk
    SLICE_X49Y21         FDRE                                         r  design_1_i/microblaze_0/U0/MicroBlaze_Core_I/Performance.Core/Data_Flow_I/Operand_Select_I/EX_Branch_CMP_Op1_reg[24]/C
  -------------------------------------------------------------------    -------------------
    SLICE_X49Y21         FDRE (Prop_fdre_C_Q)         0.419    -0.537 f  design_1_i/microblaze_0/U0/MicroBlaze_Core_I/Performance.Core/Data_Flow_I/Operand_Select_I/EX_Branch_CMP_Op1_reg[24]/Q
                         net (fo=1, routed)           1.283     0.747    design_1_i/microblaze_0/U0/MicroBlaze_Core_I/Performance.Core/Data_Flow_I/Zero_Detect_I/Q[5]
    SLICE_X47Y26         LUT6 (Prop_lut6_I1_O)        0.299     1.046 r  design_1_i/microblaze_0/U0/MicroBlaze_Core_I/Performance.Core/Data_Flow_I/Zero_Detect_I/S0_inferred__0/i_/O
                         net (fo=1, routed)           0.000     1.046    design_1_i/microblaze_0/U0/MicroBlaze_Core_I/Performance.Core/Data_Flow_I/Zero_Detect_I/Zero_Detecting[3].I_Part_Of_Zero_Detect/lopt_2
    SLICE_X47Y26         CARRY4 (Prop_carry4_S[1]_CO[3])
                                                      0.550     1.596 r  design_1_i/microblaze_0/U0/MicroBlaze_Core_I/Performance.Core/Data_Flow_I/Zero_Detect_I/Zero_Detecting[3].I_Part_Of_Zero_Detect/Using_FPGA.Native_CARRY4/CO[3]
                         net (fo=1, routed)           0.000     1.596    design_1_i/microblaze_0/U0/MicroBlaze_Core_I/Performance.Core/Decode_I/jump_logic_I1/MUXCY_JUMP_CARRY2/jump_carry1
    SLICE_X47Y27         CARRY4 (Prop_carry4_CI_CO[3])
                                                      0.114     1.710 r  design_1_i/microblaze_0/U0/MicroBlaze_Core_I/Performance.Core/Decode_I/jump_logic_I1/MUXCY_JUMP_CARRY2/Using_FPGA.Native_CARRY4/CO[3]
                         net (fo=1, routed)           0.000     1.710    design_1_i/microblaze_0/U0/MicroBlaze_Core_I/Performance.Core/Decode_I/jump_logic_I1/MUXCY_JUMP_CARRY6/jump_carry5
    SLICE_X47Y28         CARRY4 (Prop_carry4_CI_CO[0])
                                                      0.271     1.981 r  design_1_i/microblaze_0/U0/MicroBlaze_Core_I/Performance.Core/Decode_I/jump_logic_I1/MUXCY_JUMP_CARRY6/Using_FPGA.Native_CARRY4/CO[0]
                         net (fo=46, routed)          1.532     3.513    design_1_i/microblaze_0/U0/MicroBlaze_Core_I/Performance.Core/Decode_I/jump_logic_I1/MUXCY_JUMP_CARRY6/in0
    SLICE_X51Y23         LUT3 (Prop_lut3_I1_O)        0.373     3.886 r  design_1_i/microblaze_0/U0/MicroBlaze_Core_I/Performance.Core/Decode_I/jump_logic_I1/MUXCY_JUMP_CARRY6/Instr_Addr[16]_INST_0/O
                         net (fo=33, routed)          2.882     6.768    design_1_i/microblaze_0_local_memory/lmb_bram/U0/inst_blk_mem_gen/gnbram.gnative_mem_map_bmg.native_mem_map_blk_mem_gen/valid.cstr/ramloop[0].ram.r/prim_noinit.ram/addrb[13]
    RAMB36_X0Y10         RAMB36E1                                     r  design_1_i/microblaze_0_local_memory/lmb_bram/U0/inst_blk_mem_gen/gnbram.gnative_mem_map_bmg.native_mem_map_blk_mem_gen/valid.cstr/ramloop[0].ram.r/prim_noinit.ram/DEVICE_7SERIES.WITH_BMM_INFO.TRUE_DP.SIMPLE_PRIM36.TDP_SP36_NO_ECC_ATTR.ram/ADDRBWRADDR[13]
  -------------------------------------------------------------------    -------------------

                         (clock clk_out1_design_1_clk_wiz_1_0_1 rise edge)
                                                     10.000    10.000 r  
    W5                                                0.000    10.000 r  sys_clock (IN)
                         net (fo=0)                   0.000    10.000    design_1_i/clk_wiz_1/inst/clk_in1
    W5                   IBUF (Prop_ibuf_I_O)         1.388    11.388 r  design_1_i/clk_wiz_1/inst/clkin1_ibufg/O
                         net (fo=1, routed)           1.162    12.550    design_1_i/clk_wiz_1/inst/clk_in1_design_1_clk_wiz_1_0
    MMCME2_ADV_X1Y0      MMCME2_ADV (Prop_mmcme2_adv_CLKIN1_CLKOUT0)
                                                     -7.217     5.332 r  design_1_i/clk_wiz_1/inst/mmcm_adv_inst/CLKOUT0
                         net (fo=1, routed)           1.581     6.914    design_1_i/clk_wiz_1/inst/clk_out1_design_1_clk_wiz_1_0
    BUFGCTRL_X0Y0        BUFG (Prop_bufg_I_O)         0.091     7.005 r  design_1_i/clk_wiz_1/inst/clkout1_buf/O
                         net (fo=1479, routed)        1.483     8.488    design_1_i/microblaze_0_local_memory/lmb_bram/U0/inst_blk_mem_gen/gnbram.gnative_mem_map_bmg.native_mem_map_blk_mem_gen/valid.cstr/ramloop[0].ram.r/prim_noinit.ram/clkb
    RAMB36_X0Y10         RAMB36E1                                     r  design_1_i/microblaze_0_local_memory/lmb_bram/U0/inst_blk_mem_gen/gnbram.gnative_mem_map_bmg.native_mem_map_blk_mem_gen/valid.cstr/ramloop[0].ram.r/prim_noinit.ram/DEVICE_7SERIES.WITH_BMM_INFO.TRUE_DP.SIMPLE_PRIM36.TDP_SP36_NO_ECC_ATTR.ram/CLKBWRCLK
                         clock pessimism              0.484     8.971    
                         clock uncertainty           -0.074     8.897    
    RAMB36_X0Y10         RAMB36E1 (Setup_ramb36e1_CLKBWRCLK_ADDRBWRADDR[13])
                                                     -0.566     8.331    design_1_i/microblaze_0_local_memory/lmb_bram/U0/inst_blk_mem_gen/gnbram.gnative_mem_map_bmg.native_mem_map_blk_mem_gen/valid.cstr/ramloop[0].ram.r/prim_noinit.ram/DEVICE_7SERIES.WITH_BMM_INFO.TRUE_DP.SIMPLE_PRIM36.TDP_SP36_NO_ECC_ATTR.ram
  -------------------------------------------------------------------
                         required time                          8.331    
                         arrival time                          -6.768    
  -------------------------------------------------------------------
                         slack                                  1.563    

Slack (MET) :             1.569ns  (required time - arrival time)
  Source:                 design_1_i/microblaze_0/U0/MicroBlaze_Core_I/Performance.Core/Data_Flow_I/Operand_Select_I/EX_Branch_CMP_Op1_reg[24]/C
                            (rising edge-triggered cell FDRE clocked by clk_out1_design_1_clk_wiz_1_0  {rise@0.000ns fall@5.000ns period=10.000ns})
  Destination:            design_1_i/microblaze_0_local_memory/lmb_bram/U0/inst_blk_mem_gen/gnbram.gnative_mem_map_bmg.native_mem_map_blk_mem_gen/valid.cstr/ramloop[2].ram.r/prim_noinit.ram/DEVICE_7SERIES.WITH_BMM_INFO.TRUE_DP.SIMPLE_PRIM36.TDP_SP36_NO_ECC_ATTR.ram/ADDRBWRADDR[7]
                            (rising edge-triggered cell RAMB36E1 clocked by clk_out1_design_1_clk_wiz_1_0_1  {rise@0.000ns fall@5.000ns period=10.000ns})
  Path Group:             clk_out1_design_1_clk_wiz_1_0_1
  Path Type:              Setup (Max at Slow Process Corner)
  Requirement:            10.000ns  (clk_out1_design_1_clk_wiz_1_0_1 rise@10.000ns - clk_out1_design_1_clk_wiz_1_0 rise@0.000ns)
  Data Path Delay:        7.717ns  (logic 2.026ns (26.254%)  route 5.691ns (73.746%))
  Logic Levels:           5  (CARRY4=3 LUT3=1 LUT6=1)
  Clock Path Skew:        -0.074ns (DCD - SCD + CPR)
    Destination Clock Delay (DCD):    -1.513ns = ( 8.487 - 10.000 ) 
    Source Clock Delay      (SCD):    -0.956ns
    Clock Pessimism Removal (CPR):    0.484ns
  Clock Uncertainty:      0.074ns  ((TSJ^2 + DJ^2)^1/2) / 2 + PE
    Total System Jitter     (TSJ):    0.071ns
    Discrete Jitter          (DJ):    0.131ns
    Phase Error              (PE):    0.000ns
  Clock Domain Crossing:  Inter clock paths are considered valid unless explicitly excluded by timing constraints such as set_clock_groups or set_false_path.

    Location             Delay type                Incr(ns)  Path(ns)    Netlist Resource(s)
  -------------------------------------------------------------------    -------------------
                         (clock clk_out1_design_1_clk_wiz_1_0 rise edge)
                                                      0.000     0.000 r  
    W5                                                0.000     0.000 r  sys_clock (IN)
                         net (fo=0)                   0.000     0.000    design_1_i/clk_wiz_1/inst/clk_in1
    W5                   IBUF (Prop_ibuf_I_O)         1.458     1.458 r  design_1_i/clk_wiz_1/inst/clkin1_ibufg/O
                         net (fo=1, routed)           1.233     2.691    design_1_i/clk_wiz_1/inst/clk_in1_design_1_clk_wiz_1_0
    MMCME2_ADV_X1Y0      MMCME2_ADV (Prop_mmcme2_adv_CLKIN1_CLKOUT0)
                                                     -6.961    -4.269 r  design_1_i/clk_wiz_1/inst/mmcm_adv_inst/CLKOUT0
                         net (fo=1, routed)           1.661    -2.608    design_1_i/clk_wiz_1/inst/clk_out1_design_1_clk_wiz_1_0
    BUFGCTRL_X0Y0        BUFG (Prop_bufg_I_O)         0.096    -2.512 r  design_1_i/clk_wiz_1/inst/clkout1_buf/O
                         net (fo=1479, routed)        1.556    -0.956    design_1_i/microblaze_0/U0/MicroBlaze_Core_I/Performance.Core/Data_Flow_I/Operand_Select_I/Clk
    SLICE_X49Y21         FDRE                                         r  design_1_i/microblaze_0/U0/MicroBlaze_Core_I/Performance.Core/Data_Flow_I/Operand_Select_I/EX_Branch_CMP_Op1_reg[24]/C
  -------------------------------------------------------------------    -------------------
    SLICE_X49Y21         FDRE (Prop_fdre_C_Q)         0.419    -0.537 f  design_1_i/microblaze_0/U0/MicroBlaze_Core_I/Performance.Core/Data_Flow_I/Operand_Select_I/EX_Branch_CMP_Op1_reg[24]/Q
                         net (fo=1, routed)           1.283     0.747    design_1_i/microblaze_0/U0/MicroBlaze_Core_I/Performance.Core/Data_Flow_I/Zero_Detect_I/Q[5]
    SLICE_X47Y26         LUT6 (Prop_lut6_I1_O)        0.299     1.046 r  design_1_i/microblaze_0/U0/MicroBlaze_Core_I/Performance.Core/Data_Flow_I/Zero_Detect_I/S0_inferred__0/i_/O
                         net (fo=1, routed)           0.000     1.046    design_1_i/microblaze_0/U0/MicroBlaze_Core_I/Performance.Core/Data_Flow_I/Zero_Detect_I/Zero_Detecting[3].I_Part_Of_Zero_Detect/lopt_2
    SLICE_X47Y26         CARRY4 (Prop_carry4_S[1]_CO[3])
                                                      0.550     1.596 r  design_1_i/microblaze_0/U0/MicroBlaze_Core_I/Performance.Core/Data_Flow_I/Zero_Detect_I/Zero_Detecting[3].I_Part_Of_Zero_Detect/Using_FPGA.Native_CARRY4/CO[3]
                         net (fo=1, routed)           0.000     1.596    design_1_i/microblaze_0/U0/MicroBlaze_Core_I/Performance.Core/Decode_I/jump_logic_I1/MUXCY_JUMP_CARRY2/jump_carry1
    SLICE_X47Y27         CARRY4 (Prop_carry4_CI_CO[3])
                                                      0.114     1.710 r  design_1_i/microblaze_0/U0/MicroBlaze_Core_I/Performance.Core/Decode_I/jump_logic_I1/MUXCY_JUMP_CARRY2/Using_FPGA.Native_CARRY4/CO[3]
                         net (fo=1, routed)           0.000     1.710    design_1_i/microblaze_0/U0/MicroBlaze_Core_I/Performance.Core/Decode_I/jump_logic_I1/MUXCY_JUMP_CARRY6/jump_carry5
    SLICE_X47Y28         CARRY4 (Prop_carry4_CI_CO[0])
                                                      0.271     1.981 r  design_1_i/microblaze_0/U0/MicroBlaze_Core_I/Performance.Core/Decode_I/jump_logic_I1/MUXCY_JUMP_CARRY6/Using_FPGA.Native_CARRY4/CO[0]
                         net (fo=46, routed)          1.359     3.340    design_1_i/microblaze_0/U0/MicroBlaze_Core_I/Performance.Core/Decode_I/jump_logic_I1/MUXCY_JUMP_CARRY6/in0
    SLICE_X51Y21         LUT3 (Prop_lut3_I1_O)        0.373     3.713 r  design_1_i/microblaze_0/U0/MicroBlaze_Core_I/Performance.Core/Decode_I/jump_logic_I1/MUXCY_JUMP_CARRY6/Instr_Addr[22]_INST_0/O
                         net (fo=33, routed)          3.048     6.761    design_1_i/microblaze_0_local_memory/lmb_bram/U0/inst_blk_mem_gen/gnbram.gnative_mem_map_bmg.native_mem_map_blk_mem_gen/valid.cstr/ramloop[2].ram.r/prim_noinit.ram/addrb[7]
    RAMB36_X0Y11         RAMB36E1                                     r  design_1_i/microblaze_0_local_memory/lmb_bram/U0/inst_blk_mem_gen/gnbram.gnative_mem_map_bmg.native_mem_map_blk_mem_gen/valid.cstr/ramloop[2].ram.r/prim_noinit.ram/DEVICE_7SERIES.WITH_BMM_INFO.TRUE_DP.SIMPLE_PRIM36.TDP_SP36_NO_ECC_ATTR.ram/ADDRBWRADDR[7]
  -------------------------------------------------------------------    -------------------

                         (clock clk_out1_design_1_clk_wiz_1_0_1 rise edge)
                                                     10.000    10.000 r  
    W5                                                0.000    10.000 r  sys_clock (IN)
                         net (fo=0)                   0.000    10.000    design_1_i/clk_wiz_1/inst/clk_in1
    W5                   IBUF (Prop_ibuf_I_O)         1.388    11.388 r  design_1_i/clk_wiz_1/inst/clkin1_ibufg/O
                         net (fo=1, routed)           1.162    12.550    design_1_i/clk_wiz_1/inst/clk_in1_design_1_clk_wiz_1_0
    MMCME2_ADV_X1Y0      MMCME2_ADV (Prop_mmcme2_adv_CLKIN1_CLKOUT0)
                                                     -7.217     5.332 r  design_1_i/clk_wiz_1/inst/mmcm_adv_inst/CLKOUT0
                         net (fo=1, routed)           1.581     6.914    design_1_i/clk_wiz_1/inst/clk_out1_design_1_clk_wiz_1_0
    BUFGCTRL_X0Y0        BUFG (Prop_bufg_I_O)         0.091     7.005 r  design_1_i/clk_wiz_1/inst/clkout1_buf/O
                         net (fo=1479, routed)        1.482     8.487    design_1_i/microblaze_0_local_memory/lmb_bram/U0/inst_blk_mem_gen/gnbram.gnative_mem_map_bmg.native_mem_map_blk_mem_gen/valid.cstr/ramloop[2].ram.r/prim_noinit.ram/clkb
    RAMB36_X0Y11         RAMB36E1                                     r  design_1_i/microblaze_0_local_memory/lmb_bram/U0/inst_blk_mem_gen/gnbram.gnative_mem_map_bmg.native_mem_map_blk_mem_gen/valid.cstr/ramloop[2].ram.r/prim_noinit.ram/DEVICE_7SERIES.WITH_BMM_INFO.TRUE_DP.SIMPLE_PRIM36.TDP_SP36_NO_ECC_ATTR.ram/CLKBWRCLK
                         clock pessimism              0.484     8.970    
                         clock uncertainty           -0.074     8.896    
    RAMB36_X0Y11         RAMB36E1 (Setup_ramb36e1_CLKBWRCLK_ADDRBWRADDR[7])
                                                     -0.566     8.330    design_1_i/microblaze_0_local_memory/lmb_bram/U0/inst_blk_mem_gen/gnbram.gnative_mem_map_bmg.native_mem_map_blk_mem_gen/valid.cstr/ramloop[2].ram.r/prim_noinit.ram/DEVICE_7SERIES.WITH_BMM_INFO.TRUE_DP.SIMPLE_PRIM36.TDP_SP36_NO_ECC_ATTR.ram
  -------------------------------------------------------------------
                         required time                          8.330    
                         arrival time                          -6.761    
  -------------------------------------------------------------------
                         slack                                  1.569    

Slack (MET) :             1.583ns  (required time - arrival time)
  Source:                 design_1_i/microblaze_0/U0/MicroBlaze_Core_I/Performance.Core/Data_Flow_I/Operand_Select_I/EX_Branch_CMP_Op1_reg[24]/C
                            (rising edge-triggered cell FDRE clocked by clk_out1_design_1_clk_wiz_1_0  {rise@0.000ns fall@5.000ns period=10.000ns})
  Destination:            design_1_i/microblaze_0_local_memory/lmb_bram/U0/inst_blk_mem_gen/gnbram.gnative_mem_map_bmg.native_mem_map_blk_mem_gen/valid.cstr/ramloop[0].ram.r/prim_noinit.ram/DEVICE_7SERIES.WITH_BMM_INFO.TRUE_DP.SIMPLE_PRIM36.TDP_SP36_NO_ECC_ATTR.ram/ADDRBWRADDR[6]
                            (rising edge-triggered cell RAMB36E1 clocked by clk_out1_design_1_clk_wiz_1_0_1  {rise@0.000ns fall@5.000ns period=10.000ns})
  Path Group:             clk_out1_design_1_clk_wiz_1_0_1
  Path Type:              Setup (Max at Slow Process Corner)
  Requirement:            10.000ns  (clk_out1_design_1_clk_wiz_1_0_1 rise@10.000ns - clk_out1_design_1_clk_wiz_1_0 rise@0.000ns)
  Data Path Delay:        7.495ns  (logic 2.054ns (27.404%)  route 5.441ns (72.596%))
  Logic Levels:           5  (CARRY4=3 LUT3=1 LUT6=1)
  Clock Path Skew:        -0.073ns (DCD - SCD + CPR)
    Destination Clock Delay (DCD):    -1.512ns = ( 8.488 - 10.000 ) 
    Source Clock Delay      (SCD):    -0.956ns
    Clock Pessimism Removal (CPR):    0.484ns
  Clock Uncertainty:      0.074ns  ((TSJ^2 + DJ^2)^1/2) / 2 + PE
    Total System Jitter     (TSJ):    0.071ns
    Discrete Jitter          (DJ):    0.131ns
    Phase Error              (PE):    0.000ns
  Clock Domain Crossing:  Inter clock paths are considered valid unless explicitly excluded by timing constraints such as set_clock_groups or set_false_path.

    Location             Delay type                Incr(ns)  Path(ns)    Netlist Resource(s)
  -------------------------------------------------------------------    -------------------
                         (clock clk_out1_design_1_clk_wiz_1_0 rise edge)
                                                      0.000     0.000 r  
    W5                                                0.000     0.000 r  sys_clock (IN)
                         net (fo=0)                   0.000     0.000    design_1_i/clk_wiz_1/inst/clk_in1
    W5                   IBUF (Prop_ibuf_I_O)         1.458     1.458 r  design_1_i/clk_wiz_1/inst/clkin1_ibufg/O
                         net (fo=1, routed)           1.233     2.691    design_1_i/clk_wiz_1/inst/clk_in1_design_1_clk_wiz_1_0
    MMCME2_ADV_X1Y0      MMCME2_ADV (Prop_mmcme2_adv_CLKIN1_CLKOUT0)
                                                     -6.961    -4.269 r  design_1_i/clk_wiz_1/inst/mmcm_adv_inst/CLKOUT0
                         net (fo=1, routed)           1.661    -2.608    design_1_i/clk_wiz_1/inst/clk_out1_design_1_clk_wiz_1_0
    BUFGCTRL_X0Y0        BUFG (Prop_bufg_I_O)         0.096    -2.512 r  design_1_i/clk_wiz_1/inst/clkout1_buf/O
                         net (fo=1479, routed)        1.556    -0.956    design_1_i/microblaze_0/U0/MicroBlaze_Core_I/Performance.Core/Data_Flow_I/Operand_Select_I/Clk
    SLICE_X49Y21         FDRE                                         r  design_1_i/microblaze_0/U0/MicroBlaze_Core_I/Performance.Core/Data_Flow_I/Operand_Select_I/EX_Branch_CMP_Op1_reg[24]/C
  -------------------------------------------------------------------    -------------------
    SLICE_X49Y21         FDRE (Prop_fdre_C_Q)         0.419    -0.537 f  design_1_i/microblaze_0/U0/MicroBlaze_Core_I/Performance.Core/Data_Flow_I/Operand_Select_I/EX_Branch_CMP_Op1_reg[24]/Q
                         net (fo=1, routed)           1.283     0.747    design_1_i/microblaze_0/U0/MicroBlaze_Core_I/Performance.Core/Data_Flow_I/Zero_Detect_I/Q[5]
    SLICE_X47Y26         LUT6 (Prop_lut6_I1_O)        0.299     1.046 r  design_1_i/microblaze_0/U0/MicroBlaze_Core_I/Performance.Core/Data_Flow_I/Zero_Detect_I/S0_inferred__0/i_/O
                         net (fo=1, routed)           0.000     1.046    design_1_i/microblaze_0/U0/MicroBlaze_Core_I/Performance.Core/Data_Flow_I/Zero_Detect_I/Zero_Detecting[3].I_Part_Of_Zero_Detect/lopt_2
    SLICE_X47Y26         CARRY4 (Prop_carry4_S[1]_CO[3])
                                                      0.550     1.596 r  design_1_i/microblaze_0/U0/MicroBlaze_Core_I/Performance.Core/Data_Flow_I/Zero_Detect_I/Zero_Detecting[3].I_Part_Of_Zero_Detect/Using_FPGA.Native_CARRY4/CO[3]
                         net (fo=1, routed)           0.000     1.596    design_1_i/microblaze_0/U0/MicroBlaze_Core_I/Performance.Core/Decode_I/jump_logic_I1/MUXCY_JUMP_CARRY2/jump_carry1
    SLICE_X47Y27         CARRY4 (Prop_carry4_CI_CO[3])
                                                      0.114     1.710 r  design_1_i/microblaze_0/U0/MicroBlaze_Core_I/Performance.Core/Decode_I/jump_logic_I1/MUXCY_JUMP_CARRY2/Using_FPGA.Native_CARRY4/CO[3]
                         net (fo=1, routed)           0.000     1.710    design_1_i/microblaze_0/U0/MicroBlaze_Core_I/Performance.Core/Decode_I/jump_logic_I1/MUXCY_JUMP_CARRY6/jump_carry5
    SLICE_X47Y28         CARRY4 (Prop_carry4_CI_CO[0])
                                                      0.271     1.981 r  design_1_i/microblaze_0/U0/MicroBlaze_Core_I/Performance.Core/Decode_I/jump_logic_I1/MUXCY_JUMP_CARRY6/Using_FPGA.Native_CARRY4/CO[0]
                         net (fo=46, routed)          1.359     3.340    design_1_i/microblaze_0/U0/MicroBlaze_Core_I/Performance.Core/Decode_I/jump_logic_I1/MUXCY_JUMP_CARRY6/in0
    SLICE_X51Y21         LUT3 (Prop_lut3_I1_O)        0.401     3.741 r  design_1_i/microblaze_0/U0/MicroBlaze_Core_I/Performance.Core/Decode_I/jump_logic_I1/MUXCY_JUMP_CARRY6/Instr_Addr[23]_INST_0/O
                         net (fo=33, routed)          2.799     6.540    design_1_i/microblaze_0_local_memory/lmb_bram/U0/inst_blk_mem_gen/gnbram.gnative_mem_map_bmg.native_mem_map_blk_mem_gen/valid.cstr/ramloop[0].ram.r/prim_noinit.ram/addrb[6]
    RAMB36_X0Y10         RAMB36E1                                     r  design_1_i/microblaze_0_local_memory/lmb_bram/U0/inst_blk_mem_gen/gnbram.gnative_mem_map_bmg.native_mem_map_blk_mem_gen/valid.cstr/ramloop[0].ram.r/prim_noinit.ram/DEVICE_7SERIES.WITH_BMM_INFO.TRUE_DP.SIMPLE_PRIM36.TDP_SP36_NO_ECC_ATTR.ram/ADDRBWRADDR[6]
  -------------------------------------------------------------------    -------------------

                         (clock clk_out1_design_1_clk_wiz_1_0_1 rise edge)
                                                     10.000    10.000 r  
    W5                                                0.000    10.000 r  sys_clock (IN)
                         net (fo=0)                   0.000    10.000    design_1_i/clk_wiz_1/inst/clk_in1
    W5                   IBUF (Prop_ibuf_I_O)         1.388    11.388 r  design_1_i/clk_wiz_1/inst/clkin1_ibufg/O
                         net (fo=1, routed)           1.162    12.550    design_1_i/clk_wiz_1/inst/clk_in1_design_1_clk_wiz_1_0
    MMCME2_ADV_X1Y0      MMCME2_ADV (Prop_mmcme2_adv_CLKIN1_CLKOUT0)
                                                     -7.217     5.332 r  design_1_i/clk_wiz_1/inst/mmcm_adv_inst/CLKOUT0
                         net (fo=1, routed)           1.581     6.914    design_1_i/clk_wiz_1/inst/clk_out1_design_1_clk_wiz_1_0
    BUFGCTRL_X0Y0        BUFG (Prop_bufg_I_O)         0.091     7.005 r  design_1_i/clk_wiz_1/inst/clkout1_buf/O
                         net (fo=1479, routed)        1.483     8.488    design_1_i/microblaze_0_local_memory/lmb_bram/U0/inst_blk_mem_gen/gnbram.gnative_mem_map_bmg.native_mem_map_blk_mem_gen/valid.cstr/ramloop[0].ram.r/prim_noinit.ram/clkb
    RAMB36_X0Y10         RAMB36E1                                     r  design_1_i/microblaze_0_local_memory/lmb_bram/U0/inst_blk_mem_gen/gnbram.gnative_mem_map_bmg.native_mem_map_blk_mem_gen/valid.cstr/ramloop[0].ram.r/prim_noinit.ram/DEVICE_7SERIES.WITH_BMM_INFO.TRUE_DP.SIMPLE_PRIM36.TDP_SP36_NO_ECC_ATTR.ram/CLKBWRCLK
                         clock pessimism              0.484     8.971    
                         clock uncertainty           -0.074     8.897    
    RAMB36_X0Y10         RAMB36E1 (Setup_ramb36e1_CLKBWRCLK_ADDRBWRADDR[6])
                                                     -0.774     8.123    design_1_i/microblaze_0_local_memory/lmb_bram/U0/inst_blk_mem_gen/gnbram.gnative_mem_map_bmg.native_mem_map_blk_mem_gen/valid.cstr/ramloop[0].ram.r/prim_noinit.ram/DEVICE_7SERIES.WITH_BMM_INFO.TRUE_DP.SIMPLE_PRIM36.TDP_SP36_NO_ECC_ATTR.ram
  -------------------------------------------------------------------
                         required time                          8.123    
                         arrival time                          -6.540    
  -------------------------------------------------------------------
                         slack                                  1.583    

Slack (MET) :             1.600ns  (required time - arrival time)
  Source:                 design_1_i/microblaze_0/U0/MicroBlaze_Core_I/Performance.Core/Data_Flow_I/Operand_Select_I/EX_Branch_CMP_Op1_reg[24]/C
                            (rising edge-triggered cell FDRE clocked by clk_out1_design_1_clk_wiz_1_0  {rise@0.000ns fall@5.000ns period=10.000ns})
  Destination:            design_1_i/microblaze_0_local_memory/lmb_bram/U0/inst_blk_mem_gen/gnbram.gnative_mem_map_bmg.native_mem_map_blk_mem_gen/valid.cstr/ramloop[7].ram.r/prim_noinit.ram/DEVICE_7SERIES.WITH_BMM_INFO.TRUE_DP.SIMPLE_PRIM36.TDP_SP36_NO_ECC_ATTR.ram/ADDRBWRADDR[6]
                            (rising edge-triggered cell RAMB36E1 clocked by clk_out1_design_1_clk_wiz_1_0_1  {rise@0.000ns fall@5.000ns period=10.000ns})
  Path Group:             clk_out1_design_1_clk_wiz_1_0_1
  Path Type:              Setup (Max at Slow Process Corner)
  Requirement:            10.000ns  (clk_out1_design_1_clk_wiz_1_0_1 rise@10.000ns - clk_out1_design_1_clk_wiz_1_0 rise@0.000ns)
  Data Path Delay:        7.495ns  (logic 2.054ns (27.404%)  route 5.441ns (72.596%))
  Logic Levels:           5  (CARRY4=3 LUT3=1 LUT6=1)
  Clock Path Skew:        -0.057ns (DCD - SCD + CPR)
    Destination Clock Delay (DCD):    -1.504ns = ( 8.496 - 10.000 ) 
    Source Clock Delay      (SCD):    -0.956ns
    Clock Pessimism Removal (CPR):    0.492ns
  Clock Uncertainty:      0.074ns  ((TSJ^2 + DJ^2)^1/2) / 2 + PE
    Total System Jitter     (TSJ):    0.071ns
    Discrete Jitter          (DJ):    0.131ns
    Phase Error              (PE):    0.000ns
  Clock Domain Crossing:  Inter clock paths are considered valid unless explicitly excluded by timing constraints such as set_clock_groups or set_false_path.

    Location             Delay type                Incr(ns)  Path(ns)    Netlist Resource(s)
  -------------------------------------------------------------------    -------------------
                         (clock clk_out1_design_1_clk_wiz_1_0 rise edge)
                                                      0.000     0.000 r  
    W5                                                0.000     0.000 r  sys_clock (IN)
                         net (fo=0)                   0.000     0.000    design_1_i/clk_wiz_1/inst/clk_in1
    W5                   IBUF (Prop_ibuf_I_O)         1.458     1.458 r  design_1_i/clk_wiz_1/inst/clkin1_ibufg/O
                         net (fo=1, routed)           1.233     2.691    design_1_i/clk_wiz_1/inst/clk_in1_design_1_clk_wiz_1_0
    MMCME2_ADV_X1Y0      MMCME2_ADV (Prop_mmcme2_adv_CLKIN1_CLKOUT0)
                                                     -6.961    -4.269 r  design_1_i/clk_wiz_1/inst/mmcm_adv_inst/CLKOUT0
                         net (fo=1, routed)           1.661    -2.608    design_1_i/clk_wiz_1/inst/clk_out1_design_1_clk_wiz_1_0
    BUFGCTRL_X0Y0        BUFG (Prop_bufg_I_O)         0.096    -2.512 r  design_1_i/clk_wiz_1/inst/clkout1_buf/O
                         net (fo=1479, routed)        1.556    -0.956    design_1_i/microblaze_0/U0/MicroBlaze_Core_I/Performance.Core/Data_Flow_I/Operand_Select_I/Clk
    SLICE_X49Y21         FDRE                                         r  design_1_i/microblaze_0/U0/MicroBlaze_Core_I/Performance.Core/Data_Flow_I/Operand_Select_I/EX_Branch_CMP_Op1_reg[24]/C
  -------------------------------------------------------------------    -------------------
    SLICE_X49Y21         FDRE (Prop_fdre_C_Q)         0.419    -0.537 f  design_1_i/microblaze_0/U0/MicroBlaze_Core_I/Performance.Core/Data_Flow_I/Operand_Select_I/EX_Branch_CMP_Op1_reg[24]/Q
                         net (fo=1, routed)           1.283     0.747    design_1_i/microblaze_0/U0/MicroBlaze_Core_I/Performance.Core/Data_Flow_I/Zero_Detect_I/Q[5]
    SLICE_X47Y26         LUT6 (Prop_lut6_I1_O)        0.299     1.046 r  design_1_i/microblaze_0/U0/MicroBlaze_Core_I/Performance.Core/Data_Flow_I/Zero_Detect_I/S0_inferred__0/i_/O
                         net (fo=1, routed)           0.000     1.046    design_1_i/microblaze_0/U0/MicroBlaze_Core_I/Performance.Core/Data_Flow_I/Zero_Detect_I/Zero_Detecting[3].I_Part_Of_Zero_Detect/lopt_2
    SLICE_X47Y26         CARRY4 (Prop_carry4_S[1]_CO[3])
                                                      0.550     1.596 r  design_1_i/microblaze_0/U0/MicroBlaze_Core_I/Performance.Core/Data_Flow_I/Zero_Detect_I/Zero_Detecting[3].I_Part_Of_Zero_Detect/Using_FPGA.Native_CARRY4/CO[3]
                         net (fo=1, routed)           0.000     1.596    design_1_i/microblaze_0/U0/MicroBlaze_Core_I/Performance.Core/Decode_I/jump_logic_I1/MUXCY_JUMP_CARRY2/jump_carry1
    SLICE_X47Y27         CARRY4 (Prop_carry4_CI_CO[3])
                                                      0.114     1.710 r  design_1_i/microblaze_0/U0/MicroBlaze_Core_I/Performance.Core/Decode_I/jump_logic_I1/MUXCY_JUMP_CARRY2/Using_FPGA.Native_CARRY4/CO[3]
                         net (fo=1, routed)           0.000     1.710    design_1_i/microblaze_0/U0/MicroBlaze_Core_I/Performance.Core/Decode_I/jump_logic_I1/MUXCY_JUMP_CARRY6/jump_carry5
    SLICE_X47Y28         CARRY4 (Prop_carry4_CI_CO[0])
                                                      0.271     1.981 r  design_1_i/microblaze_0/U0/MicroBlaze_Core_I/Performance.Core/Decode_I/jump_logic_I1/MUXCY_JUMP_CARRY6/Using_FPGA.Native_CARRY4/CO[0]
                         net (fo=46, routed)          1.359     3.340    design_1_i/microblaze_0/U0/MicroBlaze_Core_I/Performance.Core/Decode_I/jump_logic_I1/MUXCY_JUMP_CARRY6/in0
    SLICE_X51Y21         LUT3 (Prop_lut3_I1_O)        0.401     3.741 r  design_1_i/microblaze_0/U0/MicroBlaze_Core_I/Performance.Core/Decode_I/jump_logic_I1/MUXCY_JUMP_CARRY6/Instr_Addr[23]_INST_0/O
                         net (fo=33, routed)          2.799     6.540    design_1_i/microblaze_0_local_memory/lmb_bram/U0/inst_blk_mem_gen/gnbram.gnative_mem_map_bmg.native_mem_map_blk_mem_gen/valid.cstr/ramloop[7].ram.r/prim_noinit.ram/addrb[6]
    RAMB36_X0Y8          RAMB36E1                                     r  design_1_i/microblaze_0_local_memory/lmb_bram/U0/inst_blk_mem_gen/gnbram.gnative_mem_map_bmg.native_mem_map_blk_mem_gen/valid.cstr/ramloop[7].ram.r/prim_noinit.ram/DEVICE_7SERIES.WITH_BMM_INFO.TRUE_DP.SIMPLE_PRIM36.TDP_SP36_NO_ECC_ATTR.ram/ADDRBWRADDR[6]
  -------------------------------------------------------------------    -------------------

                         (clock clk_out1_design_1_clk_wiz_1_0_1 rise edge)
                                                     10.000    10.000 r  
    W5                                                0.000    10.000 r  sys_clock (IN)
                         net (fo=0)                   0.000    10.000    design_1_i/clk_wiz_1/inst/clk_in1
    W5                   IBUF (Prop_ibuf_I_O)         1.388    11.388 r  design_1_i/clk_wiz_1/inst/clkin1_ibufg/O
                         net (fo=1, routed)           1.162    12.550    design_1_i/clk_wiz_1/inst/clk_in1_design_1_clk_wiz_1_0
    MMCME2_ADV_X1Y0      MMCME2_ADV (Prop_mmcme2_adv_CLKIN1_CLKOUT0)
                                                     -7.217     5.332 r  design_1_i/clk_wiz_1/inst/mmcm_adv_inst/CLKOUT0
                         net (fo=1, routed)           1.581     6.914    design_1_i/clk_wiz_1/inst/clk_out1_design_1_clk_wiz_1_0
    BUFGCTRL_X0Y0        BUFG (Prop_bufg_I_O)         0.091     7.005 r  design_1_i/clk_wiz_1/inst/clkout1_buf/O
                         net (fo=1479, routed)        1.492     8.496    design_1_i/microblaze_0_local_memory/lmb_bram/U0/inst_blk_mem_gen/gnbram.gnative_mem_map_bmg.native_mem_map_blk_mem_gen/valid.cstr/ramloop[7].ram.r/prim_noinit.ram/clkb
    RAMB36_X0Y8          RAMB36E1                                     r  design_1_i/microblaze_0_local_memory/lmb_bram/U0/inst_blk_mem_gen/gnbram.gnative_mem_map_bmg.native_mem_map_blk_mem_gen/valid.cstr/ramloop[7].ram.r/prim_noinit.ram/DEVICE_7SERIES.WITH_BMM_INFO.TRUE_DP.SIMPLE_PRIM36.TDP_SP36_NO_ECC_ATTR.ram/CLKBWRCLK
                         clock pessimism              0.492     8.988    
                         clock uncertainty           -0.074     8.914    
    RAMB36_X0Y8          RAMB36E1 (Setup_ramb36e1_CLKBWRCLK_ADDRBWRADDR[6])
                                                     -0.774     8.140    design_1_i/microblaze_0_local_memory/lmb_bram/U0/inst_blk_mem_gen/gnbram.gnative_mem_map_bmg.native_mem_map_blk_mem_gen/valid.cstr/ramloop[7].ram.r/prim_noinit.ram/DEVICE_7SERIES.WITH_BMM_INFO.TRUE_DP.SIMPLE_PRIM36.TDP_SP36_NO_ECC_ATTR.ram
  -------------------------------------------------------------------
                         required time                          8.140    
                         arrival time                          -6.540    
  -------------------------------------------------------------------
                         slack                                  1.600    

Slack (MET) :             1.604ns  (required time - arrival time)
  Source:                 design_1_i/microblaze_0/U0/MicroBlaze_Core_I/Performance.Core/Data_Flow_I/Operand_Select_I/EX_Branch_CMP_Op1_reg[24]/C
                            (rising edge-triggered cell FDRE clocked by clk_out1_design_1_clk_wiz_1_0  {rise@0.000ns fall@5.000ns period=10.000ns})
  Destination:            design_1_i/microblaze_0_local_memory/lmb_bram/U0/inst_blk_mem_gen/gnbram.gnative_mem_map_bmg.native_mem_map_blk_mem_gen/valid.cstr/ramloop[0].ram.r/prim_noinit.ram/DEVICE_7SERIES.WITH_BMM_INFO.TRUE_DP.SIMPLE_PRIM36.TDP_SP36_NO_ECC_ATTR.ram/ADDRBWRADDR[0]
                            (rising edge-triggered cell RAMB36E1 clocked by clk_out1_design_1_clk_wiz_1_0_1  {rise@0.000ns fall@5.000ns period=10.000ns})
  Path Group:             clk_out1_design_1_clk_wiz_1_0_1
  Path Type:              Setup (Max at Slow Process Corner)
  Requirement:            10.000ns  (clk_out1_design_1_clk_wiz_1_0_1 rise@10.000ns - clk_out1_design_1_clk_wiz_1_0 rise@0.000ns)
  Data Path Delay:        7.475ns  (logic 2.054ns (27.479%)  route 5.421ns (72.521%))
  Logic Levels:           5  (CARRY4=3 LUT3=1 LUT6=1)
  Clock Path Skew:        -0.073ns (DCD - SCD + CPR)
    Destination Clock Delay (DCD):    -1.512ns = ( 8.488 - 10.000 ) 
    Source Clock Delay      (SCD):    -0.956ns
    Clock Pessimism Removal (CPR):    0.484ns
  Clock Uncertainty:      0.074ns  ((TSJ^2 + DJ^2)^1/2) / 2 + PE
    Total System Jitter     (TSJ):    0.071ns
    Discrete Jitter          (DJ):    0.131ns
    Phase Error              (PE):    0.000ns
  Clock Domain Crossing:  Inter clock paths are considered valid unless explicitly excluded by timing constraints such as set_clock_groups or set_false_path.

    Location             Delay type                Incr(ns)  Path(ns)    Netlist Resource(s)
  -------------------------------------------------------------------    -------------------
                         (clock clk_out1_design_1_clk_wiz_1_0 rise edge)
                                                      0.000     0.000 r  
    W5                                                0.000     0.000 r  sys_clock (IN)
                         net (fo=0)                   0.000     0.000    design_1_i/clk_wiz_1/inst/clk_in1
    W5                   IBUF (Prop_ibuf_I_O)         1.458     1.458 r  design_1_i/clk_wiz_1/inst/clkin1_ibufg/O
                         net (fo=1, routed)           1.233     2.691    design_1_i/clk_wiz_1/inst/clk_in1_design_1_clk_wiz_1_0
    MMCME2_ADV_X1Y0      MMCME2_ADV (Prop_mmcme2_adv_CLKIN1_CLKOUT0)
                                                     -6.961    -4.269 r  design_1_i/clk_wiz_1/inst/mmcm_adv_inst/CLKOUT0
                         net (fo=1, routed)           1.661    -2.608    design_1_i/clk_wiz_1/inst/clk_out1_design_1_clk_wiz_1_0
    BUFGCTRL_X0Y0        BUFG (Prop_bufg_I_O)         0.096    -2.512 r  design_1_i/clk_wiz_1/inst/clkout1_buf/O
                         net (fo=1479, routed)        1.556    -0.956    design_1_i/microblaze_0/U0/MicroBlaze_Core_I/Performance.Core/Data_Flow_I/Operand_Select_I/Clk
    SLICE_X49Y21         FDRE                                         r  design_1_i/microblaze_0/U0/MicroBlaze_Core_I/Performance.Core/Data_Flow_I/Operand_Select_I/EX_Branch_CMP_Op1_reg[24]/C
  -------------------------------------------------------------------    -------------------
    SLICE_X49Y21         FDRE (Prop_fdre_C_Q)         0.419    -0.537 f  design_1_i/microblaze_0/U0/MicroBlaze_Core_I/Performance.Core/Data_Flow_I/Operand_Select_I/EX_Branch_CMP_Op1_reg[24]/Q
                         net (fo=1, routed)           1.283     0.747    design_1_i/microblaze_0/U0/MicroBlaze_Core_I/Performance.Core/Data_Flow_I/Zero_Detect_I/Q[5]
    SLICE_X47Y26         LUT6 (Prop_lut6_I1_O)        0.299     1.046 r  design_1_i/microblaze_0/U0/MicroBlaze_Core_I/Performance.Core/Data_Flow_I/Zero_Detect_I/S0_inferred__0/i_/O
                         net (fo=1, routed)           0.000     1.046    design_1_i/microblaze_0/U0/MicroBlaze_Core_I/Performance.Core/Data_Flow_I/Zero_Detect_I/Zero_Detecting[3].I_Part_Of_Zero_Detect/lopt_2
    SLICE_X47Y26         CARRY4 (Prop_carry4_S[1]_CO[3])
                                                      0.550     1.596 r  design_1_i/microblaze_0/U0/MicroBlaze_Core_I/Performance.Core/Data_Flow_I/Zero_Detect_I/Zero_Detecting[3].I_Part_Of_Zero_Detect/Using_FPGA.Native_CARRY4/CO[3]
                         net (fo=1, routed)           0.000     1.596    design_1_i/microblaze_0/U0/MicroBlaze_Core_I/Performance.Core/Decode_I/jump_logic_I1/MUXCY_JUMP_CARRY2/jump_carry1
    SLICE_X47Y27         CARRY4 (Prop_carry4_CI_CO[3])
                                                      0.114     1.710 r  design_1_i/microblaze_0/U0/MicroBlaze_Core_I/Performance.Core/Decode_I/jump_logic_I1/MUXCY_JUMP_CARRY2/Using_FPGA.Native_CARRY4/CO[3]
                         net (fo=1, routed)           0.000     1.710    design_1_i/microblaze_0/U0/MicroBlaze_Core_I/Performance.Core/Decode_I/jump_logic_I1/MUXCY_JUMP_CARRY6/jump_carry5
    SLICE_X47Y28         CARRY4 (Prop_carry4_CI_CO[0])
                                                      0.271     1.981 r  design_1_i/microblaze_0/U0/MicroBlaze_Core_I/Performance.Core/Decode_I/jump_logic_I1/MUXCY_JUMP_CARRY6/Using_FPGA.Native_CARRY4/CO[0]
                         net (fo=46, routed)          1.305     3.286    design_1_i/microblaze_0/U0/MicroBlaze_Core_I/Performance.Core/Decode_I/jump_logic_I1/MUXCY_JUMP_CARRY6/in0
    SLICE_X51Y19         LUT3 (Prop_lut3_I1_O)        0.401     3.687 r  design_1_i/microblaze_0/U0/MicroBlaze_Core_I/Performance.Core/Decode_I/jump_logic_I1/MUXCY_JUMP_CARRY6/Instr_Addr[29]_INST_0/O
                         net (fo=33, routed)          2.832     6.519    design_1_i/microblaze_0_local_memory/lmb_bram/U0/inst_blk_mem_gen/gnbram.gnative_mem_map_bmg.native_mem_map_blk_mem_gen/valid.cstr/ramloop[0].ram.r/prim_noinit.ram/addrb[0]
    RAMB36_X0Y10         RAMB36E1                                     r  design_1_i/microblaze_0_local_memory/lmb_bram/U0/inst_blk_mem_gen/gnbram.gnative_mem_map_bmg.native_mem_map_blk_mem_gen/valid.cstr/ramloop[0].ram.r/prim_noinit.ram/DEVICE_7SERIES.WITH_BMM_INFO.TRUE_DP.SIMPLE_PRIM36.TDP_SP36_NO_ECC_ATTR.ram/ADDRBWRADDR[0]
  -------------------------------------------------------------------    -------------------

                         (clock clk_out1_design_1_clk_wiz_1_0_1 rise edge)
                                                     10.000    10.000 r  
    W5                                                0.000    10.000 r  sys_clock (IN)
                         net (fo=0)                   0.000    10.000    design_1_i/clk_wiz_1/inst/clk_in1
    W5                   IBUF (Prop_ibuf_I_O)         1.388    11.388 r  design_1_i/clk_wiz_1/inst/clkin1_ibufg/O
                         net (fo=1, routed)           1.162    12.550    design_1_i/clk_wiz_1/inst/clk_in1_design_1_clk_wiz_1_0
    MMCME2_ADV_X1Y0      MMCME2_ADV (Prop_mmcme2_adv_CLKIN1_CLKOUT0)
                                                     -7.217     5.332 r  design_1_i/clk_wiz_1/inst/mmcm_adv_inst/CLKOUT0
                         net (fo=1, routed)           1.581     6.914    design_1_i/clk_wiz_1/inst/clk_out1_design_1_clk_wiz_1_0
    BUFGCTRL_X0Y0        BUFG (Prop_bufg_I_O)         0.091     7.005 r  design_1_i/clk_wiz_1/inst/clkout1_buf/O
                         net (fo=1479, routed)        1.483     8.488    design_1_i/microblaze_0_local_memory/lmb_bram/U0/inst_blk_mem_gen/gnbram.gnative_mem_map_bmg.native_mem_map_blk_mem_gen/valid.cstr/ramloop[0].ram.r/prim_noinit.ram/clkb
    RAMB36_X0Y10         RAMB36E1                                     r  design_1_i/microblaze_0_local_memory/lmb_bram/U0/inst_blk_mem_gen/gnbram.gnative_mem_map_bmg.native_mem_map_blk_mem_gen/valid.cstr/ramloop[0].ram.r/prim_noinit.ram/DEVICE_7SERIES.WITH_BMM_INFO.TRUE_DP.SIMPLE_PRIM36.TDP_SP36_NO_ECC_ATTR.ram/CLKBWRCLK
                         clock pessimism              0.484     8.971    
                         clock uncertainty           -0.074     8.897    
    RAMB36_X0Y10         RAMB36E1 (Setup_ramb36e1_CLKBWRCLK_ADDRBWRADDR[0])
                                                     -0.774     8.123    design_1_i/microblaze_0_local_memory/lmb_bram/U0/inst_blk_mem_gen/gnbram.gnative_mem_map_bmg.native_mem_map_blk_mem_gen/valid.cstr/ramloop[0].ram.r/prim_noinit.ram/DEVICE_7SERIES.WITH_BMM_INFO.TRUE_DP.SIMPLE_PRIM36.TDP_SP36_NO_ECC_ATTR.ram
  -------------------------------------------------------------------
                         required time                          8.123    
                         arrival time                          -6.519    
  -------------------------------------------------------------------
                         slack                                  1.604    

Slack (MET) :             1.640ns  (required time - arrival time)
  Source:                 design_1_i/microblaze_0/U0/MicroBlaze_Core_I/Performance.Core/Data_Flow_I/Operand_Select_I/EX_Branch_CMP_Op1_reg[24]/C
                            (rising edge-triggered cell FDRE clocked by clk_out1_design_1_clk_wiz_1_0  {rise@0.000ns fall@5.000ns period=10.000ns})
  Destination:            design_1_i/microblaze_0_local_memory/lmb_bram/U0/inst_blk_mem_gen/gnbram.gnative_mem_map_bmg.native_mem_map_blk_mem_gen/valid.cstr/ramloop[26].ram.r/prim_noinit.ram/DEVICE_7SERIES.WITH_BMM_INFO.TRUE_DP.SIMPLE_PRIM36.TDP_SP36_NO_ECC_ATTR.ram/ADDRBWRADDR[12]
                            (rising edge-triggered cell RAMB36E1 clocked by clk_out1_design_1_clk_wiz_1_0_1  {rise@0.000ns fall@5.000ns period=10.000ns})
  Path Group:             clk_out1_design_1_clk_wiz_1_0_1
  Path Type:              Setup (Max at Slow Process Corner)
  Requirement:            10.000ns  (clk_out1_design_1_clk_wiz_1_0_1 rise@10.000ns - clk_out1_design_1_clk_wiz_1_0 rise@0.000ns)
  Data Path Delay:        7.456ns  (logic 2.051ns (27.508%)  route 5.405ns (72.492%))
  Logic Levels:           5  (CARRY4=3 LUT3=1 LUT6=1)
  Clock Path Skew:        -0.056ns (DCD - SCD + CPR)
    Destination Clock Delay (DCD):    -1.503ns = ( 8.497 - 10.000 ) 
    Source Clock Delay      (SCD):    -0.956ns
    Clock Pessimism Removal (CPR):    0.492ns
  Clock Uncertainty:      0.074ns  ((TSJ^2 + DJ^2)^1/2) / 2 + PE
    Total System Jitter     (TSJ):    0.071ns
    Discrete Jitter          (DJ):    0.131ns
    Phase Error              (PE):    0.000ns
  Clock Domain Crossing:  Inter clock paths are considered valid unless explicitly excluded by timing constraints such as set_clock_groups or set_false_path.

    Location             Delay type                Incr(ns)  Path(ns)    Netlist Resource(s)
  -------------------------------------------------------------------    -------------------
                         (clock clk_out1_design_1_clk_wiz_1_0 rise edge)
                                                      0.000     0.000 r  
    W5                                                0.000     0.000 r  sys_clock (IN)
                         net (fo=0)                   0.000     0.000    design_1_i/clk_wiz_1/inst/clk_in1
    W5                   IBUF (Prop_ibuf_I_O)         1.458     1.458 r  design_1_i/clk_wiz_1/inst/clkin1_ibufg/O
                         net (fo=1, routed)           1.233     2.691    design_1_i/clk_wiz_1/inst/clk_in1_design_1_clk_wiz_1_0
    MMCME2_ADV_X1Y0      MMCME2_ADV (Prop_mmcme2_adv_CLKIN1_CLKOUT0)
                                                     -6.961    -4.269 r  design_1_i/clk_wiz_1/inst/mmcm_adv_inst/CLKOUT0
                         net (fo=1, routed)           1.661    -2.608    design_1_i/clk_wiz_1/inst/clk_out1_design_1_clk_wiz_1_0
    BUFGCTRL_X0Y0        BUFG (Prop_bufg_I_O)         0.096    -2.512 r  design_1_i/clk_wiz_1/inst/clkout1_buf/O
                         net (fo=1479, routed)        1.556    -0.956    design_1_i/microblaze_0/U0/MicroBlaze_Core_I/Performance.Core/Data_Flow_I/Operand_Select_I/Clk
    SLICE_X49Y21         FDRE                                         r  design_1_i/microblaze_0/U0/MicroBlaze_Core_I/Performance.Core/Data_Flow_I/Operand_Select_I/EX_Branch_CMP_Op1_reg[24]/C
  -------------------------------------------------------------------    -------------------
    SLICE_X49Y21         FDRE (Prop_fdre_C_Q)         0.419    -0.537 f  design_1_i/microblaze_0/U0/MicroBlaze_Core_I/Performance.Core/Data_Flow_I/Operand_Select_I/EX_Branch_CMP_Op1_reg[24]/Q
                         net (fo=1, routed)           1.283     0.747    design_1_i/microblaze_0/U0/MicroBlaze_Core_I/Performance.Core/Data_Flow_I/Zero_Detect_I/Q[5]
    SLICE_X47Y26         LUT6 (Prop_lut6_I1_O)        0.299     1.046 r  design_1_i/microblaze_0/U0/MicroBlaze_Core_I/Performance.Core/Data_Flow_I/Zero_Detect_I/S0_inferred__0/i_/O
                         net (fo=1, routed)           0.000     1.046    design_1_i/microblaze_0/U0/MicroBlaze_Core_I/Performance.Core/Data_Flow_I/Zero_Detect_I/Zero_Detecting[3].I_Part_Of_Zero_Detect/lopt_2
    SLICE_X47Y26         CARRY4 (Prop_carry4_S[1]_CO[3])
                                                      0.550     1.596 r  design_1_i/microblaze_0/U0/MicroBlaze_Core_I/Performance.Core/Data_Flow_I/Zero_Detect_I/Zero_Detecting[3].I_Part_Of_Zero_Detect/Using_FPGA.Native_CARRY4/CO[3]
                         net (fo=1, routed)           0.000     1.596    design_1_i/microblaze_0/U0/MicroBlaze_Core_I/Performance.Core/Decode_I/jump_logic_I1/MUXCY_JUMP_CARRY2/jump_carry1
    SLICE_X47Y27         CARRY4 (Prop_carry4_CI_CO[3])
                                                      0.114     1.710 r  design_1_i/microblaze_0/U0/MicroBlaze_Core_I/Performance.Core/Decode_I/jump_logic_I1/MUXCY_JUMP_CARRY2/Using_FPGA.Native_CARRY4/CO[3]
                         net (fo=1, routed)           0.000     1.710    design_1_i/microblaze_0/U0/MicroBlaze_Core_I/Performance.Core/Decode_I/jump_logic_I1/MUXCY_JUMP_CARRY6/jump_carry5
    SLICE_X47Y28         CARRY4 (Prop_carry4_CI_CO[0])
                                                      0.271     1.981 r  design_1_i/microblaze_0/U0/MicroBlaze_Core_I/Performance.Core/Decode_I/jump_logic_I1/MUXCY_JUMP_CARRY6/Using_FPGA.Native_CARRY4/CO[0]
                         net (fo=46, routed)          1.532     3.513    design_1_i/microblaze_0/U0/MicroBlaze_Core_I/Performance.Core/Decode_I/jump_logic_I1/MUXCY_JUMP_CARRY6/in0
    SLICE_X51Y23         LUT3 (Prop_lut3_I1_O)        0.398     3.911 r  design_1_i/microblaze_0/U0/MicroBlaze_Core_I/Performance.Core/Decode_I/jump_logic_I1/MUXCY_JUMP_CARRY6/Instr_Addr[17]_INST_0/O
                         net (fo=33, routed)          2.589     6.500    design_1_i/microblaze_0_local_memory/lmb_bram/U0/inst_blk_mem_gen/gnbram.gnative_mem_map_bmg.native_mem_map_blk_mem_gen/valid.cstr/ramloop[26].ram.r/prim_noinit.ram/addrb[12]
    RAMB36_X0Y9          RAMB36E1                                     r  design_1_i/microblaze_0_local_memory/lmb_bram/U0/inst_blk_mem_gen/gnbram.gnative_mem_map_bmg.native_mem_map_blk_mem_gen/valid.cstr/ramloop[26].ram.r/prim_noinit.ram/DEVICE_7SERIES.WITH_BMM_INFO.TRUE_DP.SIMPLE_PRIM36.TDP_SP36_NO_ECC_ATTR.ram/ADDRBWRADDR[12]
  -------------------------------------------------------------------    -------------------

                         (clock clk_out1_design_1_clk_wiz_1_0_1 rise edge)
                                                     10.000    10.000 r  
    W5                                                0.000    10.000 r  sys_clock (IN)
                         net (fo=0)                   0.000    10.000    design_1_i/clk_wiz_1/inst/clk_in1
    W5                   IBUF (Prop_ibuf_I_O)         1.388    11.388 r  design_1_i/clk_wiz_1/inst/clkin1_ibufg/O
                         net (fo=1, routed)           1.162    12.550    design_1_i/clk_wiz_1/inst/clk_in1_design_1_clk_wiz_1_0
    MMCME2_ADV_X1Y0      MMCME2_ADV (Prop_mmcme2_adv_CLKIN1_CLKOUT0)
                                                     -7.217     5.332 r  design_1_i/clk_wiz_1/inst/mmcm_adv_inst/CLKOUT0
                         net (fo=1, routed)           1.581     6.914    design_1_i/clk_wiz_1/inst/clk_out1_design_1_clk_wiz_1_0
    BUFGCTRL_X0Y0        BUFG (Prop_bufg_I_O)         0.091     7.005 r  design_1_i/clk_wiz_1/inst/clkout1_buf/O
                         net (fo=1479, routed)        1.493     8.497    design_1_i/microblaze_0_local_memory/lmb_bram/U0/inst_blk_mem_gen/gnbram.gnative_mem_map_bmg.native_mem_map_blk_mem_gen/valid.cstr/ramloop[26].ram.r/prim_noinit.ram/clkb
    RAMB36_X0Y9          RAMB36E1                                     r  design_1_i/microblaze_0_local_memory/lmb_bram/U0/inst_blk_mem_gen/gnbram.gnative_mem_map_bmg.native_mem_map_blk_mem_gen/valid.cstr/ramloop[26].ram.r/prim_noinit.ram/DEVICE_7SERIES.WITH_BMM_INFO.TRUE_DP.SIMPLE_PRIM36.TDP_SP36_NO_ECC_ATTR.ram/CLKBWRCLK
                         clock pessimism              0.492     8.989    
                         clock uncertainty           -0.074     8.915    
    RAMB36_X0Y9          RAMB36E1 (Setup_ramb36e1_CLKBWRCLK_ADDRBWRADDR[12])
                                                     -0.774     8.141    design_1_i/microblaze_0_local_memory/lmb_bram/U0/inst_blk_mem_gen/gnbram.gnative_mem_map_bmg.native_mem_map_blk_mem_gen/valid.cstr/ramloop[26].ram.r/prim_noinit.ram/DEVICE_7SERIES.WITH_BMM_INFO.TRUE_DP.SIMPLE_PRIM36.TDP_SP36_NO_ECC_ATTR.ram
  -------------------------------------------------------------------
                         required time                          8.141    
                         arrival time                          -6.500    
  -------------------------------------------------------------------
                         slack                                  1.640    





Min Delay Paths
--------------------------------------------------------------------------------------
Slack (MET) :             0.035ns  (arrival time - required time)
  Source:                 design_1_i/new_new_SPI_0/inst/new_new_SPI_v1_0_S00_AXI_inst/slv_reg0_reg[15]/C
                            (rising edge-triggered cell FDRE clocked by clk_out1_design_1_clk_wiz_1_0  {rise@0.000ns fall@5.000ns period=10.000ns})
  Destination:            design_1_i/new_new_SPI_0/inst/new_new_SPI_v1_0_S00_AXI_inst/axi_rdata_reg[15]/D
                            (rising edge-triggered cell FDRE clocked by clk_out1_design_1_clk_wiz_1_0_1  {rise@0.000ns fall@5.000ns period=10.000ns})
  Path Group:             clk_out1_design_1_clk_wiz_1_0_1
  Path Type:              Hold (Min at Fast Process Corner)
  Requirement:            0.000ns  (clk_out1_design_1_clk_wiz_1_0_1 rise@0.000ns - clk_out1_design_1_clk_wiz_1_0 rise@0.000ns)
  Data Path Delay:        0.242ns  (logic 0.186ns (76.827%)  route 0.056ns (23.173%))
  Logic Levels:           1  (LUT4=1)
  Clock Path Skew:        0.013ns (DCD - SCD - CPR)
    Destination Clock Delay (DCD):    -0.868ns
    Source Clock Delay      (SCD):    -0.626ns
    Clock Pessimism Removal (CPR):    -0.254ns
  Clock Uncertainty:      0.074ns  ((TSJ^2 + DJ^2)^1/2) / 2 + PE
    Total System Jitter     (TSJ):    0.071ns
    Discrete Jitter          (DJ):    0.131ns
    Phase Error              (PE):    0.000ns
  Clock Domain Crossing:  Inter clock paths are considered valid unless explicitly excluded by timing constraints such as set_clock_groups or set_false_path.

    Location             Delay type                Incr(ns)  Path(ns)    Netlist Resource(s)
  -------------------------------------------------------------------    -------------------
                         (clock clk_out1_design_1_clk_wiz_1_0 rise edge)
                                                      0.000     0.000 r  
    W5                                                0.000     0.000 r  sys_clock (IN)
                         net (fo=0)                   0.000     0.000    design_1_i/clk_wiz_1/inst/clk_in1
    W5                   IBUF (Prop_ibuf_I_O)         0.226     0.226 r  design_1_i/clk_wiz_1/inst/clkin1_ibufg/O
                         net (fo=1, routed)           0.440     0.667    design_1_i/clk_wiz_1/inst/clk_in1_design_1_clk_wiz_1_0
    MMCME2_ADV_X1Y0      MMCME2_ADV (Prop_mmcme2_adv_CLKIN1_CLKOUT0)
                                                     -2.360    -1.693 r  design_1_i/clk_wiz_1/inst/mmcm_adv_inst/CLKOUT0
                         net (fo=1, routed)           0.486    -1.207    design_1_i/clk_wiz_1/inst/clk_out1_design_1_clk_wiz_1_0
    BUFGCTRL_X0Y0        BUFG (Prop_bufg_I_O)         0.026    -1.181 r  design_1_i/clk_wiz_1/inst/clkout1_buf/O
                         net (fo=1479, routed)        0.555    -0.626    design_1_i/new_new_SPI_0/inst/new_new_SPI_v1_0_S00_AXI_inst/s00_axi_aclk
    SLICE_X31Y19         FDRE                                         r  design_1_i/new_new_SPI_0/inst/new_new_SPI_v1_0_S00_AXI_inst/slv_reg0_reg[15]/C
  -------------------------------------------------------------------    -------------------
    SLICE_X31Y19         FDRE (Prop_fdre_C_Q)         0.141    -0.485 r  design_1_i/new_new_SPI_0/inst/new_new_SPI_v1_0_S00_AXI_inst/slv_reg0_reg[15]/Q
                         net (fo=1, routed)           0.056    -0.429    design_1_i/new_new_SPI_0/inst/new_new_SPI_v1_0_S00_AXI_inst/slv_reg0_reg_n_0_[15]
    SLICE_X30Y19         LUT4 (Prop_lut4_I1_O)        0.045    -0.384 r  design_1_i/new_new_SPI_0/inst/new_new_SPI_v1_0_S00_AXI_inst/axi_rdata[15]_i_1/O
                         net (fo=1, routed)           0.000    -0.384    design_1_i/new_new_SPI_0/inst/new_new_SPI_v1_0_S00_AXI_inst/reg_data_out[15]
    SLICE_X30Y19         FDRE                                         r  design_1_i/new_new_SPI_0/inst/new_new_SPI_v1_0_S00_AXI_inst/axi_rdata_reg[15]/D
  -------------------------------------------------------------------    -------------------

                         (clock clk_out1_design_1_clk_wiz_1_0_1 rise edge)
                                                      0.000     0.000 r  
    W5                                                0.000     0.000 r  sys_clock (IN)
                         net (fo=0)                   0.000     0.000    design_1_i/clk_wiz_1/inst/clk_in1
    W5                   IBUF (Prop_ibuf_I_O)         0.414     0.414 r  design_1_i/clk_wiz_1/inst/clkin1_ibufg/O
                         net (fo=1, routed)           0.480     0.894    design_1_i/clk_wiz_1/inst/clk_in1_design_1_clk_wiz_1_0
    MMCME2_ADV_X1Y0      MMCME2_ADV (Prop_mmcme2_adv_CLKIN1_CLKOUT0)
                                                     -3.142    -2.248 r  design_1_i/clk_wiz_1/inst/mmcm_adv_inst/CLKOUT0
                         net (fo=1, routed)           0.530    -1.718    design_1_i/clk_wiz_1/inst/clk_out1_design_1_clk_wiz_1_0
    BUFGCTRL_X0Y0        BUFG (Prop_bufg_I_O)         0.029    -1.689 r  design_1_i/clk_wiz_1/inst/clkout1_buf/O
                         net (fo=1479, routed)        0.822    -0.868    design_1_i/new_new_SPI_0/inst/new_new_SPI_v1_0_S00_AXI_inst/s00_axi_aclk
    SLICE_X30Y19         FDRE                                         r  design_1_i/new_new_SPI_0/inst/new_new_SPI_v1_0_S00_AXI_inst/axi_rdata_reg[15]/C
                         clock pessimism              0.254    -0.613    
                         clock uncertainty            0.074    -0.539    
    SLICE_X30Y19         FDRE (Hold_fdre_C_D)         0.120    -0.419    design_1_i/new_new_SPI_0/inst/new_new_SPI_v1_0_S00_AXI_inst/axi_rdata_reg[15]
  -------------------------------------------------------------------
                         required time                          0.419    
                         arrival time                          -0.384    
  -------------------------------------------------------------------
                         slack                                  0.035    

Slack (MET) :             0.047ns  (arrival time - required time)
  Source:                 design_1_i/axi_uartlite_0/U0/UARTLITE_CORE_I/UARTLITE_RX_I/rx_6_reg/C
                            (rising edge-triggered cell FDRE clocked by clk_out1_design_1_clk_wiz_1_0  {rise@0.000ns fall@5.000ns period=10.000ns})
  Destination:            design_1_i/axi_uartlite_0/U0/UARTLITE_CORE_I/UARTLITE_RX_I/start_Edge_Detected_reg/D
                            (rising edge-triggered cell FDRE clocked by clk_out1_design_1_clk_wiz_1_0_1  {rise@0.000ns fall@5.000ns period=10.000ns})
  Path Group:             clk_out1_design_1_clk_wiz_1_0_1
  Path Type:              Hold (Min at Fast Process Corner)
  Requirement:            0.000ns  (clk_out1_design_1_clk_wiz_1_0_1 rise@0.000ns - clk_out1_design_1_clk_wiz_1_0 rise@0.000ns)
  Data Path Delay:        0.254ns  (logic 0.186ns (73.160%)  route 0.068ns (26.840%))
  Logic Levels:           1  (LUT6=1)
  Clock Path Skew:        0.013ns (DCD - SCD - CPR)
    Destination Clock Delay (DCD):    -0.861ns
    Source Clock Delay      (SCD):    -0.621ns
    Clock Pessimism Removal (CPR):    -0.252ns
  Clock Uncertainty:      0.074ns  ((TSJ^2 + DJ^2)^1/2) / 2 + PE
    Total System Jitter     (TSJ):    0.071ns
    Discrete Jitter          (DJ):    0.131ns
    Phase Error              (PE):    0.000ns
  Clock Domain Crossing:  Inter clock paths are considered valid unless explicitly excluded by timing constraints such as set_clock_groups or set_false_path.

    Location             Delay type                Incr(ns)  Path(ns)    Netlist Resource(s)
  -------------------------------------------------------------------    -------------------
                         (clock clk_out1_design_1_clk_wiz_1_0 rise edge)
                                                      0.000     0.000 r  
    W5                                                0.000     0.000 r  sys_clock (IN)
                         net (fo=0)                   0.000     0.000    design_1_i/clk_wiz_1/inst/clk_in1
    W5                   IBUF (Prop_ibuf_I_O)         0.226     0.226 r  design_1_i/clk_wiz_1/inst/clkin1_ibufg/O
                         net (fo=1, routed)           0.440     0.667    design_1_i/clk_wiz_1/inst/clk_in1_design_1_clk_wiz_1_0
    MMCME2_ADV_X1Y0      MMCME2_ADV (Prop_mmcme2_adv_CLKIN1_CLKOUT0)
                                                     -2.360    -1.693 r  design_1_i/clk_wiz_1/inst/mmcm_adv_inst/CLKOUT0
                         net (fo=1, routed)           0.486    -1.207    design_1_i/clk_wiz_1/inst/clk_out1_design_1_clk_wiz_1_0
    BUFGCTRL_X0Y0        BUFG (Prop_bufg_I_O)         0.026    -1.181 r  design_1_i/clk_wiz_1/inst/clkout1_buf/O
                         net (fo=1479, routed)        0.560    -0.621    design_1_i/axi_uartlite_0/U0/UARTLITE_CORE_I/UARTLITE_RX_I/s_axi_aclk
    SLICE_X35Y39         FDRE                                         r  design_1_i/axi_uartlite_0/U0/UARTLITE_CORE_I/UARTLITE_RX_I/rx_6_reg/C
  -------------------------------------------------------------------    -------------------
    SLICE_X35Y39         FDRE (Prop_fdre_C_Q)         0.141    -0.480 f  design_1_i/axi_uartlite_0/U0/UARTLITE_CORE_I/UARTLITE_RX_I/rx_6_reg/Q
                         net (fo=2, routed)           0.068    -0.412    design_1_i/axi_uartlite_0/U0/UARTLITE_CORE_I/UARTLITE_RX_I/rx_6
    SLICE_X34Y39         LUT6 (Prop_lut6_I4_O)        0.045    -0.367 r  design_1_i/axi_uartlite_0/U0/UARTLITE_CORE_I/UARTLITE_RX_I/start_Edge_Detected_i_1/O
                         net (fo=1, routed)           0.000    -0.367    design_1_i/axi_uartlite_0/U0/UARTLITE_CORE_I/UARTLITE_RX_I/start_Edge_Detected0
    SLICE_X34Y39         FDRE                                         r  design_1_i/axi_uartlite_0/U0/UARTLITE_CORE_I/UARTLITE_RX_I/start_Edge_Detected_reg/D
  -------------------------------------------------------------------    -------------------

                         (clock clk_out1_design_1_clk_wiz_1_0_1 rise edge)
                                                      0.000     0.000 r  
    W5                                                0.000     0.000 r  sys_clock (IN)
                         net (fo=0)                   0.000     0.000    design_1_i/clk_wiz_1/inst/clk_in1
    W5                   IBUF (Prop_ibuf_I_O)         0.414     0.414 r  design_1_i/clk_wiz_1/inst/clkin1_ibufg/O
                         net (fo=1, routed)           0.480     0.894    design_1_i/clk_wiz_1/inst/clk_in1_design_1_clk_wiz_1_0
    MMCME2_ADV_X1Y0      MMCME2_ADV (Prop_mmcme2_adv_CLKIN1_CLKOUT0)
                                                     -3.142    -2.248 r  design_1_i/clk_wiz_1/inst/mmcm_adv_inst/CLKOUT0
                         net (fo=1, routed)           0.530    -1.718    design_1_i/clk_wiz_1/inst/clk_out1_design_1_clk_wiz_1_0
    BUFGCTRL_X0Y0        BUFG (Prop_bufg_I_O)         0.029    -1.689 r  design_1_i/clk_wiz_1/inst/clkout1_buf/O
                         net (fo=1479, routed)        0.829    -0.861    design_1_i/axi_uartlite_0/U0/UARTLITE_CORE_I/UARTLITE_RX_I/s_axi_aclk
    SLICE_X34Y39         FDRE                                         r  design_1_i/axi_uartlite_0/U0/UARTLITE_CORE_I/UARTLITE_RX_I/start_Edge_Detected_reg/C
                         clock pessimism              0.252    -0.608    
                         clock uncertainty            0.074    -0.534    
    SLICE_X34Y39         FDRE (Hold_fdre_C_D)         0.120    -0.414    design_1_i/axi_uartlite_0/U0/UARTLITE_CORE_I/UARTLITE_RX_I/start_Edge_Detected_reg
  -------------------------------------------------------------------
                         required time                          0.414    
                         arrival time                          -0.367    
  -------------------------------------------------------------------
                         slack                                  0.047    

Slack (MET) :             0.047ns  (arrival time - required time)
  Source:                 design_1_i/microblaze_0/U0/MicroBlaze_Core_I/Performance.Core/Use_Debug_Logic.Master_Core.Debug_Perf/Serial_Dbg_Intf.sync_sample/sync_bits[5].sync_bit/Synchronize.use_sync_reset.sync_reg[1]/C
                            (rising edge-triggered cell FDRE clocked by clk_out1_design_1_clk_wiz_1_0  {rise@0.000ns fall@5.000ns period=10.000ns})
  Destination:            design_1_i/microblaze_0/U0/MicroBlaze_Core_I/Performance.Core/Use_Debug_Logic.Master_Core.Debug_Perf/Serial_Dbg_Intf.sync_sample/sync_bits[5].sync_bit/Synchronize.use_sync_reset.sync_reg[2]/D
                            (rising edge-triggered cell FDRE clocked by clk_out1_design_1_clk_wiz_1_0_1  {rise@0.000ns fall@5.000ns period=10.000ns})
  Path Group:             clk_out1_design_1_clk_wiz_1_0_1
  Path Type:              Hold (Min at Fast Process Corner)
  Requirement:            0.000ns  (clk_out1_design_1_clk_wiz_1_0_1 rise@0.000ns - clk_out1_design_1_clk_wiz_1_0 rise@0.000ns)
  Data Path Delay:        0.197ns  (logic 0.141ns (71.611%)  route 0.056ns (28.389%))
  Logic Levels:           0  
  Clock Path Skew:        0.000ns (DCD - SCD - CPR)
    Destination Clock Delay (DCD):    -0.869ns
    Source Clock Delay      (SCD):    -0.627ns
    Clock Pessimism Removal (CPR):    -0.241ns
  Clock Uncertainty:      0.074ns  ((TSJ^2 + DJ^2)^1/2) / 2 + PE
    Total System Jitter     (TSJ):    0.071ns
    Discrete Jitter          (DJ):    0.131ns
    Phase Error              (PE):    0.000ns
  Clock Domain Crossing:  Inter clock paths are considered valid unless explicitly excluded by timing constraints such as set_clock_groups or set_false_path.

    Location             Delay type                Incr(ns)  Path(ns)    Netlist Resource(s)
  -------------------------------------------------------------------    -------------------
                         (clock clk_out1_design_1_clk_wiz_1_0 rise edge)
                                                      0.000     0.000 r  
    W5                                                0.000     0.000 r  sys_clock (IN)
                         net (fo=0)                   0.000     0.000    design_1_i/clk_wiz_1/inst/clk_in1
    W5                   IBUF (Prop_ibuf_I_O)         0.226     0.226 r  design_1_i/clk_wiz_1/inst/clkin1_ibufg/O
                         net (fo=1, routed)           0.440     0.667    design_1_i/clk_wiz_1/inst/clk_in1_design_1_clk_wiz_1_0
    MMCME2_ADV_X1Y0      MMCME2_ADV (Prop_mmcme2_adv_CLKIN1_CLKOUT0)
                                                     -2.360    -1.693 r  design_1_i/clk_wiz_1/inst/mmcm_adv_inst/CLKOUT0
                         net (fo=1, routed)           0.486    -1.207    design_1_i/clk_wiz_1/inst/clk_out1_design_1_clk_wiz_1_0
    BUFGCTRL_X0Y0        BUFG (Prop_bufg_I_O)         0.026    -1.181 r  design_1_i/clk_wiz_1/inst/clkout1_buf/O
                         net (fo=1479, routed)        0.554    -0.627    design_1_i/microblaze_0/U0/MicroBlaze_Core_I/Performance.Core/Use_Debug_Logic.Master_Core.Debug_Perf/Serial_Dbg_Intf.sync_sample/sync_bits[5].sync_bit/Clk
    SLICE_X37Y29         FDRE                                         r  design_1_i/microblaze_0/U0/MicroBlaze_Core_I/Performance.Core/Use_Debug_Logic.Master_Core.Debug_Perf/Serial_Dbg_Intf.sync_sample/sync_bits[5].sync_bit/Synchronize.use_sync_reset.sync_reg[1]/C
  -------------------------------------------------------------------    -------------------
    SLICE_X37Y29         FDRE (Prop_fdre_C_Q)         0.141    -0.486 r  design_1_i/microblaze_0/U0/MicroBlaze_Core_I/Performance.Core/Use_Debug_Logic.Master_Core.Debug_Perf/Serial_Dbg_Intf.sync_sample/sync_bits[5].sync_bit/Synchronize.use_sync_reset.sync_reg[1]/Q
                         net (fo=1, routed)           0.056    -0.430    design_1_i/microblaze_0/U0/MicroBlaze_Core_I/Performance.Core/Use_Debug_Logic.Master_Core.Debug_Perf/Serial_Dbg_Intf.sync_sample/sync_bits[5].sync_bit/sync[1]
    SLICE_X37Y29         FDRE                                         r  design_1_i/microblaze_0/U0/MicroBlaze_Core_I/Performance.Core/Use_Debug_Logic.Master_Core.Debug_Perf/Serial_Dbg_Intf.sync_sample/sync_bits[5].sync_bit/Synchronize.use_sync_reset.sync_reg[2]/D
  -------------------------------------------------------------------    -------------------

                         (clock clk_out1_design_1_clk_wiz_1_0_1 rise edge)
                                                      0.000     0.000 r  
    W5                                                0.000     0.000 r  sys_clock (IN)
                         net (fo=0)                   0.000     0.000    design_1_i/clk_wiz_1/inst/clk_in1
    W5                   IBUF (Prop_ibuf_I_O)         0.414     0.414 r  design_1_i/clk_wiz_1/inst/clkin1_ibufg/O
                         net (fo=1, routed)           0.480     0.894    design_1_i/clk_wiz_1/inst/clk_in1_design_1_clk_wiz_1_0
    MMCME2_ADV_X1Y0      MMCME2_ADV (Prop_mmcme2_adv_CLKIN1_CLKOUT0)
                                                     -3.142    -2.248 r  design_1_i/clk_wiz_1/inst/mmcm_adv_inst/CLKOUT0
                         net (fo=1, routed)           0.530    -1.718    design_1_i/clk_wiz_1/inst/clk_out1_design_1_clk_wiz_1_0
    BUFGCTRL_X0Y0        BUFG (Prop_bufg_I_O)         0.029    -1.689 r  design_1_i/clk_wiz_1/inst/clkout1_buf/O
                         net (fo=1479, routed)        0.821    -0.869    design_1_i/microblaze_0/U0/MicroBlaze_Core_I/Performance.Core/Use_Debug_Logic.Master_Core.Debug_Perf/Serial_Dbg_Intf.sync_sample/sync_bits[5].sync_bit/Clk
    SLICE_X37Y29         FDRE                                         r  design_1_i/microblaze_0/U0/MicroBlaze_Core_I/Performance.Core/Use_Debug_Logic.Master_Core.Debug_Perf/Serial_Dbg_Intf.sync_sample/sync_bits[5].sync_bit/Synchronize.use_sync_reset.sync_reg[2]/C
                         clock pessimism              0.241    -0.627    
                         clock uncertainty            0.074    -0.553    
    SLICE_X37Y29         FDRE (Hold_fdre_C_D)         0.075    -0.478    design_1_i/microblaze_0/U0/MicroBlaze_Core_I/Performance.Core/Use_Debug_Logic.Master_Core.Debug_Perf/Serial_Dbg_Intf.sync_sample/sync_bits[5].sync_bit/Synchronize.use_sync_reset.sync_reg[2]
  -------------------------------------------------------------------
                         required time                          0.478    
                         arrival time                          -0.430    
  -------------------------------------------------------------------
                         slack                                  0.047    

Slack (MET) :             0.047ns  (arrival time - required time)
  Source:                 design_1_i/microblaze_0/U0/MicroBlaze_Core_I/Performance.Core/Use_Debug_Logic.Master_Core.Debug_Perf/Serial_Dbg_Intf.sync_sample/sync_bits[6].sync_bit/Synchronize.use_sync_reset.sync_reg[1]/C
                            (rising edge-triggered cell FDRE clocked by clk_out1_design_1_clk_wiz_1_0  {rise@0.000ns fall@5.000ns period=10.000ns})
  Destination:            design_1_i/microblaze_0/U0/MicroBlaze_Core_I/Performance.Core/Use_Debug_Logic.Master_Core.Debug_Perf/Serial_Dbg_Intf.sync_sample/sync_bits[6].sync_bit/Synchronize.use_sync_reset.sync_reg[2]/D
                            (rising edge-triggered cell FDRE clocked by clk_out1_design_1_clk_wiz_1_0_1  {rise@0.000ns fall@5.000ns period=10.000ns})
  Path Group:             clk_out1_design_1_clk_wiz_1_0_1
  Path Type:              Hold (Min at Fast Process Corner)
  Requirement:            0.000ns  (clk_out1_design_1_clk_wiz_1_0_1 rise@0.000ns - clk_out1_design_1_clk_wiz_1_0 rise@0.000ns)
  Data Path Delay:        0.197ns  (logic 0.141ns (71.611%)  route 0.056ns (28.389%))
  Logic Levels:           0  
  Clock Path Skew:        0.000ns (DCD - SCD - CPR)
    Destination Clock Delay (DCD):    -0.863ns
    Source Clock Delay      (SCD):    -0.622ns
    Clock Pessimism Removal (CPR):    -0.240ns
  Clock Uncertainty:      0.074ns  ((TSJ^2 + DJ^2)^1/2) / 2 + PE
    Total System Jitter     (TSJ):    0.071ns
    Discrete Jitter          (DJ):    0.131ns
    Phase Error              (PE):    0.000ns
  Clock Domain Crossing:  Inter clock paths are considered valid unless explicitly excluded by timing constraints such as set_clock_groups or set_false_path.

    Location             Delay type                Incr(ns)  Path(ns)    Netlist Resource(s)
  -------------------------------------------------------------------    -------------------
                         (clock clk_out1_design_1_clk_wiz_1_0 rise edge)
                                                      0.000     0.000 r  
    W5                                                0.000     0.000 r  sys_clock (IN)
                         net (fo=0)                   0.000     0.000    design_1_i/clk_wiz_1/inst/clk_in1
    W5                   IBUF (Prop_ibuf_I_O)         0.226     0.226 r  design_1_i/clk_wiz_1/inst/clkin1_ibufg/O
                         net (fo=1, routed)           0.440     0.667    design_1_i/clk_wiz_1/inst/clk_in1_design_1_clk_wiz_1_0
    MMCME2_ADV_X1Y0      MMCME2_ADV (Prop_mmcme2_adv_CLKIN1_CLKOUT0)
                                                     -2.360    -1.693 r  design_1_i/clk_wiz_1/inst/mmcm_adv_inst/CLKOUT0
                         net (fo=1, routed)           0.486    -1.207    design_1_i/clk_wiz_1/inst/clk_out1_design_1_clk_wiz_1_0
    BUFGCTRL_X0Y0        BUFG (Prop_bufg_I_O)         0.026    -1.181 r  design_1_i/clk_wiz_1/inst/clkout1_buf/O
                         net (fo=1479, routed)        0.559    -0.622    design_1_i/microblaze_0/U0/MicroBlaze_Core_I/Performance.Core/Use_Debug_Logic.Master_Core.Debug_Perf/Serial_Dbg_Intf.sync_sample/sync_bits[6].sync_bit/Clk
    SLICE_X39Y14         FDRE                                         r  design_1_i/microblaze_0/U0/MicroBlaze_Core_I/Performance.Core/Use_Debug_Logic.Master_Core.Debug_Perf/Serial_Dbg_Intf.sync_sample/sync_bits[6].sync_bit/Synchronize.use_sync_reset.sync_reg[1]/C
  -------------------------------------------------------------------    -------------------
    SLICE_X39Y14         FDRE (Prop_fdre_C_Q)         0.141    -0.481 r  design_1_i/microblaze_0/U0/MicroBlaze_Core_I/Performance.Core/Use_Debug_Logic.Master_Core.Debug_Perf/Serial_Dbg_Intf.sync_sample/sync_bits[6].sync_bit/Synchronize.use_sync_reset.sync_reg[1]/Q
                         net (fo=1, routed)           0.056    -0.425    design_1_i/microblaze_0/U0/MicroBlaze_Core_I/Performance.Core/Use_Debug_Logic.Master_Core.Debug_Perf/Serial_Dbg_Intf.sync_sample/sync_bits[6].sync_bit/sync[1]
    SLICE_X39Y14         FDRE                                         r  design_1_i/microblaze_0/U0/MicroBlaze_Core_I/Performance.Core/Use_Debug_Logic.Master_Core.Debug_Perf/Serial_Dbg_Intf.sync_sample/sync_bits[6].sync_bit/Synchronize.use_sync_reset.sync_reg[2]/D
  -------------------------------------------------------------------    -------------------

                         (clock clk_out1_design_1_clk_wiz_1_0_1 rise edge)
                                                      0.000     0.000 r  
    W5                                                0.000     0.000 r  sys_clock (IN)
                         net (fo=0)                   0.000     0.000    design_1_i/clk_wiz_1/inst/clk_in1
    W5                   IBUF (Prop_ibuf_I_O)         0.414     0.414 r  design_1_i/clk_wiz_1/inst/clkin1_ibufg/O
                         net (fo=1, routed)           0.480     0.894    design_1_i/clk_wiz_1/inst/clk_in1_design_1_clk_wiz_1_0
    MMCME2_ADV_X1Y0      MMCME2_ADV (Prop_mmcme2_adv_CLKIN1_CLKOUT0)
                                                     -3.142    -2.248 r  design_1_i/clk_wiz_1/inst/mmcm_adv_inst/CLKOUT0
                         net (fo=1, routed)           0.530    -1.718    design_1_i/clk_wiz_1/inst/clk_out1_design_1_clk_wiz_1_0
    BUFGCTRL_X0Y0        BUFG (Prop_bufg_I_O)         0.029    -1.689 r  design_1_i/clk_wiz_1/inst/clkout1_buf/O
                         net (fo=1479, routed)        0.827    -0.863    design_1_i/microblaze_0/U0/MicroBlaze_Core_I/Performance.Core/Use_Debug_Logic.Master_Core.Debug_Perf/Serial_Dbg_Intf.sync_sample/sync_bits[6].sync_bit/Clk
    SLICE_X39Y14         FDRE                                         r  design_1_i/microblaze_0/U0/MicroBlaze_Core_I/Performance.Core/Use_Debug_Logic.Master_Core.Debug_Perf/Serial_Dbg_Intf.sync_sample/sync_bits[6].sync_bit/Synchronize.use_sync_reset.sync_reg[2]/C
                         clock pessimism              0.240    -0.622    
                         clock uncertainty            0.074    -0.548    
    SLICE_X39Y14         FDRE (Hold_fdre_C_D)         0.075    -0.473    design_1_i/microblaze_0/U0/MicroBlaze_Core_I/Performance.Core/Use_Debug_Logic.Master_Core.Debug_Perf/Serial_Dbg_Intf.sync_sample/sync_bits[6].sync_bit/Synchronize.use_sync_reset.sync_reg[2]
  -------------------------------------------------------------------
                         required time                          0.473    
                         arrival time                          -0.425    
  -------------------------------------------------------------------
                         slack                                  0.047    

Slack (MET) :             0.047ns  (arrival time - required time)
  Source:                 design_1_i/rst_clk_wiz_1_100M/U0/EXT_LPF/ACTIVE_LOW_AUX.ACT_LO_AUX/GENERATE_LEVEL_P_S_CDC.SINGLE_BIT.CROSS_PLEVEL_IN2SCNDRY_IN_cdc_to/C
                            (rising edge-triggered cell FDRE clocked by clk_out1_design_1_clk_wiz_1_0  {rise@0.000ns fall@5.000ns period=10.000ns})
  Destination:            design_1_i/rst_clk_wiz_1_100M/U0/EXT_LPF/ACTIVE_LOW_AUX.ACT_LO_AUX/GENERATE_LEVEL_P_S_CDC.SINGLE_BIT.CROSS_PLEVEL_IN2SCNDRY_s_level_out_d2/D
                            (rising edge-triggered cell FDRE clocked by clk_out1_design_1_clk_wiz_1_0_1  {rise@0.000ns fall@5.000ns period=10.000ns})
  Path Group:             clk_out1_design_1_clk_wiz_1_0_1
  Path Type:              Hold (Min at Fast Process Corner)
  Requirement:            0.000ns  (clk_out1_design_1_clk_wiz_1_0_1 rise@0.000ns - clk_out1_design_1_clk_wiz_1_0 rise@0.000ns)
  Data Path Delay:        0.197ns  (logic 0.141ns (71.611%)  route 0.056ns (28.389%))
  Logic Levels:           0  
  Clock Path Skew:        0.000ns (DCD - SCD - CPR)
    Destination Clock Delay (DCD):    -0.859ns
    Source Clock Delay      (SCD):    -0.619ns
    Clock Pessimism Removal (CPR):    -0.239ns
  Clock Uncertainty:      0.074ns  ((TSJ^2 + DJ^2)^1/2) / 2 + PE
    Total System Jitter     (TSJ):    0.071ns
    Discrete Jitter          (DJ):    0.131ns
    Phase Error              (PE):    0.000ns
  Clock Domain Crossing:  Inter clock paths are considered valid unless explicitly excluded by timing constraints such as set_clock_groups or set_false_path.

    Location             Delay type                Incr(ns)  Path(ns)    Netlist Resource(s)
  -------------------------------------------------------------------    -------------------
                         (clock clk_out1_design_1_clk_wiz_1_0 rise edge)
                                                      0.000     0.000 r  
    W5                                                0.000     0.000 r  sys_clock (IN)
                         net (fo=0)                   0.000     0.000    design_1_i/clk_wiz_1/inst/clk_in1
    W5                   IBUF (Prop_ibuf_I_O)         0.226     0.226 r  design_1_i/clk_wiz_1/inst/clkin1_ibufg/O
                         net (fo=1, routed)           0.440     0.667    design_1_i/clk_wiz_1/inst/clk_in1_design_1_clk_wiz_1_0
    MMCME2_ADV_X1Y0      MMCME2_ADV (Prop_mmcme2_adv_CLKIN1_CLKOUT0)
                                                     -2.360    -1.693 r  design_1_i/clk_wiz_1/inst/mmcm_adv_inst/CLKOUT0
                         net (fo=1, routed)           0.486    -1.207    design_1_i/clk_wiz_1/inst/clk_out1_design_1_clk_wiz_1_0
    BUFGCTRL_X0Y0        BUFG (Prop_bufg_I_O)         0.026    -1.181 r  design_1_i/clk_wiz_1/inst/clkout1_buf/O
                         net (fo=1479, routed)        0.562    -0.619    design_1_i/rst_clk_wiz_1_100M/U0/EXT_LPF/ACTIVE_LOW_AUX.ACT_LO_AUX/slowest_sync_clk
    SLICE_X37Y41         FDRE                                         r  design_1_i/rst_clk_wiz_1_100M/U0/EXT_LPF/ACTIVE_LOW_AUX.ACT_LO_AUX/GENERATE_LEVEL_P_S_CDC.SINGLE_BIT.CROSS_PLEVEL_IN2SCNDRY_IN_cdc_to/C
  -------------------------------------------------------------------    -------------------
    SLICE_X37Y41         FDRE (Prop_fdre_C_Q)         0.141    -0.478 r  design_1_i/rst_clk_wiz_1_100M/U0/EXT_LPF/ACTIVE_LOW_AUX.ACT_LO_AUX/GENERATE_LEVEL_P_S_CDC.SINGLE_BIT.CROSS_PLEVEL_IN2SCNDRY_IN_cdc_to/Q
                         net (fo=1, routed)           0.056    -0.422    design_1_i/rst_clk_wiz_1_100M/U0/EXT_LPF/ACTIVE_LOW_AUX.ACT_LO_AUX/s_level_out_d1_cdc_to
    SLICE_X37Y41         FDRE                                         r  design_1_i/rst_clk_wiz_1_100M/U0/EXT_LPF/ACTIVE_LOW_AUX.ACT_LO_AUX/GENERATE_LEVEL_P_S_CDC.SINGLE_BIT.CROSS_PLEVEL_IN2SCNDRY_s_level_out_d2/D
  -------------------------------------------------------------------    -------------------

                         (clock clk_out1_design_1_clk_wiz_1_0_1 rise edge)
                                                      0.000     0.000 r  
    W5                                                0.000     0.000 r  sys_clock (IN)
                         net (fo=0)                   0.000     0.000    design_1_i/clk_wiz_1/inst/clk_in1
    W5                   IBUF (Prop_ibuf_I_O)         0.414     0.414 r  design_1_i/clk_wiz_1/inst/clkin1_ibufg/O
                         net (fo=1, routed)           0.480     0.894    design_1_i/clk_wiz_1/inst/clk_in1_design_1_clk_wiz_1_0
    MMCME2_ADV_X1Y0      MMCME2_ADV (Prop_mmcme2_adv_CLKIN1_CLKOUT0)
                                                     -3.142    -2.248 r  design_1_i/clk_wiz_1/inst/mmcm_adv_inst/CLKOUT0
                         net (fo=1, routed)           0.530    -1.718    design_1_i/clk_wiz_1/inst/clk_out1_design_1_clk_wiz_1_0
    BUFGCTRL_X0Y0        BUFG (Prop_bufg_I_O)         0.029    -1.689 r  design_1_i/clk_wiz_1/inst/clkout1_buf/O
                         net (fo=1479, routed)        0.831    -0.859    design_1_i/rst_clk_wiz_1_100M/U0/EXT_LPF/ACTIVE_LOW_AUX.ACT_LO_AUX/slowest_sync_clk
    SLICE_X37Y41         FDRE                                         r  design_1_i/rst_clk_wiz_1_100M/U0/EXT_LPF/ACTIVE_LOW_AUX.ACT_LO_AUX/GENERATE_LEVEL_P_S_CDC.SINGLE_BIT.CROSS_PLEVEL_IN2SCNDRY_s_level_out_d2/C
                         clock pessimism              0.239    -0.619    
                         clock uncertainty            0.074    -0.545    
    SLICE_X37Y41         FDRE (Hold_fdre_C_D)         0.075    -0.470    design_1_i/rst_clk_wiz_1_100M/U0/EXT_LPF/ACTIVE_LOW_AUX.ACT_LO_AUX/GENERATE_LEVEL_P_S_CDC.SINGLE_BIT.CROSS_PLEVEL_IN2SCNDRY_s_level_out_d2
  -------------------------------------------------------------------
                         required time                          0.470    
                         arrival time                          -0.422    
  -------------------------------------------------------------------
                         slack                                  0.047    

Slack (MET) :             0.051ns  (arrival time - required time)
  Source:                 design_1_i/microblaze_0/U0/MicroBlaze_Core_I/Performance.Core/Use_Debug_Logic.Master_Core.Debug_Perf/Serial_Dbg_Intf.sync_sample/sync_bits[7].sync_bit/Synchronize.use_sync_reset.sync_reg[1]/C
                            (rising edge-triggered cell FDRE clocked by clk_out1_design_1_clk_wiz_1_0  {rise@0.000ns fall@5.000ns period=10.000ns})
  Destination:            design_1_i/microblaze_0/U0/MicroBlaze_Core_I/Performance.Core/Use_Debug_Logic.Master_Core.Debug_Perf/Serial_Dbg_Intf.sync_sample/sync_bits[7].sync_bit/Synchronize.use_sync_reset.sync_reg[2]/D
                            (rising edge-triggered cell FDRE clocked by clk_out1_design_1_clk_wiz_1_0_1  {rise@0.000ns fall@5.000ns period=10.000ns})
  Path Group:             clk_out1_design_1_clk_wiz_1_0_1
  Path Type:              Hold (Min at Fast Process Corner)
  Requirement:            0.000ns  (clk_out1_design_1_clk_wiz_1_0_1 rise@0.000ns - clk_out1_design_1_clk_wiz_1_0 rise@0.000ns)
  Data Path Delay:        0.197ns  (logic 0.141ns (71.611%)  route 0.056ns (28.389%))
  Logic Levels:           0  
  Clock Path Skew:        0.000ns (DCD - SCD - CPR)
    Destination Clock Delay (DCD):    -0.869ns
    Source Clock Delay      (SCD):    -0.627ns
    Clock Pessimism Removal (CPR):    -0.241ns
  Clock Uncertainty:      0.074ns  ((TSJ^2 + DJ^2)^1/2) / 2 + PE
    Total System Jitter     (TSJ):    0.071ns
    Discrete Jitter          (DJ):    0.131ns
    Phase Error              (PE):    0.000ns
  Clock Domain Crossing:  Inter clock paths are considered valid unless explicitly excluded by timing constraints such as set_clock_groups or set_false_path.

    Location             Delay type                Incr(ns)  Path(ns)    Netlist Resource(s)
  -------------------------------------------------------------------    -------------------
                         (clock clk_out1_design_1_clk_wiz_1_0 rise edge)
                                                      0.000     0.000 r  
    W5                                                0.000     0.000 r  sys_clock (IN)
                         net (fo=0)                   0.000     0.000    design_1_i/clk_wiz_1/inst/clk_in1
    W5                   IBUF (Prop_ibuf_I_O)         0.226     0.226 r  design_1_i/clk_wiz_1/inst/clkin1_ibufg/O
                         net (fo=1, routed)           0.440     0.667    design_1_i/clk_wiz_1/inst/clk_in1_design_1_clk_wiz_1_0
    MMCME2_ADV_X1Y0      MMCME2_ADV (Prop_mmcme2_adv_CLKIN1_CLKOUT0)
                                                     -2.360    -1.693 r  design_1_i/clk_wiz_1/inst/mmcm_adv_inst/CLKOUT0
                         net (fo=1, routed)           0.486    -1.207    design_1_i/clk_wiz_1/inst/clk_out1_design_1_clk_wiz_1_0
    BUFGCTRL_X0Y0        BUFG (Prop_bufg_I_O)         0.026    -1.181 r  design_1_i/clk_wiz_1/inst/clkout1_buf/O
                         net (fo=1479, routed)        0.554    -0.627    design_1_i/microblaze_0/U0/MicroBlaze_Core_I/Performance.Core/Use_Debug_Logic.Master_Core.Debug_Perf/Serial_Dbg_Intf.sync_sample/sync_bits[7].sync_bit/Clk
    SLICE_X37Y29         FDRE                                         r  design_1_i/microblaze_0/U0/MicroBlaze_Core_I/Performance.Core/Use_Debug_Logic.Master_Core.Debug_Perf/Serial_Dbg_Intf.sync_sample/sync_bits[7].sync_bit/Synchronize.use_sync_reset.sync_reg[1]/C
  -------------------------------------------------------------------    -------------------
    SLICE_X37Y29         FDRE (Prop_fdre_C_Q)         0.141    -0.486 r  design_1_i/microblaze_0/U0/MicroBlaze_Core_I/Performance.Core/Use_Debug_Logic.Master_Core.Debug_Perf/Serial_Dbg_Intf.sync_sample/sync_bits[7].sync_bit/Synchronize.use_sync_reset.sync_reg[1]/Q
                         net (fo=1, routed)           0.056    -0.430    design_1_i/microblaze_0/U0/MicroBlaze_Core_I/Performance.Core/Use_Debug_Logic.Master_Core.Debug_Perf/Serial_Dbg_Intf.sync_sample/sync_bits[7].sync_bit/sync[1]
    SLICE_X37Y29         FDRE                                         r  design_1_i/microblaze_0/U0/MicroBlaze_Core_I/Performance.Core/Use_Debug_Logic.Master_Core.Debug_Perf/Serial_Dbg_Intf.sync_sample/sync_bits[7].sync_bit/Synchronize.use_sync_reset.sync_reg[2]/D
  -------------------------------------------------------------------    -------------------

                         (clock clk_out1_design_1_clk_wiz_1_0_1 rise edge)
                                                      0.000     0.000 r  
    W5                                                0.000     0.000 r  sys_clock (IN)
                         net (fo=0)                   0.000     0.000    design_1_i/clk_wiz_1/inst/clk_in1
    W5                   IBUF (Prop_ibuf_I_O)         0.414     0.414 r  design_1_i/clk_wiz_1/inst/clkin1_ibufg/O
                         net (fo=1, routed)           0.480     0.894    design_1_i/clk_wiz_1/inst/clk_in1_design_1_clk_wiz_1_0
    MMCME2_ADV_X1Y0      MMCME2_ADV (Prop_mmcme2_adv_CLKIN1_CLKOUT0)
                                                     -3.142    -2.248 r  design_1_i/clk_wiz_1/inst/mmcm_adv_inst/CLKOUT0
                         net (fo=1, routed)           0.530    -1.718    design_1_i/clk_wiz_1/inst/clk_out1_design_1_clk_wiz_1_0
    BUFGCTRL_X0Y0        BUFG (Prop_bufg_I_O)         0.029    -1.689 r  design_1_i/clk_wiz_1/inst/clkout1_buf/O
                         net (fo=1479, routed)        0.821    -0.869    design_1_i/microblaze_0/U0/MicroBlaze_Core_I/Performance.Core/Use_Debug_Logic.Master_Core.Debug_Perf/Serial_Dbg_Intf.sync_sample/sync_bits[7].sync_bit/Clk
    SLICE_X37Y29         FDRE                                         r  design_1_i/microblaze_0/U0/MicroBlaze_Core_I/Performance.Core/Use_Debug_Logic.Master_Core.Debug_Perf/Serial_Dbg_Intf.sync_sample/sync_bits[7].sync_bit/Synchronize.use_sync_reset.sync_reg[2]/C
                         clock pessimism              0.241    -0.627    
                         clock uncertainty            0.074    -0.553    
    SLICE_X37Y29         FDRE (Hold_fdre_C_D)         0.071    -0.482    design_1_i/microblaze_0/U0/MicroBlaze_Core_I/Performance.Core/Use_Debug_Logic.Master_Core.Debug_Perf/Serial_Dbg_Intf.sync_sample/sync_bits[7].sync_bit/Synchronize.use_sync_reset.sync_reg[2]
  -------------------------------------------------------------------
                         required time                          0.482    
                         arrival time                          -0.430    
  -------------------------------------------------------------------
                         slack                                  0.051    

Slack (MET) :             0.054ns  (arrival time - required time)
  Source:                 design_1_i/axi_uartlite_0/U0/UARTLITE_CORE_I/UARTLITE_TX_I/mux_sel_reg[0]/C
                            (rising edge-triggered cell FDSE clocked by clk_out1_design_1_clk_wiz_1_0  {rise@0.000ns fall@5.000ns period=10.000ns})
  Destination:            design_1_i/axi_uartlite_0/U0/UARTLITE_CORE_I/UARTLITE_TX_I/mux_sel_reg[2]/D
                            (rising edge-triggered cell FDSE clocked by clk_out1_design_1_clk_wiz_1_0_1  {rise@0.000ns fall@5.000ns period=10.000ns})
  Path Group:             clk_out1_design_1_clk_wiz_1_0_1
  Path Type:              Hold (Min at Fast Process Corner)
  Requirement:            0.000ns  (clk_out1_design_1_clk_wiz_1_0_1 rise@0.000ns - clk_out1_design_1_clk_wiz_1_0 rise@0.000ns)
  Data Path Delay:        0.262ns  (logic 0.186ns (70.964%)  route 0.076ns (29.036%))
  Logic Levels:           1  (LUT5=1)
  Clock Path Skew:        0.013ns (DCD - SCD - CPR)
    Destination Clock Delay (DCD):    -0.863ns
    Source Clock Delay      (SCD):    -0.622ns
    Clock Pessimism Removal (CPR):    -0.253ns
  Clock Uncertainty:      0.074ns  ((TSJ^2 + DJ^2)^1/2) / 2 + PE
    Total System Jitter     (TSJ):    0.071ns
    Discrete Jitter          (DJ):    0.131ns
    Phase Error              (PE):    0.000ns
  Clock Domain Crossing:  Inter clock paths are considered valid unless explicitly excluded by timing constraints such as set_clock_groups or set_false_path.

    Location             Delay type                Incr(ns)  Path(ns)    Netlist Resource(s)
  -------------------------------------------------------------------    -------------------
                         (clock clk_out1_design_1_clk_wiz_1_0 rise edge)
                                                      0.000     0.000 r  
    W5                                                0.000     0.000 r  sys_clock (IN)
                         net (fo=0)                   0.000     0.000    design_1_i/clk_wiz_1/inst/clk_in1
    W5                   IBUF (Prop_ibuf_I_O)         0.226     0.226 r  design_1_i/clk_wiz_1/inst/clkin1_ibufg/O
                         net (fo=1, routed)           0.440     0.667    design_1_i/clk_wiz_1/inst/clk_in1_design_1_clk_wiz_1_0
    MMCME2_ADV_X1Y0      MMCME2_ADV (Prop_mmcme2_adv_CLKIN1_CLKOUT0)
                                                     -2.360    -1.693 r  design_1_i/clk_wiz_1/inst/mmcm_adv_inst/CLKOUT0
                         net (fo=1, routed)           0.486    -1.207    design_1_i/clk_wiz_1/inst/clk_out1_design_1_clk_wiz_1_0
    BUFGCTRL_X0Y0        BUFG (Prop_bufg_I_O)         0.026    -1.181 r  design_1_i/clk_wiz_1/inst/clkout1_buf/O
                         net (fo=1479, routed)        0.559    -0.622    design_1_i/axi_uartlite_0/U0/UARTLITE_CORE_I/UARTLITE_TX_I/s_axi_aclk
    SLICE_X31Y35         FDSE                                         r  design_1_i/axi_uartlite_0/U0/UARTLITE_CORE_I/UARTLITE_TX_I/mux_sel_reg[0]/C
  -------------------------------------------------------------------    -------------------
    SLICE_X31Y35         FDSE (Prop_fdse_C_Q)         0.141    -0.481 f  design_1_i/axi_uartlite_0/U0/UARTLITE_CORE_I/UARTLITE_TX_I/mux_sel_reg[0]/Q
                         net (fo=5, routed)           0.076    -0.405    design_1_i/axi_uartlite_0/U0/UARTLITE_CORE_I/UARTLITE_TX_I/mux_sel_reg_n_0_[0]
    SLICE_X30Y35         LUT5 (Prop_lut5_I2_O)        0.045    -0.360 r  design_1_i/axi_uartlite_0/U0/UARTLITE_CORE_I/UARTLITE_TX_I/mux_sel[2]_i_1/O
                         net (fo=1, routed)           0.000    -0.360    design_1_i/axi_uartlite_0/U0/UARTLITE_CORE_I/UARTLITE_TX_I/mux_sel[2]_i_1_n_0
    SLICE_X30Y35         FDSE                                         r  design_1_i/axi_uartlite_0/U0/UARTLITE_CORE_I/UARTLITE_TX_I/mux_sel_reg[2]/D
  -------------------------------------------------------------------    -------------------

                         (clock clk_out1_design_1_clk_wiz_1_0_1 rise edge)
                                                      0.000     0.000 r  
    W5                                                0.000     0.000 r  sys_clock (IN)
                         net (fo=0)                   0.000     0.000    design_1_i/clk_wiz_1/inst/clk_in1
    W5                   IBUF (Prop_ibuf_I_O)         0.414     0.414 r  design_1_i/clk_wiz_1/inst/clkin1_ibufg/O
                         net (fo=1, routed)           0.480     0.894    design_1_i/clk_wiz_1/inst/clk_in1_design_1_clk_wiz_1_0
    MMCME2_ADV_X1Y0      MMCME2_ADV (Prop_mmcme2_adv_CLKIN1_CLKOUT0)
                                                     -3.142    -2.248 r  design_1_i/clk_wiz_1/inst/mmcm_adv_inst/CLKOUT0
                         net (fo=1, routed)           0.530    -1.718    design_1_i/clk_wiz_1/inst/clk_out1_design_1_clk_wiz_1_0
    BUFGCTRL_X0Y0        BUFG (Prop_bufg_I_O)         0.029    -1.689 r  design_1_i/clk_wiz_1/inst/clkout1_buf/O
                         net (fo=1479, routed)        0.827    -0.863    design_1_i/axi_uartlite_0/U0/UARTLITE_CORE_I/UARTLITE_TX_I/s_axi_aclk
    SLICE_X30Y35         FDSE                                         r  design_1_i/axi_uartlite_0/U0/UARTLITE_CORE_I/UARTLITE_TX_I/mux_sel_reg[2]/C
                         clock pessimism              0.253    -0.609    
                         clock uncertainty            0.074    -0.535    
    SLICE_X30Y35         FDSE (Hold_fdse_C_D)         0.121    -0.414    design_1_i/axi_uartlite_0/U0/UARTLITE_CORE_I/UARTLITE_TX_I/mux_sel_reg[2]
  -------------------------------------------------------------------
                         required time                          0.414    
                         arrival time                          -0.360    
  -------------------------------------------------------------------
                         slack                                  0.054    

Slack (MET) :             0.056ns  (arrival time - required time)
  Source:                 design_1_i/rst_clk_wiz_1_100M/U0/EXT_LPF/AUX_LPF[2].asr_lpf_reg[2]/C
                            (rising edge-triggered cell FDRE clocked by clk_out1_design_1_clk_wiz_1_0  {rise@0.000ns fall@5.000ns period=10.000ns})
  Destination:            design_1_i/rst_clk_wiz_1_100M/U0/EXT_LPF/AUX_LPF[3].asr_lpf_reg[3]/D
                            (rising edge-triggered cell FDRE clocked by clk_out1_design_1_clk_wiz_1_0_1  {rise@0.000ns fall@5.000ns period=10.000ns})
  Path Group:             clk_out1_design_1_clk_wiz_1_0_1
  Path Type:              Hold (Min at Fast Process Corner)
  Requirement:            0.000ns  (clk_out1_design_1_clk_wiz_1_0_1 rise@0.000ns - clk_out1_design_1_clk_wiz_1_0 rise@0.000ns)
  Data Path Delay:        0.208ns  (logic 0.141ns (67.788%)  route 0.067ns (32.212%))
  Logic Levels:           0  
  Clock Path Skew:        0.000ns (DCD - SCD - CPR)
    Destination Clock Delay (DCD):    -0.859ns
    Source Clock Delay      (SCD):    -0.619ns
    Clock Pessimism Removal (CPR):    -0.239ns
  Clock Uncertainty:      0.074ns  ((TSJ^2 + DJ^2)^1/2) / 2 + PE
    Total System Jitter     (TSJ):    0.071ns
    Discrete Jitter          (DJ):    0.131ns
    Phase Error              (PE):    0.000ns
  Clock Domain Crossing:  Inter clock paths are considered valid unless explicitly excluded by timing constraints such as set_clock_groups or set_false_path.

    Location             Delay type                Incr(ns)  Path(ns)    Netlist Resource(s)
  -------------------------------------------------------------------    -------------------
                         (clock clk_out1_design_1_clk_wiz_1_0 rise edge)
                                                      0.000     0.000 r  
    W5                                                0.000     0.000 r  sys_clock (IN)
                         net (fo=0)                   0.000     0.000    design_1_i/clk_wiz_1/inst/clk_in1
    W5                   IBUF (Prop_ibuf_I_O)         0.226     0.226 r  design_1_i/clk_wiz_1/inst/clkin1_ibufg/O
                         net (fo=1, routed)           0.440     0.667    design_1_i/clk_wiz_1/inst/clk_in1_design_1_clk_wiz_1_0
    MMCME2_ADV_X1Y0      MMCME2_ADV (Prop_mmcme2_adv_CLKIN1_CLKOUT0)
                                                     -2.360    -1.693 r  design_1_i/clk_wiz_1/inst/mmcm_adv_inst/CLKOUT0
                         net (fo=1, routed)           0.486    -1.207    design_1_i/clk_wiz_1/inst/clk_out1_design_1_clk_wiz_1_0
    BUFGCTRL_X0Y0        BUFG (Prop_bufg_I_O)         0.026    -1.181 r  design_1_i/clk_wiz_1/inst/clkout1_buf/O
                         net (fo=1479, routed)        0.562    -0.619    design_1_i/rst_clk_wiz_1_100M/U0/EXT_LPF/slowest_sync_clk
    SLICE_X37Y41         FDRE                                         r  design_1_i/rst_clk_wiz_1_100M/U0/EXT_LPF/AUX_LPF[2].asr_lpf_reg[2]/C
  -------------------------------------------------------------------    -------------------
    SLICE_X37Y41         FDRE (Prop_fdre_C_Q)         0.141    -0.478 r  design_1_i/rst_clk_wiz_1_100M/U0/EXT_LPF/AUX_LPF[2].asr_lpf_reg[2]/Q
                         net (fo=2, routed)           0.067    -0.411    design_1_i/rst_clk_wiz_1_100M/U0/EXT_LPF/p_1_in
    SLICE_X37Y41         FDRE                                         r  design_1_i/rst_clk_wiz_1_100M/U0/EXT_LPF/AUX_LPF[3].asr_lpf_reg[3]/D
  -------------------------------------------------------------------    -------------------

                         (clock clk_out1_design_1_clk_wiz_1_0_1 rise edge)
                                                      0.000     0.000 r  
    W5                                                0.000     0.000 r  sys_clock (IN)
                         net (fo=0)                   0.000     0.000    design_1_i/clk_wiz_1/inst/clk_in1
    W5                   IBUF (Prop_ibuf_I_O)         0.414     0.414 r  design_1_i/clk_wiz_1/inst/clkin1_ibufg/O
                         net (fo=1, routed)           0.480     0.894    design_1_i/clk_wiz_1/inst/clk_in1_design_1_clk_wiz_1_0
    MMCME2_ADV_X1Y0      MMCME2_ADV (Prop_mmcme2_adv_CLKIN1_CLKOUT0)
                                                     -3.142    -2.248 r  design_1_i/clk_wiz_1/inst/mmcm_adv_inst/CLKOUT0
                         net (fo=1, routed)           0.530    -1.718    design_1_i/clk_wiz_1/inst/clk_out1_design_1_clk_wiz_1_0
    BUFGCTRL_X0Y0        BUFG (Prop_bufg_I_O)         0.029    -1.689 r  design_1_i/clk_wiz_1/inst/clkout1_buf/O
                         net (fo=1479, routed)        0.831    -0.859    design_1_i/rst_clk_wiz_1_100M/U0/EXT_LPF/slowest_sync_clk
    SLICE_X37Y41         FDRE                                         r  design_1_i/rst_clk_wiz_1_100M/U0/EXT_LPF/AUX_LPF[3].asr_lpf_reg[3]/C
                         clock pessimism              0.239    -0.619    
                         clock uncertainty            0.074    -0.545    
    SLICE_X37Y41         FDRE (Hold_fdre_C_D)         0.078    -0.467    design_1_i/rst_clk_wiz_1_100M/U0/EXT_LPF/AUX_LPF[3].asr_lpf_reg[3]
  -------------------------------------------------------------------
                         required time                          0.467    
                         arrival time                          -0.411    
  -------------------------------------------------------------------
                         slack                                  0.056    

Slack (MET) :             0.057ns  (arrival time - required time)
  Source:                 design_1_i/axi_uartlite_0/U0/UARTLITE_CORE_I/UARTLITE_RX_I/INPUT_DOUBLE_REGS3/GENERATE_LEVEL_P_S_CDC.SINGLE_BIT.CROSS_PLEVEL_IN2SCNDRY_IN_cdc_to/C
                            (rising edge-triggered cell FDRE clocked by clk_out1_design_1_clk_wiz_1_0  {rise@0.000ns fall@5.000ns period=10.000ns})
  Destination:            design_1_i/axi_uartlite_0/U0/UARTLITE_CORE_I/UARTLITE_RX_I/INPUT_DOUBLE_REGS3/GENERATE_LEVEL_P_S_CDC.SINGLE_BIT.CROSS_PLEVEL_IN2SCNDRY_s_level_out_d2/D
                            (rising edge-triggered cell FDRE clocked by clk_out1_design_1_clk_wiz_1_0_1  {rise@0.000ns fall@5.000ns period=10.000ns})
  Path Group:             clk_out1_design_1_clk_wiz_1_0_1
  Path Type:              Hold (Min at Fast Process Corner)
  Requirement:            0.000ns  (clk_out1_design_1_clk_wiz_1_0_1 rise@0.000ns - clk_out1_design_1_clk_wiz_1_0 rise@0.000ns)
  Data Path Delay:        0.206ns  (logic 0.141ns (68.336%)  route 0.065ns (31.664%))
  Logic Levels:           0  
  Clock Path Skew:        0.000ns (DCD - SCD - CPR)
    Destination Clock Delay (DCD):    -0.858ns
    Source Clock Delay      (SCD):    -0.619ns
    Clock Pessimism Removal (CPR):    -0.238ns
  Clock Uncertainty:      0.074ns  ((TSJ^2 + DJ^2)^1/2) / 2 + PE
    Total System Jitter     (TSJ):    0.071ns
    Discrete Jitter          (DJ):    0.131ns
    Phase Error              (PE):    0.000ns
  Clock Domain Crossing:  Inter clock paths are considered valid unless explicitly excluded by timing constraints such as set_clock_groups or set_false_path.

    Location             Delay type                Incr(ns)  Path(ns)    Netlist Resource(s)
  -------------------------------------------------------------------    -------------------
                         (clock clk_out1_design_1_clk_wiz_1_0 rise edge)
                                                      0.000     0.000 r  
    W5                                                0.000     0.000 r  sys_clock (IN)
                         net (fo=0)                   0.000     0.000    design_1_i/clk_wiz_1/inst/clk_in1
    W5                   IBUF (Prop_ibuf_I_O)         0.226     0.226 r  design_1_i/clk_wiz_1/inst/clkin1_ibufg/O
                         net (fo=1, routed)           0.440     0.667    design_1_i/clk_wiz_1/inst/clk_in1_design_1_clk_wiz_1_0
    MMCME2_ADV_X1Y0      MMCME2_ADV (Prop_mmcme2_adv_CLKIN1_CLKOUT0)
                                                     -2.360    -1.693 r  design_1_i/clk_wiz_1/inst/mmcm_adv_inst/CLKOUT0
                         net (fo=1, routed)           0.486    -1.207    design_1_i/clk_wiz_1/inst/clk_out1_design_1_clk_wiz_1_0
    BUFGCTRL_X0Y0        BUFG (Prop_bufg_I_O)         0.026    -1.181 r  design_1_i/clk_wiz_1/inst/clkout1_buf/O
                         net (fo=1479, routed)        0.562    -0.619    design_1_i/axi_uartlite_0/U0/UARTLITE_CORE_I/UARTLITE_RX_I/INPUT_DOUBLE_REGS3/s_axi_aclk
    SLICE_X28Y42         FDRE                                         r  design_1_i/axi_uartlite_0/U0/UARTLITE_CORE_I/UARTLITE_RX_I/INPUT_DOUBLE_REGS3/GENERATE_LEVEL_P_S_CDC.SINGLE_BIT.CROSS_PLEVEL_IN2SCNDRY_IN_cdc_to/C
  -------------------------------------------------------------------    -------------------
    SLICE_X28Y42         FDRE (Prop_fdre_C_Q)         0.141    -0.478 r  design_1_i/axi_uartlite_0/U0/UARTLITE_CORE_I/UARTLITE_RX_I/INPUT_DOUBLE_REGS3/GENERATE_LEVEL_P_S_CDC.SINGLE_BIT.CROSS_PLEVEL_IN2SCNDRY_IN_cdc_to/Q
                         net (fo=1, routed)           0.065    -0.413    design_1_i/axi_uartlite_0/U0/UARTLITE_CORE_I/UARTLITE_RX_I/INPUT_DOUBLE_REGS3/s_level_out_d1_cdc_to
    SLICE_X28Y42         FDRE                                         r  design_1_i/axi_uartlite_0/U0/UARTLITE_CORE_I/UARTLITE_RX_I/INPUT_DOUBLE_REGS3/GENERATE_LEVEL_P_S_CDC.SINGLE_BIT.CROSS_PLEVEL_IN2SCNDRY_s_level_out_d2/D
  -------------------------------------------------------------------    -------------------

                         (clock clk_out1_design_1_clk_wiz_1_0_1 rise edge)
                                                      0.000     0.000 r  
    W5                                                0.000     0.000 r  sys_clock (IN)
                         net (fo=0)                   0.000     0.000    design_1_i/clk_wiz_1/inst/clk_in1
    W5                   IBUF (Prop_ibuf_I_O)         0.414     0.414 r  design_1_i/clk_wiz_1/inst/clkin1_ibufg/O
                         net (fo=1, routed)           0.480     0.894    design_1_i/clk_wiz_1/inst/clk_in1_design_1_clk_wiz_1_0
    MMCME2_ADV_X1Y0      MMCME2_ADV (Prop_mmcme2_adv_CLKIN1_CLKOUT0)
                                                     -3.142    -2.248 r  design_1_i/clk_wiz_1/inst/mmcm_adv_inst/CLKOUT0
                         net (fo=1, routed)           0.530    -1.718    design_1_i/clk_wiz_1/inst/clk_out1_design_1_clk_wiz_1_0
    BUFGCTRL_X0Y0        BUFG (Prop_bufg_I_O)         0.029    -1.689 r  design_1_i/clk_wiz_1/inst/clkout1_buf/O
                         net (fo=1479, routed)        0.832    -0.858    design_1_i/axi_uartlite_0/U0/UARTLITE_CORE_I/UARTLITE_RX_I/INPUT_DOUBLE_REGS3/s_axi_aclk
    SLICE_X28Y42         FDRE                                         r  design_1_i/axi_uartlite_0/U0/UARTLITE_CORE_I/UARTLITE_RX_I/INPUT_DOUBLE_REGS3/GENERATE_LEVEL_P_S_CDC.SINGLE_BIT.CROSS_PLEVEL_IN2SCNDRY_s_level_out_d2/C
                         clock pessimism              0.238    -0.619    
                         clock uncertainty            0.074    -0.545    
    SLICE_X28Y42         FDRE (Hold_fdre_C_D)         0.075    -0.470    design_1_i/axi_uartlite_0/U0/UARTLITE_CORE_I/UARTLITE_RX_I/INPUT_DOUBLE_REGS3/GENERATE_LEVEL_P_S_CDC.SINGLE_BIT.CROSS_PLEVEL_IN2SCNDRY_s_level_out_d2
  -------------------------------------------------------------------
                         required time                          0.470    
                         arrival time                          -0.413    
  -------------------------------------------------------------------
                         slack                                  0.057    

Slack (MET) :             0.057ns  (arrival time - required time)
  Source:                 design_1_i/rst_clk_wiz_1_100M/U0/EXT_LPF/ACTIVE_HIGH_EXT.ACT_HI_EXT/GENERATE_LEVEL_P_S_CDC.SINGLE_BIT.CROSS_PLEVEL_IN2SCNDRY_IN_cdc_to/C
                            (rising edge-triggered cell FDRE clocked by clk_out1_design_1_clk_wiz_1_0  {rise@0.000ns fall@5.000ns period=10.000ns})
  Destination:            design_1_i/rst_clk_wiz_1_100M/U0/EXT_LPF/ACTIVE_HIGH_EXT.ACT_HI_EXT/GENERATE_LEVEL_P_S_CDC.SINGLE_BIT.CROSS_PLEVEL_IN2SCNDRY_s_level_out_d2/D
                            (rising edge-triggered cell FDRE clocked by clk_out1_design_1_clk_wiz_1_0_1  {rise@0.000ns fall@5.000ns period=10.000ns})
  Path Group:             clk_out1_design_1_clk_wiz_1_0_1
  Path Type:              Hold (Min at Fast Process Corner)
  Requirement:            0.000ns  (clk_out1_design_1_clk_wiz_1_0_1 rise@0.000ns - clk_out1_design_1_clk_wiz_1_0 rise@0.000ns)
  Data Path Delay:        0.206ns  (logic 0.141ns (68.336%)  route 0.065ns (31.664%))
  Logic Levels:           0  
  Clock Path Skew:        0.000ns (DCD - SCD - CPR)
    Destination Clock Delay (DCD):    -0.858ns
    Source Clock Delay      (SCD):    -0.619ns
    Clock Pessimism Removal (CPR):    -0.238ns
  Clock Uncertainty:      0.074ns  ((TSJ^2 + DJ^2)^1/2) / 2 + PE
    Total System Jitter     (TSJ):    0.071ns
    Discrete Jitter          (DJ):    0.131ns
    Phase Error              (PE):    0.000ns
  Clock Domain Crossing:  Inter clock paths are considered valid unless explicitly excluded by timing constraints such as set_clock_groups or set_false_path.

    Location             Delay type                Incr(ns)  Path(ns)    Netlist Resource(s)
  -------------------------------------------------------------------    -------------------
                         (clock clk_out1_design_1_clk_wiz_1_0 rise edge)
                                                      0.000     0.000 r  
    W5                                                0.000     0.000 r  sys_clock (IN)
                         net (fo=0)                   0.000     0.000    design_1_i/clk_wiz_1/inst/clk_in1
    W5                   IBUF (Prop_ibuf_I_O)         0.226     0.226 r  design_1_i/clk_wiz_1/inst/clkin1_ibufg/O
                         net (fo=1, routed)           0.440     0.667    design_1_i/clk_wiz_1/inst/clk_in1_design_1_clk_wiz_1_0
    MMCME2_ADV_X1Y0      MMCME2_ADV (Prop_mmcme2_adv_CLKIN1_CLKOUT0)
                                                     -2.360    -1.693 r  design_1_i/clk_wiz_1/inst/mmcm_adv_inst/CLKOUT0
                         net (fo=1, routed)           0.486    -1.207    design_1_i/clk_wiz_1/inst/clk_out1_design_1_clk_wiz_1_0
    BUFGCTRL_X0Y0        BUFG (Prop_bufg_I_O)         0.026    -1.181 r  design_1_i/clk_wiz_1/inst/clkout1_buf/O
                         net (fo=1479, routed)        0.562    -0.619    design_1_i/rst_clk_wiz_1_100M/U0/EXT_LPF/ACTIVE_HIGH_EXT.ACT_HI_EXT/slowest_sync_clk
    SLICE_X40Y41         FDRE                                         r  design_1_i/rst_clk_wiz_1_100M/U0/EXT_LPF/ACTIVE_HIGH_EXT.ACT_HI_EXT/GENERATE_LEVEL_P_S_CDC.SINGLE_BIT.CROSS_PLEVEL_IN2SCNDRY_IN_cdc_to/C
  -------------------------------------------------------------------    -------------------
    SLICE_X40Y41         FDRE (Prop_fdre_C_Q)         0.141    -0.478 r  design_1_i/rst_clk_wiz_1_100M/U0/EXT_LPF/ACTIVE_HIGH_EXT.ACT_HI_EXT/GENERATE_LEVEL_P_S_CDC.SINGLE_BIT.CROSS_PLEVEL_IN2SCNDRY_IN_cdc_to/Q
                         net (fo=1, routed)           0.065    -0.413    design_1_i/rst_clk_wiz_1_100M/U0/EXT_LPF/ACTIVE_HIGH_EXT.ACT_HI_EXT/s_level_out_d1_cdc_to
    SLICE_X40Y41         FDRE                                         r  design_1_i/rst_clk_wiz_1_100M/U0/EXT_LPF/ACTIVE_HIGH_EXT.ACT_HI_EXT/GENERATE_LEVEL_P_S_CDC.SINGLE_BIT.CROSS_PLEVEL_IN2SCNDRY_s_level_out_d2/D
  -------------------------------------------------------------------    -------------------

                         (clock clk_out1_design_1_clk_wiz_1_0_1 rise edge)
                                                      0.000     0.000 r  
    W5                                                0.000     0.000 r  sys_clock (IN)
                         net (fo=0)                   0.000     0.000    design_1_i/clk_wiz_1/inst/clk_in1
    W5                   IBUF (Prop_ibuf_I_O)         0.414     0.414 r  design_1_i/clk_wiz_1/inst/clkin1_ibufg/O
                         net (fo=1, routed)           0.480     0.894    design_1_i/clk_wiz_1/inst/clk_in1_design_1_clk_wiz_1_0
    MMCME2_ADV_X1Y0      MMCME2_ADV (Prop_mmcme2_adv_CLKIN1_CLKOUT0)
                                                     -3.142    -2.248 r  design_1_i/clk_wiz_1/inst/mmcm_adv_inst/CLKOUT0
                         net (fo=1, routed)           0.530    -1.718    design_1_i/clk_wiz_1/inst/clk_out1_design_1_clk_wiz_1_0
    BUFGCTRL_X0Y0        BUFG (Prop_bufg_I_O)         0.029    -1.689 r  design_1_i/clk_wiz_1/inst/clkout1_buf/O
                         net (fo=1479, routed)        0.832    -0.858    design_1_i/rst_clk_wiz_1_100M/U0/EXT_LPF/ACTIVE_HIGH_EXT.ACT_HI_EXT/slowest_sync_clk
    SLICE_X40Y41         FDRE                                         r  design_1_i/rst_clk_wiz_1_100M/U0/EXT_LPF/ACTIVE_HIGH_EXT.ACT_HI_EXT/GENERATE_LEVEL_P_S_CDC.SINGLE_BIT.CROSS_PLEVEL_IN2SCNDRY_s_level_out_d2/C
                         clock pessimism              0.238    -0.619    
                         clock uncertainty            0.074    -0.545    
    SLICE_X40Y41         FDRE (Hold_fdre_C_D)         0.075    -0.470    design_1_i/rst_clk_wiz_1_100M/U0/EXT_LPF/ACTIVE_HIGH_EXT.ACT_HI_EXT/GENERATE_LEVEL_P_S_CDC.SINGLE_BIT.CROSS_PLEVEL_IN2SCNDRY_s_level_out_d2
  -------------------------------------------------------------------
                         required time                          0.470    
                         arrival time                          -0.413    
  -------------------------------------------------------------------
                         slack                                  0.057    





---------------------------------------------------------------------------------------------------
From Clock:  clk_out1_design_1_clk_wiz_1_0_1
  To Clock:  clk_out1_design_1_clk_wiz_1_0

Setup :            0  Failing Endpoints,  Worst Slack        1.513ns,  Total Violation        0.000ns
Hold  :            0  Failing Endpoints,  Worst Slack        0.035ns,  Total Violation        0.000ns
---------------------------------------------------------------------------------------------------


Max Delay Paths
--------------------------------------------------------------------------------------
Slack (MET) :             1.513ns  (required time - arrival time)
  Source:                 design_1_i/microblaze_0/U0/MicroBlaze_Core_I/Performance.Core/Data_Flow_I/Operand_Select_I/EX_Branch_CMP_Op1_reg[24]/C
                            (rising edge-triggered cell FDRE clocked by clk_out1_design_1_clk_wiz_1_0_1  {rise@0.000ns fall@5.000ns period=10.000ns})
  Destination:            design_1_i/microblaze_0_local_memory/lmb_bram/U0/inst_blk_mem_gen/gnbram.gnative_mem_map_bmg.native_mem_map_blk_mem_gen/valid.cstr/ramloop[2].ram.r/prim_noinit.ram/DEVICE_7SERIES.WITH_BMM_INFO.TRUE_DP.SIMPLE_PRIM36.TDP_SP36_NO_ECC_ATTR.ram/ADDRBWRADDR[12]
                            (rising edge-triggered cell RAMB36E1 clocked by clk_out1_design_1_clk_wiz_1_0  {rise@0.000ns fall@5.000ns period=10.000ns})
  Path Group:             clk_out1_design_1_clk_wiz_1_0
  Path Type:              Setup (Max at Slow Process Corner)
  Requirement:            10.000ns  (clk_out1_design_1_clk_wiz_1_0 rise@10.000ns - clk_out1_design_1_clk_wiz_1_0_1 rise@0.000ns)
  Data Path Delay:        7.565ns  (logic 2.051ns (27.113%)  route 5.514ns (72.887%))
  Logic Levels:           5  (CARRY4=3 LUT3=1 LUT6=1)
  Clock Path Skew:        -0.074ns (DCD - SCD + CPR)
    Destination Clock Delay (DCD):    -1.513ns = ( 8.487 - 10.000 ) 
    Source Clock Delay      (SCD):    -0.956ns
    Clock Pessimism Removal (CPR):    0.484ns
  Clock Uncertainty:      0.074ns  ((TSJ^2 + DJ^2)^1/2) / 2 + PE
    Total System Jitter     (TSJ):    0.071ns
    Discrete Jitter          (DJ):    0.131ns
    Phase Error              (PE):    0.000ns
  Clock Domain Crossing:  Inter clock paths are considered valid unless explicitly excluded by timing constraints such as set_clock_groups or set_false_path.

    Location             Delay type                Incr(ns)  Path(ns)    Netlist Resource(s)
  -------------------------------------------------------------------    -------------------
                         (clock clk_out1_design_1_clk_wiz_1_0_1 rise edge)
                                                      0.000     0.000 r  
    W5                                                0.000     0.000 r  sys_clock (IN)
                         net (fo=0)                   0.000     0.000    design_1_i/clk_wiz_1/inst/clk_in1
    W5                   IBUF (Prop_ibuf_I_O)         1.458     1.458 r  design_1_i/clk_wiz_1/inst/clkin1_ibufg/O
                         net (fo=1, routed)           1.233     2.691    design_1_i/clk_wiz_1/inst/clk_in1_design_1_clk_wiz_1_0
    MMCME2_ADV_X1Y0      MMCME2_ADV (Prop_mmcme2_adv_CLKIN1_CLKOUT0)
                                                     -6.961    -4.269 r  design_1_i/clk_wiz_1/inst/mmcm_adv_inst/CLKOUT0
                         net (fo=1, routed)           1.661    -2.608    design_1_i/clk_wiz_1/inst/clk_out1_design_1_clk_wiz_1_0
    BUFGCTRL_X0Y0        BUFG (Prop_bufg_I_O)         0.096    -2.512 r  design_1_i/clk_wiz_1/inst/clkout1_buf/O
                         net (fo=1479, routed)        1.556    -0.956    design_1_i/microblaze_0/U0/MicroBlaze_Core_I/Performance.Core/Data_Flow_I/Operand_Select_I/Clk
    SLICE_X49Y21         FDRE                                         r  design_1_i/microblaze_0/U0/MicroBlaze_Core_I/Performance.Core/Data_Flow_I/Operand_Select_I/EX_Branch_CMP_Op1_reg[24]/C
  -------------------------------------------------------------------    -------------------
    SLICE_X49Y21         FDRE (Prop_fdre_C_Q)         0.419    -0.537 f  design_1_i/microblaze_0/U0/MicroBlaze_Core_I/Performance.Core/Data_Flow_I/Operand_Select_I/EX_Branch_CMP_Op1_reg[24]/Q
                         net (fo=1, routed)           1.283     0.747    design_1_i/microblaze_0/U0/MicroBlaze_Core_I/Performance.Core/Data_Flow_I/Zero_Detect_I/Q[5]
    SLICE_X47Y26         LUT6 (Prop_lut6_I1_O)        0.299     1.046 r  design_1_i/microblaze_0/U0/MicroBlaze_Core_I/Performance.Core/Data_Flow_I/Zero_Detect_I/S0_inferred__0/i_/O
                         net (fo=1, routed)           0.000     1.046    design_1_i/microblaze_0/U0/MicroBlaze_Core_I/Performance.Core/Data_Flow_I/Zero_Detect_I/Zero_Detecting[3].I_Part_Of_Zero_Detect/lopt_2
    SLICE_X47Y26         CARRY4 (Prop_carry4_S[1]_CO[3])
                                                      0.550     1.596 r  design_1_i/microblaze_0/U0/MicroBlaze_Core_I/Performance.Core/Data_Flow_I/Zero_Detect_I/Zero_Detecting[3].I_Part_Of_Zero_Detect/Using_FPGA.Native_CARRY4/CO[3]
                         net (fo=1, routed)           0.000     1.596    design_1_i/microblaze_0/U0/MicroBlaze_Core_I/Performance.Core/Decode_I/jump_logic_I1/MUXCY_JUMP_CARRY2/jump_carry1
    SLICE_X47Y27         CARRY4 (Prop_carry4_CI_CO[3])
                                                      0.114     1.710 r  design_1_i/microblaze_0/U0/MicroBlaze_Core_I/Performance.Core/Decode_I/jump_logic_I1/MUXCY_JUMP_CARRY2/Using_FPGA.Native_CARRY4/CO[3]
                         net (fo=1, routed)           0.000     1.710    design_1_i/microblaze_0/U0/MicroBlaze_Core_I/Performance.Core/Decode_I/jump_logic_I1/MUXCY_JUMP_CARRY6/jump_carry5
    SLICE_X47Y28         CARRY4 (Prop_carry4_CI_CO[0])
                                                      0.271     1.981 r  design_1_i/microblaze_0/U0/MicroBlaze_Core_I/Performance.Core/Decode_I/jump_logic_I1/MUXCY_JUMP_CARRY6/Using_FPGA.Native_CARRY4/CO[0]
                         net (fo=46, routed)          1.532     3.513    design_1_i/microblaze_0/U0/MicroBlaze_Core_I/Performance.Core/Decode_I/jump_logic_I1/MUXCY_JUMP_CARRY6/in0
    SLICE_X51Y23         LUT3 (Prop_lut3_I1_O)        0.398     3.911 r  design_1_i/microblaze_0/U0/MicroBlaze_Core_I/Performance.Core/Decode_I/jump_logic_I1/MUXCY_JUMP_CARRY6/Instr_Addr[17]_INST_0/O
                         net (fo=33, routed)          2.698     6.609    design_1_i/microblaze_0_local_memory/lmb_bram/U0/inst_blk_mem_gen/gnbram.gnative_mem_map_bmg.native_mem_map_blk_mem_gen/valid.cstr/ramloop[2].ram.r/prim_noinit.ram/addrb[12]
    RAMB36_X0Y11         RAMB36E1                                     r  design_1_i/microblaze_0_local_memory/lmb_bram/U0/inst_blk_mem_gen/gnbram.gnative_mem_map_bmg.native_mem_map_blk_mem_gen/valid.cstr/ramloop[2].ram.r/prim_noinit.ram/DEVICE_7SERIES.WITH_BMM_INFO.TRUE_DP.SIMPLE_PRIM36.TDP_SP36_NO_ECC_ATTR.ram/ADDRBWRADDR[12]
  -------------------------------------------------------------------    -------------------

                         (clock clk_out1_design_1_clk_wiz_1_0 rise edge)
                                                     10.000    10.000 r  
    W5                                                0.000    10.000 r  sys_clock (IN)
                         net (fo=0)                   0.000    10.000    design_1_i/clk_wiz_1/inst/clk_in1
    W5                   IBUF (Prop_ibuf_I_O)         1.388    11.388 r  design_1_i/clk_wiz_1/inst/clkin1_ibufg/O
                         net (fo=1, routed)           1.162    12.550    design_1_i/clk_wiz_1/inst/clk_in1_design_1_clk_wiz_1_0
    MMCME2_ADV_X1Y0      MMCME2_ADV (Prop_mmcme2_adv_CLKIN1_CLKOUT0)
                                                     -7.217     5.332 r  design_1_i/clk_wiz_1/inst/mmcm_adv_inst/CLKOUT0
                         net (fo=1, routed)           1.581     6.914    design_1_i/clk_wiz_1/inst/clk_out1_design_1_clk_wiz_1_0
    BUFGCTRL_X0Y0        BUFG (Prop_bufg_I_O)         0.091     7.005 r  design_1_i/clk_wiz_1/inst/clkout1_buf/O
                         net (fo=1479, routed)        1.482     8.487    design_1_i/microblaze_0_local_memory/lmb_bram/U0/inst_blk_mem_gen/gnbram.gnative_mem_map_bmg.native_mem_map_blk_mem_gen/valid.cstr/ramloop[2].ram.r/prim_noinit.ram/clkb
    RAMB36_X0Y11         RAMB36E1                                     r  design_1_i/microblaze_0_local_memory/lmb_bram/U0/inst_blk_mem_gen/gnbram.gnative_mem_map_bmg.native_mem_map_blk_mem_gen/valid.cstr/ramloop[2].ram.r/prim_noinit.ram/DEVICE_7SERIES.WITH_BMM_INFO.TRUE_DP.SIMPLE_PRIM36.TDP_SP36_NO_ECC_ATTR.ram/CLKBWRCLK
                         clock pessimism              0.484     8.970    
                         clock uncertainty           -0.074     8.896    
    RAMB36_X0Y11         RAMB36E1 (Setup_ramb36e1_CLKBWRCLK_ADDRBWRADDR[12])
                                                     -0.774     8.122    design_1_i/microblaze_0_local_memory/lmb_bram/U0/inst_blk_mem_gen/gnbram.gnative_mem_map_bmg.native_mem_map_blk_mem_gen/valid.cstr/ramloop[2].ram.r/prim_noinit.ram/DEVICE_7SERIES.WITH_BMM_INFO.TRUE_DP.SIMPLE_PRIM36.TDP_SP36_NO_ECC_ATTR.ram
  -------------------------------------------------------------------
                         required time                          8.122    
                         arrival time                          -6.609    
  -------------------------------------------------------------------
                         slack                                  1.513    

Slack (MET) :             1.535ns  (required time - arrival time)
  Source:                 design_1_i/microblaze_0/U0/MicroBlaze_Core_I/Performance.Core/Data_Flow_I/Operand_Select_I/EX_Branch_CMP_Op1_reg[24]/C
                            (rising edge-triggered cell FDRE clocked by clk_out1_design_1_clk_wiz_1_0_1  {rise@0.000ns fall@5.000ns period=10.000ns})
  Destination:            design_1_i/microblaze_0_local_memory/lmb_bram/U0/inst_blk_mem_gen/gnbram.gnative_mem_map_bmg.native_mem_map_blk_mem_gen/valid.cstr/ramloop[2].ram.r/prim_noinit.ram/DEVICE_7SERIES.WITH_BMM_INFO.TRUE_DP.SIMPLE_PRIM36.TDP_SP36_NO_ECC_ATTR.ram/ADDRBWRADDR[13]
                            (rising edge-triggered cell RAMB36E1 clocked by clk_out1_design_1_clk_wiz_1_0  {rise@0.000ns fall@5.000ns period=10.000ns})
  Path Group:             clk_out1_design_1_clk_wiz_1_0
  Path Type:              Setup (Max at Slow Process Corner)
  Requirement:            10.000ns  (clk_out1_design_1_clk_wiz_1_0 rise@10.000ns - clk_out1_design_1_clk_wiz_1_0_1 rise@0.000ns)
  Data Path Delay:        7.751ns  (logic 2.026ns (26.140%)  route 5.725ns (73.860%))
  Logic Levels:           5  (CARRY4=3 LUT3=1 LUT6=1)
  Clock Path Skew:        -0.074ns (DCD - SCD + CPR)
    Destination Clock Delay (DCD):    -1.513ns = ( 8.487 - 10.000 ) 
    Source Clock Delay      (SCD):    -0.956ns
    Clock Pessimism Removal (CPR):    0.484ns
  Clock Uncertainty:      0.074ns  ((TSJ^2 + DJ^2)^1/2) / 2 + PE
    Total System Jitter     (TSJ):    0.071ns
    Discrete Jitter          (DJ):    0.131ns
    Phase Error              (PE):    0.000ns
  Clock Domain Crossing:  Inter clock paths are considered valid unless explicitly excluded by timing constraints such as set_clock_groups or set_false_path.

    Location             Delay type                Incr(ns)  Path(ns)    Netlist Resource(s)
  -------------------------------------------------------------------    -------------------
                         (clock clk_out1_design_1_clk_wiz_1_0_1 rise edge)
                                                      0.000     0.000 r  
    W5                                                0.000     0.000 r  sys_clock (IN)
                         net (fo=0)                   0.000     0.000    design_1_i/clk_wiz_1/inst/clk_in1
    W5                   IBUF (Prop_ibuf_I_O)         1.458     1.458 r  design_1_i/clk_wiz_1/inst/clkin1_ibufg/O
                         net (fo=1, routed)           1.233     2.691    design_1_i/clk_wiz_1/inst/clk_in1_design_1_clk_wiz_1_0
    MMCME2_ADV_X1Y0      MMCME2_ADV (Prop_mmcme2_adv_CLKIN1_CLKOUT0)
                                                     -6.961    -4.269 r  design_1_i/clk_wiz_1/inst/mmcm_adv_inst/CLKOUT0
                         net (fo=1, routed)           1.661    -2.608    design_1_i/clk_wiz_1/inst/clk_out1_design_1_clk_wiz_1_0
    BUFGCTRL_X0Y0        BUFG (Prop_bufg_I_O)         0.096    -2.512 r  design_1_i/clk_wiz_1/inst/clkout1_buf/O
                         net (fo=1479, routed)        1.556    -0.956    design_1_i/microblaze_0/U0/MicroBlaze_Core_I/Performance.Core/Data_Flow_I/Operand_Select_I/Clk
    SLICE_X49Y21         FDRE                                         r  design_1_i/microblaze_0/U0/MicroBlaze_Core_I/Performance.Core/Data_Flow_I/Operand_Select_I/EX_Branch_CMP_Op1_reg[24]/C
  -------------------------------------------------------------------    -------------------
    SLICE_X49Y21         FDRE (Prop_fdre_C_Q)         0.419    -0.537 f  design_1_i/microblaze_0/U0/MicroBlaze_Core_I/Performance.Core/Data_Flow_I/Operand_Select_I/EX_Branch_CMP_Op1_reg[24]/Q
                         net (fo=1, routed)           1.283     0.747    design_1_i/microblaze_0/U0/MicroBlaze_Core_I/Performance.Core/Data_Flow_I/Zero_Detect_I/Q[5]
    SLICE_X47Y26         LUT6 (Prop_lut6_I1_O)        0.299     1.046 r  design_1_i/microblaze_0/U0/MicroBlaze_Core_I/Performance.Core/Data_Flow_I/Zero_Detect_I/S0_inferred__0/i_/O
                         net (fo=1, routed)           0.000     1.046    design_1_i/microblaze_0/U0/MicroBlaze_Core_I/Performance.Core/Data_Flow_I/Zero_Detect_I/Zero_Detecting[3].I_Part_Of_Zero_Detect/lopt_2
    SLICE_X47Y26         CARRY4 (Prop_carry4_S[1]_CO[3])
                                                      0.550     1.596 r  design_1_i/microblaze_0/U0/MicroBlaze_Core_I/Performance.Core/Data_Flow_I/Zero_Detect_I/Zero_Detecting[3].I_Part_Of_Zero_Detect/Using_FPGA.Native_CARRY4/CO[3]
                         net (fo=1, routed)           0.000     1.596    design_1_i/microblaze_0/U0/MicroBlaze_Core_I/Performance.Core/Decode_I/jump_logic_I1/MUXCY_JUMP_CARRY2/jump_carry1
    SLICE_X47Y27         CARRY4 (Prop_carry4_CI_CO[3])
                                                      0.114     1.710 r  design_1_i/microblaze_0/U0/MicroBlaze_Core_I/Performance.Core/Decode_I/jump_logic_I1/MUXCY_JUMP_CARRY2/Using_FPGA.Native_CARRY4/CO[3]
                         net (fo=1, routed)           0.000     1.710    design_1_i/microblaze_0/U0/MicroBlaze_Core_I/Performance.Core/Decode_I/jump_logic_I1/MUXCY_JUMP_CARRY6/jump_carry5
    SLICE_X47Y28         CARRY4 (Prop_carry4_CI_CO[0])
                                                      0.271     1.981 r  design_1_i/microblaze_0/U0/MicroBlaze_Core_I/Performance.Core/Decode_I/jump_logic_I1/MUXCY_JUMP_CARRY6/Using_FPGA.Native_CARRY4/CO[0]
                         net (fo=46, routed)          1.532     3.513    design_1_i/microblaze_0/U0/MicroBlaze_Core_I/Performance.Core/Decode_I/jump_logic_I1/MUXCY_JUMP_CARRY6/in0
    SLICE_X51Y23         LUT3 (Prop_lut3_I1_O)        0.373     3.886 r  design_1_i/microblaze_0/U0/MicroBlaze_Core_I/Performance.Core/Decode_I/jump_logic_I1/MUXCY_JUMP_CARRY6/Instr_Addr[16]_INST_0/O
                         net (fo=33, routed)          2.909     6.795    design_1_i/microblaze_0_local_memory/lmb_bram/U0/inst_blk_mem_gen/gnbram.gnative_mem_map_bmg.native_mem_map_blk_mem_gen/valid.cstr/ramloop[2].ram.r/prim_noinit.ram/addrb[13]
    RAMB36_X0Y11         RAMB36E1                                     r  design_1_i/microblaze_0_local_memory/lmb_bram/U0/inst_blk_mem_gen/gnbram.gnative_mem_map_bmg.native_mem_map_blk_mem_gen/valid.cstr/ramloop[2].ram.r/prim_noinit.ram/DEVICE_7SERIES.WITH_BMM_INFO.TRUE_DP.SIMPLE_PRIM36.TDP_SP36_NO_ECC_ATTR.ram/ADDRBWRADDR[13]
  -------------------------------------------------------------------    -------------------

                         (clock clk_out1_design_1_clk_wiz_1_0 rise edge)
                                                     10.000    10.000 r  
    W5                                                0.000    10.000 r  sys_clock (IN)
                         net (fo=0)                   0.000    10.000    design_1_i/clk_wiz_1/inst/clk_in1
    W5                   IBUF (Prop_ibuf_I_O)         1.388    11.388 r  design_1_i/clk_wiz_1/inst/clkin1_ibufg/O
                         net (fo=1, routed)           1.162    12.550    design_1_i/clk_wiz_1/inst/clk_in1_design_1_clk_wiz_1_0
    MMCME2_ADV_X1Y0      MMCME2_ADV (Prop_mmcme2_adv_CLKIN1_CLKOUT0)
                                                     -7.217     5.332 r  design_1_i/clk_wiz_1/inst/mmcm_adv_inst/CLKOUT0
                         net (fo=1, routed)           1.581     6.914    design_1_i/clk_wiz_1/inst/clk_out1_design_1_clk_wiz_1_0
    BUFGCTRL_X0Y0        BUFG (Prop_bufg_I_O)         0.091     7.005 r  design_1_i/clk_wiz_1/inst/clkout1_buf/O
                         net (fo=1479, routed)        1.482     8.487    design_1_i/microblaze_0_local_memory/lmb_bram/U0/inst_blk_mem_gen/gnbram.gnative_mem_map_bmg.native_mem_map_blk_mem_gen/valid.cstr/ramloop[2].ram.r/prim_noinit.ram/clkb
    RAMB36_X0Y11         RAMB36E1                                     r  design_1_i/microblaze_0_local_memory/lmb_bram/U0/inst_blk_mem_gen/gnbram.gnative_mem_map_bmg.native_mem_map_blk_mem_gen/valid.cstr/ramloop[2].ram.r/prim_noinit.ram/DEVICE_7SERIES.WITH_BMM_INFO.TRUE_DP.SIMPLE_PRIM36.TDP_SP36_NO_ECC_ATTR.ram/CLKBWRCLK
                         clock pessimism              0.484     8.970    
                         clock uncertainty           -0.074     8.896    
    RAMB36_X0Y11         RAMB36E1 (Setup_ramb36e1_CLKBWRCLK_ADDRBWRADDR[13])
                                                     -0.566     8.330    design_1_i/microblaze_0_local_memory/lmb_bram/U0/inst_blk_mem_gen/gnbram.gnative_mem_map_bmg.native_mem_map_blk_mem_gen/valid.cstr/ramloop[2].ram.r/prim_noinit.ram/DEVICE_7SERIES.WITH_BMM_INFO.TRUE_DP.SIMPLE_PRIM36.TDP_SP36_NO_ECC_ATTR.ram
  -------------------------------------------------------------------
                         required time                          8.330    
                         arrival time                          -6.795    
  -------------------------------------------------------------------
                         slack                                  1.535    

Slack (MET) :             1.544ns  (required time - arrival time)
  Source:                 design_1_i/microblaze_0/U0/MicroBlaze_Core_I/Performance.Core/Data_Flow_I/Operand_Select_I/EX_Branch_CMP_Op1_reg[24]/C
                            (rising edge-triggered cell FDRE clocked by clk_out1_design_1_clk_wiz_1_0_1  {rise@0.000ns fall@5.000ns period=10.000ns})
  Destination:            design_1_i/microblaze_0_local_memory/lmb_bram/U0/inst_blk_mem_gen/gnbram.gnative_mem_map_bmg.native_mem_map_blk_mem_gen/valid.cstr/ramloop[2].ram.r/prim_noinit.ram/DEVICE_7SERIES.WITH_BMM_INFO.TRUE_DP.SIMPLE_PRIM36.TDP_SP36_NO_ECC_ATTR.ram/ADDRBWRADDR[6]
                            (rising edge-triggered cell RAMB36E1 clocked by clk_out1_design_1_clk_wiz_1_0  {rise@0.000ns fall@5.000ns period=10.000ns})
  Path Group:             clk_out1_design_1_clk_wiz_1_0
  Path Type:              Setup (Max at Slow Process Corner)
  Requirement:            10.000ns  (clk_out1_design_1_clk_wiz_1_0 rise@10.000ns - clk_out1_design_1_clk_wiz_1_0_1 rise@0.000ns)
  Data Path Delay:        7.533ns  (logic 2.054ns (27.266%)  route 5.479ns (72.734%))
  Logic Levels:           5  (CARRY4=3 LUT3=1 LUT6=1)
  Clock Path Skew:        -0.074ns (DCD - SCD + CPR)
    Destination Clock Delay (DCD):    -1.513ns = ( 8.487 - 10.000 ) 
    Source Clock Delay      (SCD):    -0.956ns
    Clock Pessimism Removal (CPR):    0.484ns
  Clock Uncertainty:      0.074ns  ((TSJ^2 + DJ^2)^1/2) / 2 + PE
    Total System Jitter     (TSJ):    0.071ns
    Discrete Jitter          (DJ):    0.131ns
    Phase Error              (PE):    0.000ns
  Clock Domain Crossing:  Inter clock paths are considered valid unless explicitly excluded by timing constraints such as set_clock_groups or set_false_path.

    Location             Delay type                Incr(ns)  Path(ns)    Netlist Resource(s)
  -------------------------------------------------------------------    -------------------
                         (clock clk_out1_design_1_clk_wiz_1_0_1 rise edge)
                                                      0.000     0.000 r  
    W5                                                0.000     0.000 r  sys_clock (IN)
                         net (fo=0)                   0.000     0.000    design_1_i/clk_wiz_1/inst/clk_in1
    W5                   IBUF (Prop_ibuf_I_O)         1.458     1.458 r  design_1_i/clk_wiz_1/inst/clkin1_ibufg/O
                         net (fo=1, routed)           1.233     2.691    design_1_i/clk_wiz_1/inst/clk_in1_design_1_clk_wiz_1_0
    MMCME2_ADV_X1Y0      MMCME2_ADV (Prop_mmcme2_adv_CLKIN1_CLKOUT0)
                                                     -6.961    -4.269 r  design_1_i/clk_wiz_1/inst/mmcm_adv_inst/CLKOUT0
                         net (fo=1, routed)           1.661    -2.608    design_1_i/clk_wiz_1/inst/clk_out1_design_1_clk_wiz_1_0
    BUFGCTRL_X0Y0        BUFG (Prop_bufg_I_O)         0.096    -2.512 r  design_1_i/clk_wiz_1/inst/clkout1_buf/O
                         net (fo=1479, routed)        1.556    -0.956    design_1_i/microblaze_0/U0/MicroBlaze_Core_I/Performance.Core/Data_Flow_I/Operand_Select_I/Clk
    SLICE_X49Y21         FDRE                                         r  design_1_i/microblaze_0/U0/MicroBlaze_Core_I/Performance.Core/Data_Flow_I/Operand_Select_I/EX_Branch_CMP_Op1_reg[24]/C
  -------------------------------------------------------------------    -------------------
    SLICE_X49Y21         FDRE (Prop_fdre_C_Q)         0.419    -0.537 f  design_1_i/microblaze_0/U0/MicroBlaze_Core_I/Performance.Core/Data_Flow_I/Operand_Select_I/EX_Branch_CMP_Op1_reg[24]/Q
                         net (fo=1, routed)           1.283     0.747    design_1_i/microblaze_0/U0/MicroBlaze_Core_I/Performance.Core/Data_Flow_I/Zero_Detect_I/Q[5]
    SLICE_X47Y26         LUT6 (Prop_lut6_I1_O)        0.299     1.046 r  design_1_i/microblaze_0/U0/MicroBlaze_Core_I/Performance.Core/Data_Flow_I/Zero_Detect_I/S0_inferred__0/i_/O
                         net (fo=1, routed)           0.000     1.046    design_1_i/microblaze_0/U0/MicroBlaze_Core_I/Performance.Core/Data_Flow_I/Zero_Detect_I/Zero_Detecting[3].I_Part_Of_Zero_Detect/lopt_2
    SLICE_X47Y26         CARRY4 (Prop_carry4_S[1]_CO[3])
                                                      0.550     1.596 r  design_1_i/microblaze_0/U0/MicroBlaze_Core_I/Performance.Core/Data_Flow_I/Zero_Detect_I/Zero_Detecting[3].I_Part_Of_Zero_Detect/Using_FPGA.Native_CARRY4/CO[3]
                         net (fo=1, routed)           0.000     1.596    design_1_i/microblaze_0/U0/MicroBlaze_Core_I/Performance.Core/Decode_I/jump_logic_I1/MUXCY_JUMP_CARRY2/jump_carry1
    SLICE_X47Y27         CARRY4 (Prop_carry4_CI_CO[3])
                                                      0.114     1.710 r  design_1_i/microblaze_0/U0/MicroBlaze_Core_I/Performance.Core/Decode_I/jump_logic_I1/MUXCY_JUMP_CARRY2/Using_FPGA.Native_CARRY4/CO[3]
                         net (fo=1, routed)           0.000     1.710    design_1_i/microblaze_0/U0/MicroBlaze_Core_I/Performance.Core/Decode_I/jump_logic_I1/MUXCY_JUMP_CARRY6/jump_carry5
    SLICE_X47Y28         CARRY4 (Prop_carry4_CI_CO[0])
                                                      0.271     1.981 r  design_1_i/microblaze_0/U0/MicroBlaze_Core_I/Performance.Core/Decode_I/jump_logic_I1/MUXCY_JUMP_CARRY6/Using_FPGA.Native_CARRY4/CO[0]
                         net (fo=46, routed)          1.359     3.340    design_1_i/microblaze_0/U0/MicroBlaze_Core_I/Performance.Core/Decode_I/jump_logic_I1/MUXCY_JUMP_CARRY6/in0
    SLICE_X51Y21         LUT3 (Prop_lut3_I1_O)        0.401     3.741 r  design_1_i/microblaze_0/U0/MicroBlaze_Core_I/Performance.Core/Decode_I/jump_logic_I1/MUXCY_JUMP_CARRY6/Instr_Addr[23]_INST_0/O
                         net (fo=33, routed)          2.837     6.578    design_1_i/microblaze_0_local_memory/lmb_bram/U0/inst_blk_mem_gen/gnbram.gnative_mem_map_bmg.native_mem_map_blk_mem_gen/valid.cstr/ramloop[2].ram.r/prim_noinit.ram/addrb[6]
    RAMB36_X0Y11         RAMB36E1                                     r  design_1_i/microblaze_0_local_memory/lmb_bram/U0/inst_blk_mem_gen/gnbram.gnative_mem_map_bmg.native_mem_map_blk_mem_gen/valid.cstr/ramloop[2].ram.r/prim_noinit.ram/DEVICE_7SERIES.WITH_BMM_INFO.TRUE_DP.SIMPLE_PRIM36.TDP_SP36_NO_ECC_ATTR.ram/ADDRBWRADDR[6]
  -------------------------------------------------------------------    -------------------

                         (clock clk_out1_design_1_clk_wiz_1_0 rise edge)
                                                     10.000    10.000 r  
    W5                                                0.000    10.000 r  sys_clock (IN)
                         net (fo=0)                   0.000    10.000    design_1_i/clk_wiz_1/inst/clk_in1
    W5                   IBUF (Prop_ibuf_I_O)         1.388    11.388 r  design_1_i/clk_wiz_1/inst/clkin1_ibufg/O
                         net (fo=1, routed)           1.162    12.550    design_1_i/clk_wiz_1/inst/clk_in1_design_1_clk_wiz_1_0
    MMCME2_ADV_X1Y0      MMCME2_ADV (Prop_mmcme2_adv_CLKIN1_CLKOUT0)
                                                     -7.217     5.332 r  design_1_i/clk_wiz_1/inst/mmcm_adv_inst/CLKOUT0
                         net (fo=1, routed)           1.581     6.914    design_1_i/clk_wiz_1/inst/clk_out1_design_1_clk_wiz_1_0
    BUFGCTRL_X0Y0        BUFG (Prop_bufg_I_O)         0.091     7.005 r  design_1_i/clk_wiz_1/inst/clkout1_buf/O
                         net (fo=1479, routed)        1.482     8.487    design_1_i/microblaze_0_local_memory/lmb_bram/U0/inst_blk_mem_gen/gnbram.gnative_mem_map_bmg.native_mem_map_blk_mem_gen/valid.cstr/ramloop[2].ram.r/prim_noinit.ram/clkb
    RAMB36_X0Y11         RAMB36E1                                     r  design_1_i/microblaze_0_local_memory/lmb_bram/U0/inst_blk_mem_gen/gnbram.gnative_mem_map_bmg.native_mem_map_blk_mem_gen/valid.cstr/ramloop[2].ram.r/prim_noinit.ram/DEVICE_7SERIES.WITH_BMM_INFO.TRUE_DP.SIMPLE_PRIM36.TDP_SP36_NO_ECC_ATTR.ram/CLKBWRCLK
                         clock pessimism              0.484     8.970    
                         clock uncertainty           -0.074     8.896    
    RAMB36_X0Y11         RAMB36E1 (Setup_ramb36e1_CLKBWRCLK_ADDRBWRADDR[6])
                                                     -0.774     8.122    design_1_i/microblaze_0_local_memory/lmb_bram/U0/inst_blk_mem_gen/gnbram.gnative_mem_map_bmg.native_mem_map_blk_mem_gen/valid.cstr/ramloop[2].ram.r/prim_noinit.ram/DEVICE_7SERIES.WITH_BMM_INFO.TRUE_DP.SIMPLE_PRIM36.TDP_SP36_NO_ECC_ATTR.ram
  -------------------------------------------------------------------
                         required time                          8.122    
                         arrival time                          -6.578    
  -------------------------------------------------------------------
                         slack                                  1.544    

Slack (MET) :             1.559ns  (required time - arrival time)
  Source:                 design_1_i/microblaze_0/U0/MicroBlaze_Core_I/Performance.Core/Data_Flow_I/Operand_Select_I/EX_Branch_CMP_Op1_reg[24]/C
                            (rising edge-triggered cell FDRE clocked by clk_out1_design_1_clk_wiz_1_0_1  {rise@0.000ns fall@5.000ns period=10.000ns})
  Destination:            design_1_i/microblaze_0_local_memory/lmb_bram/U0/inst_blk_mem_gen/gnbram.gnative_mem_map_bmg.native_mem_map_blk_mem_gen/valid.cstr/ramloop[2].ram.r/prim_noinit.ram/DEVICE_7SERIES.WITH_BMM_INFO.TRUE_DP.SIMPLE_PRIM36.TDP_SP36_NO_ECC_ATTR.ram/ADDRBWRADDR[8]
                            (rising edge-triggered cell RAMB36E1 clocked by clk_out1_design_1_clk_wiz_1_0  {rise@0.000ns fall@5.000ns period=10.000ns})
  Path Group:             clk_out1_design_1_clk_wiz_1_0
  Path Type:              Setup (Max at Slow Process Corner)
  Requirement:            10.000ns  (clk_out1_design_1_clk_wiz_1_0 rise@10.000ns - clk_out1_design_1_clk_wiz_1_0_1 rise@0.000ns)
  Data Path Delay:        7.524ns  (logic 2.052ns (27.272%)  route 5.472ns (72.728%))
  Logic Levels:           5  (CARRY4=3 LUT3=1 LUT6=1)
  Clock Path Skew:        -0.074ns (DCD - SCD + CPR)
    Destination Clock Delay (DCD):    -1.513ns = ( 8.487 - 10.000 ) 
    Source Clock Delay      (SCD):    -0.956ns
    Clock Pessimism Removal (CPR):    0.484ns
  Clock Uncertainty:      0.074ns  ((TSJ^2 + DJ^2)^1/2) / 2 + PE
    Total System Jitter     (TSJ):    0.071ns
    Discrete Jitter          (DJ):    0.131ns
    Phase Error              (PE):    0.000ns
  Clock Domain Crossing:  Inter clock paths are considered valid unless explicitly excluded by timing constraints such as set_clock_groups or set_false_path.

    Location             Delay type                Incr(ns)  Path(ns)    Netlist Resource(s)
  -------------------------------------------------------------------    -------------------
                         (clock clk_out1_design_1_clk_wiz_1_0_1 rise edge)
                                                      0.000     0.000 r  
    W5                                                0.000     0.000 r  sys_clock (IN)
                         net (fo=0)                   0.000     0.000    design_1_i/clk_wiz_1/inst/clk_in1
    W5                   IBUF (Prop_ibuf_I_O)         1.458     1.458 r  design_1_i/clk_wiz_1/inst/clkin1_ibufg/O
                         net (fo=1, routed)           1.233     2.691    design_1_i/clk_wiz_1/inst/clk_in1_design_1_clk_wiz_1_0
    MMCME2_ADV_X1Y0      MMCME2_ADV (Prop_mmcme2_adv_CLKIN1_CLKOUT0)
                                                     -6.961    -4.269 r  design_1_i/clk_wiz_1/inst/mmcm_adv_inst/CLKOUT0
                         net (fo=1, routed)           1.661    -2.608    design_1_i/clk_wiz_1/inst/clk_out1_design_1_clk_wiz_1_0
    BUFGCTRL_X0Y0        BUFG (Prop_bufg_I_O)         0.096    -2.512 r  design_1_i/clk_wiz_1/inst/clkout1_buf/O
                         net (fo=1479, routed)        1.556    -0.956    design_1_i/microblaze_0/U0/MicroBlaze_Core_I/Performance.Core/Data_Flow_I/Operand_Select_I/Clk
    SLICE_X49Y21         FDRE                                         r  design_1_i/microblaze_0/U0/MicroBlaze_Core_I/Performance.Core/Data_Flow_I/Operand_Select_I/EX_Branch_CMP_Op1_reg[24]/C
  -------------------------------------------------------------------    -------------------
    SLICE_X49Y21         FDRE (Prop_fdre_C_Q)         0.419    -0.537 f  design_1_i/microblaze_0/U0/MicroBlaze_Core_I/Performance.Core/Data_Flow_I/Operand_Select_I/EX_Branch_CMP_Op1_reg[24]/Q
                         net (fo=1, routed)           1.283     0.747    design_1_i/microblaze_0/U0/MicroBlaze_Core_I/Performance.Core/Data_Flow_I/Zero_Detect_I/Q[5]
    SLICE_X47Y26         LUT6 (Prop_lut6_I1_O)        0.299     1.046 r  design_1_i/microblaze_0/U0/MicroBlaze_Core_I/Performance.Core/Data_Flow_I/Zero_Detect_I/S0_inferred__0/i_/O
                         net (fo=1, routed)           0.000     1.046    design_1_i/microblaze_0/U0/MicroBlaze_Core_I/Performance.Core/Data_Flow_I/Zero_Detect_I/Zero_Detecting[3].I_Part_Of_Zero_Detect/lopt_2
    SLICE_X47Y26         CARRY4 (Prop_carry4_S[1]_CO[3])
                                                      0.550     1.596 r  design_1_i/microblaze_0/U0/MicroBlaze_Core_I/Performance.Core/Data_Flow_I/Zero_Detect_I/Zero_Detecting[3].I_Part_Of_Zero_Detect/Using_FPGA.Native_CARRY4/CO[3]
                         net (fo=1, routed)           0.000     1.596    design_1_i/microblaze_0/U0/MicroBlaze_Core_I/Performance.Core/Decode_I/jump_logic_I1/MUXCY_JUMP_CARRY2/jump_carry1
    SLICE_X47Y27         CARRY4 (Prop_carry4_CI_CO[3])
                                                      0.114     1.710 r  design_1_i/microblaze_0/U0/MicroBlaze_Core_I/Performance.Core/Decode_I/jump_logic_I1/MUXCY_JUMP_CARRY2/Using_FPGA.Native_CARRY4/CO[3]
                         net (fo=1, routed)           0.000     1.710    design_1_i/microblaze_0/U0/MicroBlaze_Core_I/Performance.Core/Decode_I/jump_logic_I1/MUXCY_JUMP_CARRY6/jump_carry5
    SLICE_X47Y28         CARRY4 (Prop_carry4_CI_CO[0])
                                                      0.271     1.981 r  design_1_i/microblaze_0/U0/MicroBlaze_Core_I/Performance.Core/Decode_I/jump_logic_I1/MUXCY_JUMP_CARRY6/Using_FPGA.Native_CARRY4/CO[0]
                         net (fo=46, routed)          1.282     3.263    design_1_i/microblaze_0/U0/MicroBlaze_Core_I/Performance.Core/Decode_I/jump_logic_I1/MUXCY_JUMP_CARRY6/in0
    SLICE_X51Y21         LUT3 (Prop_lut3_I1_O)        0.399     3.662 r  design_1_i/microblaze_0/U0/MicroBlaze_Core_I/Performance.Core/Decode_I/jump_logic_I1/MUXCY_JUMP_CARRY6/Instr_Addr[21]_INST_0/O
                         net (fo=33, routed)          2.907     6.569    design_1_i/microblaze_0_local_memory/lmb_bram/U0/inst_blk_mem_gen/gnbram.gnative_mem_map_bmg.native_mem_map_blk_mem_gen/valid.cstr/ramloop[2].ram.r/prim_noinit.ram/addrb[8]
    RAMB36_X0Y11         RAMB36E1                                     r  design_1_i/microblaze_0_local_memory/lmb_bram/U0/inst_blk_mem_gen/gnbram.gnative_mem_map_bmg.native_mem_map_blk_mem_gen/valid.cstr/ramloop[2].ram.r/prim_noinit.ram/DEVICE_7SERIES.WITH_BMM_INFO.TRUE_DP.SIMPLE_PRIM36.TDP_SP36_NO_ECC_ATTR.ram/ADDRBWRADDR[8]
  -------------------------------------------------------------------    -------------------

                         (clock clk_out1_design_1_clk_wiz_1_0 rise edge)
                                                     10.000    10.000 r  
    W5                                                0.000    10.000 r  sys_clock (IN)
                         net (fo=0)                   0.000    10.000    design_1_i/clk_wiz_1/inst/clk_in1
    W5                   IBUF (Prop_ibuf_I_O)         1.388    11.388 r  design_1_i/clk_wiz_1/inst/clkin1_ibufg/O
                         net (fo=1, routed)           1.162    12.550    design_1_i/clk_wiz_1/inst/clk_in1_design_1_clk_wiz_1_0
    MMCME2_ADV_X1Y0      MMCME2_ADV (Prop_mmcme2_adv_CLKIN1_CLKOUT0)
                                                     -7.217     5.332 r  design_1_i/clk_wiz_1/inst/mmcm_adv_inst/CLKOUT0
                         net (fo=1, routed)           1.581     6.914    design_1_i/clk_wiz_1/inst/clk_out1_design_1_clk_wiz_1_0
    BUFGCTRL_X0Y0        BUFG (Prop_bufg_I_O)         0.091     7.005 r  design_1_i/clk_wiz_1/inst/clkout1_buf/O
                         net (fo=1479, routed)        1.482     8.487    design_1_i/microblaze_0_local_memory/lmb_bram/U0/inst_blk_mem_gen/gnbram.gnative_mem_map_bmg.native_mem_map_blk_mem_gen/valid.cstr/ramloop[2].ram.r/prim_noinit.ram/clkb
    RAMB36_X0Y11         RAMB36E1                                     r  design_1_i/microblaze_0_local_memory/lmb_bram/U0/inst_blk_mem_gen/gnbram.gnative_mem_map_bmg.native_mem_map_blk_mem_gen/valid.cstr/ramloop[2].ram.r/prim_noinit.ram/DEVICE_7SERIES.WITH_BMM_INFO.TRUE_DP.SIMPLE_PRIM36.TDP_SP36_NO_ECC_ATTR.ram/CLKBWRCLK
                         clock pessimism              0.484     8.970    
                         clock uncertainty           -0.074     8.896    
    RAMB36_X0Y11         RAMB36E1 (Setup_ramb36e1_CLKBWRCLK_ADDRBWRADDR[8])
                                                     -0.768     8.128    design_1_i/microblaze_0_local_memory/lmb_bram/U0/inst_blk_mem_gen/gnbram.gnative_mem_map_bmg.native_mem_map_blk_mem_gen/valid.cstr/ramloop[2].ram.r/prim_noinit.ram/DEVICE_7SERIES.WITH_BMM_INFO.TRUE_DP.SIMPLE_PRIM36.TDP_SP36_NO_ECC_ATTR.ram
  -------------------------------------------------------------------
                         required time                          8.128    
                         arrival time                          -6.569    
  -------------------------------------------------------------------
                         slack                                  1.559    

Slack (MET) :             1.563ns  (required time - arrival time)
  Source:                 design_1_i/microblaze_0/U0/MicroBlaze_Core_I/Performance.Core/Data_Flow_I/Operand_Select_I/EX_Branch_CMP_Op1_reg[24]/C
                            (rising edge-triggered cell FDRE clocked by clk_out1_design_1_clk_wiz_1_0_1  {rise@0.000ns fall@5.000ns period=10.000ns})
  Destination:            design_1_i/microblaze_0_local_memory/lmb_bram/U0/inst_blk_mem_gen/gnbram.gnative_mem_map_bmg.native_mem_map_blk_mem_gen/valid.cstr/ramloop[0].ram.r/prim_noinit.ram/DEVICE_7SERIES.WITH_BMM_INFO.TRUE_DP.SIMPLE_PRIM36.TDP_SP36_NO_ECC_ATTR.ram/ADDRBWRADDR[13]
                            (rising edge-triggered cell RAMB36E1 clocked by clk_out1_design_1_clk_wiz_1_0  {rise@0.000ns fall@5.000ns period=10.000ns})
  Path Group:             clk_out1_design_1_clk_wiz_1_0
  Path Type:              Setup (Max at Slow Process Corner)
  Requirement:            10.000ns  (clk_out1_design_1_clk_wiz_1_0 rise@10.000ns - clk_out1_design_1_clk_wiz_1_0_1 rise@0.000ns)
  Data Path Delay:        7.724ns  (logic 2.026ns (26.231%)  route 5.698ns (73.769%))
  Logic Levels:           5  (CARRY4=3 LUT3=1 LUT6=1)
  Clock Path Skew:        -0.073ns (DCD - SCD + CPR)
    Destination Clock Delay (DCD):    -1.512ns = ( 8.488 - 10.000 ) 
    Source Clock Delay      (SCD):    -0.956ns
    Clock Pessimism Removal (CPR):    0.484ns
  Clock Uncertainty:      0.074ns  ((TSJ^2 + DJ^2)^1/2) / 2 + PE
    Total System Jitter     (TSJ):    0.071ns
    Discrete Jitter          (DJ):    0.131ns
    Phase Error              (PE):    0.000ns
  Clock Domain Crossing:  Inter clock paths are considered valid unless explicitly excluded by timing constraints such as set_clock_groups or set_false_path.

    Location             Delay type                Incr(ns)  Path(ns)    Netlist Resource(s)
  -------------------------------------------------------------------    -------------------
                         (clock clk_out1_design_1_clk_wiz_1_0_1 rise edge)
                                                      0.000     0.000 r  
    W5                                                0.000     0.000 r  sys_clock (IN)
                         net (fo=0)                   0.000     0.000    design_1_i/clk_wiz_1/inst/clk_in1
    W5                   IBUF (Prop_ibuf_I_O)         1.458     1.458 r  design_1_i/clk_wiz_1/inst/clkin1_ibufg/O
                         net (fo=1, routed)           1.233     2.691    design_1_i/clk_wiz_1/inst/clk_in1_design_1_clk_wiz_1_0
    MMCME2_ADV_X1Y0      MMCME2_ADV (Prop_mmcme2_adv_CLKIN1_CLKOUT0)
                                                     -6.961    -4.269 r  design_1_i/clk_wiz_1/inst/mmcm_adv_inst/CLKOUT0
                         net (fo=1, routed)           1.661    -2.608    design_1_i/clk_wiz_1/inst/clk_out1_design_1_clk_wiz_1_0
    BUFGCTRL_X0Y0        BUFG (Prop_bufg_I_O)         0.096    -2.512 r  design_1_i/clk_wiz_1/inst/clkout1_buf/O
                         net (fo=1479, routed)        1.556    -0.956    design_1_i/microblaze_0/U0/MicroBlaze_Core_I/Performance.Core/Data_Flow_I/Operand_Select_I/Clk
    SLICE_X49Y21         FDRE                                         r  design_1_i/microblaze_0/U0/MicroBlaze_Core_I/Performance.Core/Data_Flow_I/Operand_Select_I/EX_Branch_CMP_Op1_reg[24]/C
  -------------------------------------------------------------------    -------------------
    SLICE_X49Y21         FDRE (Prop_fdre_C_Q)         0.419    -0.537 f  design_1_i/microblaze_0/U0/MicroBlaze_Core_I/Performance.Core/Data_Flow_I/Operand_Select_I/EX_Branch_CMP_Op1_reg[24]/Q
                         net (fo=1, routed)           1.283     0.747    design_1_i/microblaze_0/U0/MicroBlaze_Core_I/Performance.Core/Data_Flow_I/Zero_Detect_I/Q[5]
    SLICE_X47Y26         LUT6 (Prop_lut6_I1_O)        0.299     1.046 r  design_1_i/microblaze_0/U0/MicroBlaze_Core_I/Performance.Core/Data_Flow_I/Zero_Detect_I/S0_inferred__0/i_/O
                         net (fo=1, routed)           0.000     1.046    design_1_i/microblaze_0/U0/MicroBlaze_Core_I/Performance.Core/Data_Flow_I/Zero_Detect_I/Zero_Detecting[3].I_Part_Of_Zero_Detect/lopt_2
    SLICE_X47Y26         CARRY4 (Prop_carry4_S[1]_CO[3])
                                                      0.550     1.596 r  design_1_i/microblaze_0/U0/MicroBlaze_Core_I/Performance.Core/Data_Flow_I/Zero_Detect_I/Zero_Detecting[3].I_Part_Of_Zero_Detect/Using_FPGA.Native_CARRY4/CO[3]
                         net (fo=1, routed)           0.000     1.596    design_1_i/microblaze_0/U0/MicroBlaze_Core_I/Performance.Core/Decode_I/jump_logic_I1/MUXCY_JUMP_CARRY2/jump_carry1
    SLICE_X47Y27         CARRY4 (Prop_carry4_CI_CO[3])
                                                      0.114     1.710 r  design_1_i/microblaze_0/U0/MicroBlaze_Core_I/Performance.Core/Decode_I/jump_logic_I1/MUXCY_JUMP_CARRY2/Using_FPGA.Native_CARRY4/CO[3]
                         net (fo=1, routed)           0.000     1.710    design_1_i/microblaze_0/U0/MicroBlaze_Core_I/Performance.Core/Decode_I/jump_logic_I1/MUXCY_JUMP_CARRY6/jump_carry5
    SLICE_X47Y28         CARRY4 (Prop_carry4_CI_CO[0])
                                                      0.271     1.981 r  design_1_i/microblaze_0/U0/MicroBlaze_Core_I/Performance.Core/Decode_I/jump_logic_I1/MUXCY_JUMP_CARRY6/Using_FPGA.Native_CARRY4/CO[0]
                         net (fo=46, routed)          1.532     3.513    design_1_i/microblaze_0/U0/MicroBlaze_Core_I/Performance.Core/Decode_I/jump_logic_I1/MUXCY_JUMP_CARRY6/in0
    SLICE_X51Y23         LUT3 (Prop_lut3_I1_O)        0.373     3.886 r  design_1_i/microblaze_0/U0/MicroBlaze_Core_I/Performance.Core/Decode_I/jump_logic_I1/MUXCY_JUMP_CARRY6/Instr_Addr[16]_INST_0/O
                         net (fo=33, routed)          2.882     6.768    design_1_i/microblaze_0_local_memory/lmb_bram/U0/inst_blk_mem_gen/gnbram.gnative_mem_map_bmg.native_mem_map_blk_mem_gen/valid.cstr/ramloop[0].ram.r/prim_noinit.ram/addrb[13]
    RAMB36_X0Y10         RAMB36E1                                     r  design_1_i/microblaze_0_local_memory/lmb_bram/U0/inst_blk_mem_gen/gnbram.gnative_mem_map_bmg.native_mem_map_blk_mem_gen/valid.cstr/ramloop[0].ram.r/prim_noinit.ram/DEVICE_7SERIES.WITH_BMM_INFO.TRUE_DP.SIMPLE_PRIM36.TDP_SP36_NO_ECC_ATTR.ram/ADDRBWRADDR[13]
  -------------------------------------------------------------------    -------------------

                         (clock clk_out1_design_1_clk_wiz_1_0 rise edge)
                                                     10.000    10.000 r  
    W5                                                0.000    10.000 r  sys_clock (IN)
                         net (fo=0)                   0.000    10.000    design_1_i/clk_wiz_1/inst/clk_in1
    W5                   IBUF (Prop_ibuf_I_O)         1.388    11.388 r  design_1_i/clk_wiz_1/inst/clkin1_ibufg/O
                         net (fo=1, routed)           1.162    12.550    design_1_i/clk_wiz_1/inst/clk_in1_design_1_clk_wiz_1_0
    MMCME2_ADV_X1Y0      MMCME2_ADV (Prop_mmcme2_adv_CLKIN1_CLKOUT0)
                                                     -7.217     5.332 r  design_1_i/clk_wiz_1/inst/mmcm_adv_inst/CLKOUT0
                         net (fo=1, routed)           1.581     6.914    design_1_i/clk_wiz_1/inst/clk_out1_design_1_clk_wiz_1_0
    BUFGCTRL_X0Y0        BUFG (Prop_bufg_I_O)         0.091     7.005 r  design_1_i/clk_wiz_1/inst/clkout1_buf/O
                         net (fo=1479, routed)        1.483     8.488    design_1_i/microblaze_0_local_memory/lmb_bram/U0/inst_blk_mem_gen/gnbram.gnative_mem_map_bmg.native_mem_map_blk_mem_gen/valid.cstr/ramloop[0].ram.r/prim_noinit.ram/clkb
    RAMB36_X0Y10         RAMB36E1                                     r  design_1_i/microblaze_0_local_memory/lmb_bram/U0/inst_blk_mem_gen/gnbram.gnative_mem_map_bmg.native_mem_map_blk_mem_gen/valid.cstr/ramloop[0].ram.r/prim_noinit.ram/DEVICE_7SERIES.WITH_BMM_INFO.TRUE_DP.SIMPLE_PRIM36.TDP_SP36_NO_ECC_ATTR.ram/CLKBWRCLK
                         clock pessimism              0.484     8.971    
                         clock uncertainty           -0.074     8.897    
    RAMB36_X0Y10         RAMB36E1 (Setup_ramb36e1_CLKBWRCLK_ADDRBWRADDR[13])
                                                     -0.566     8.331    design_1_i/microblaze_0_local_memory/lmb_bram/U0/inst_blk_mem_gen/gnbram.gnative_mem_map_bmg.native_mem_map_blk_mem_gen/valid.cstr/ramloop[0].ram.r/prim_noinit.ram/DEVICE_7SERIES.WITH_BMM_INFO.TRUE_DP.SIMPLE_PRIM36.TDP_SP36_NO_ECC_ATTR.ram
  -------------------------------------------------------------------
                         required time                          8.331    
                         arrival time                          -6.768    
  -------------------------------------------------------------------
                         slack                                  1.563    

Slack (MET) :             1.569ns  (required time - arrival time)
  Source:                 design_1_i/microblaze_0/U0/MicroBlaze_Core_I/Performance.Core/Data_Flow_I/Operand_Select_I/EX_Branch_CMP_Op1_reg[24]/C
                            (rising edge-triggered cell FDRE clocked by clk_out1_design_1_clk_wiz_1_0_1  {rise@0.000ns fall@5.000ns period=10.000ns})
  Destination:            design_1_i/microblaze_0_local_memory/lmb_bram/U0/inst_blk_mem_gen/gnbram.gnative_mem_map_bmg.native_mem_map_blk_mem_gen/valid.cstr/ramloop[2].ram.r/prim_noinit.ram/DEVICE_7SERIES.WITH_BMM_INFO.TRUE_DP.SIMPLE_PRIM36.TDP_SP36_NO_ECC_ATTR.ram/ADDRBWRADDR[7]
                            (rising edge-triggered cell RAMB36E1 clocked by clk_out1_design_1_clk_wiz_1_0  {rise@0.000ns fall@5.000ns period=10.000ns})
  Path Group:             clk_out1_design_1_clk_wiz_1_0
  Path Type:              Setup (Max at Slow Process Corner)
  Requirement:            10.000ns  (clk_out1_design_1_clk_wiz_1_0 rise@10.000ns - clk_out1_design_1_clk_wiz_1_0_1 rise@0.000ns)
  Data Path Delay:        7.717ns  (logic 2.026ns (26.254%)  route 5.691ns (73.746%))
  Logic Levels:           5  (CARRY4=3 LUT3=1 LUT6=1)
  Clock Path Skew:        -0.074ns (DCD - SCD + CPR)
    Destination Clock Delay (DCD):    -1.513ns = ( 8.487 - 10.000 ) 
    Source Clock Delay      (SCD):    -0.956ns
    Clock Pessimism Removal (CPR):    0.484ns
  Clock Uncertainty:      0.074ns  ((TSJ^2 + DJ^2)^1/2) / 2 + PE
    Total System Jitter     (TSJ):    0.071ns
    Discrete Jitter          (DJ):    0.131ns
    Phase Error              (PE):    0.000ns
  Clock Domain Crossing:  Inter clock paths are considered valid unless explicitly excluded by timing constraints such as set_clock_groups or set_false_path.

    Location             Delay type                Incr(ns)  Path(ns)    Netlist Resource(s)
  -------------------------------------------------------------------    -------------------
                         (clock clk_out1_design_1_clk_wiz_1_0_1 rise edge)
                                                      0.000     0.000 r  
    W5                                                0.000     0.000 r  sys_clock (IN)
                         net (fo=0)                   0.000     0.000    design_1_i/clk_wiz_1/inst/clk_in1
    W5                   IBUF (Prop_ibuf_I_O)         1.458     1.458 r  design_1_i/clk_wiz_1/inst/clkin1_ibufg/O
                         net (fo=1, routed)           1.233     2.691    design_1_i/clk_wiz_1/inst/clk_in1_design_1_clk_wiz_1_0
    MMCME2_ADV_X1Y0      MMCME2_ADV (Prop_mmcme2_adv_CLKIN1_CLKOUT0)
                                                     -6.961    -4.269 r  design_1_i/clk_wiz_1/inst/mmcm_adv_inst/CLKOUT0
                         net (fo=1, routed)           1.661    -2.608    design_1_i/clk_wiz_1/inst/clk_out1_design_1_clk_wiz_1_0
    BUFGCTRL_X0Y0        BUFG (Prop_bufg_I_O)         0.096    -2.512 r  design_1_i/clk_wiz_1/inst/clkout1_buf/O
                         net (fo=1479, routed)        1.556    -0.956    design_1_i/microblaze_0/U0/MicroBlaze_Core_I/Performance.Core/Data_Flow_I/Operand_Select_I/Clk
    SLICE_X49Y21         FDRE                                         r  design_1_i/microblaze_0/U0/MicroBlaze_Core_I/Performance.Core/Data_Flow_I/Operand_Select_I/EX_Branch_CMP_Op1_reg[24]/C
  -------------------------------------------------------------------    -------------------
    SLICE_X49Y21         FDRE (Prop_fdre_C_Q)         0.419    -0.537 f  design_1_i/microblaze_0/U0/MicroBlaze_Core_I/Performance.Core/Data_Flow_I/Operand_Select_I/EX_Branch_CMP_Op1_reg[24]/Q
                         net (fo=1, routed)           1.283     0.747    design_1_i/microblaze_0/U0/MicroBlaze_Core_I/Performance.Core/Data_Flow_I/Zero_Detect_I/Q[5]
    SLICE_X47Y26         LUT6 (Prop_lut6_I1_O)        0.299     1.046 r  design_1_i/microblaze_0/U0/MicroBlaze_Core_I/Performance.Core/Data_Flow_I/Zero_Detect_I/S0_inferred__0/i_/O
                         net (fo=1, routed)           0.000     1.046    design_1_i/microblaze_0/U0/MicroBlaze_Core_I/Performance.Core/Data_Flow_I/Zero_Detect_I/Zero_Detecting[3].I_Part_Of_Zero_Detect/lopt_2
    SLICE_X47Y26         CARRY4 (Prop_carry4_S[1]_CO[3])
                                                      0.550     1.596 r  design_1_i/microblaze_0/U0/MicroBlaze_Core_I/Performance.Core/Data_Flow_I/Zero_Detect_I/Zero_Detecting[3].I_Part_Of_Zero_Detect/Using_FPGA.Native_CARRY4/CO[3]
                         net (fo=1, routed)           0.000     1.596    design_1_i/microblaze_0/U0/MicroBlaze_Core_I/Performance.Core/Decode_I/jump_logic_I1/MUXCY_JUMP_CARRY2/jump_carry1
    SLICE_X47Y27         CARRY4 (Prop_carry4_CI_CO[3])
                                                      0.114     1.710 r  design_1_i/microblaze_0/U0/MicroBlaze_Core_I/Performance.Core/Decode_I/jump_logic_I1/MUXCY_JUMP_CARRY2/Using_FPGA.Native_CARRY4/CO[3]
                         net (fo=1, routed)           0.000     1.710    design_1_i/microblaze_0/U0/MicroBlaze_Core_I/Performance.Core/Decode_I/jump_logic_I1/MUXCY_JUMP_CARRY6/jump_carry5
    SLICE_X47Y28         CARRY4 (Prop_carry4_CI_CO[0])
                                                      0.271     1.981 r  design_1_i/microblaze_0/U0/MicroBlaze_Core_I/Performance.Core/Decode_I/jump_logic_I1/MUXCY_JUMP_CARRY6/Using_FPGA.Native_CARRY4/CO[0]
                         net (fo=46, routed)          1.359     3.340    design_1_i/microblaze_0/U0/MicroBlaze_Core_I/Performance.Core/Decode_I/jump_logic_I1/MUXCY_JUMP_CARRY6/in0
    SLICE_X51Y21         LUT3 (Prop_lut3_I1_O)        0.373     3.713 r  design_1_i/microblaze_0/U0/MicroBlaze_Core_I/Performance.Core/Decode_I/jump_logic_I1/MUXCY_JUMP_CARRY6/Instr_Addr[22]_INST_0/O
                         net (fo=33, routed)          3.048     6.761    design_1_i/microblaze_0_local_memory/lmb_bram/U0/inst_blk_mem_gen/gnbram.gnative_mem_map_bmg.native_mem_map_blk_mem_gen/valid.cstr/ramloop[2].ram.r/prim_noinit.ram/addrb[7]
    RAMB36_X0Y11         RAMB36E1                                     r  design_1_i/microblaze_0_local_memory/lmb_bram/U0/inst_blk_mem_gen/gnbram.gnative_mem_map_bmg.native_mem_map_blk_mem_gen/valid.cstr/ramloop[2].ram.r/prim_noinit.ram/DEVICE_7SERIES.WITH_BMM_INFO.TRUE_DP.SIMPLE_PRIM36.TDP_SP36_NO_ECC_ATTR.ram/ADDRBWRADDR[7]
  -------------------------------------------------------------------    -------------------

                         (clock clk_out1_design_1_clk_wiz_1_0 rise edge)
                                                     10.000    10.000 r  
    W5                                                0.000    10.000 r  sys_clock (IN)
                         net (fo=0)                   0.000    10.000    design_1_i/clk_wiz_1/inst/clk_in1
    W5                   IBUF (Prop_ibuf_I_O)         1.388    11.388 r  design_1_i/clk_wiz_1/inst/clkin1_ibufg/O
                         net (fo=1, routed)           1.162    12.550    design_1_i/clk_wiz_1/inst/clk_in1_design_1_clk_wiz_1_0
    MMCME2_ADV_X1Y0      MMCME2_ADV (Prop_mmcme2_adv_CLKIN1_CLKOUT0)
                                                     -7.217     5.332 r  design_1_i/clk_wiz_1/inst/mmcm_adv_inst/CLKOUT0
                         net (fo=1, routed)           1.581     6.914    design_1_i/clk_wiz_1/inst/clk_out1_design_1_clk_wiz_1_0
    BUFGCTRL_X0Y0        BUFG (Prop_bufg_I_O)         0.091     7.005 r  design_1_i/clk_wiz_1/inst/clkout1_buf/O
                         net (fo=1479, routed)        1.482     8.487    design_1_i/microblaze_0_local_memory/lmb_bram/U0/inst_blk_mem_gen/gnbram.gnative_mem_map_bmg.native_mem_map_blk_mem_gen/valid.cstr/ramloop[2].ram.r/prim_noinit.ram/clkb
    RAMB36_X0Y11         RAMB36E1                                     r  design_1_i/microblaze_0_local_memory/lmb_bram/U0/inst_blk_mem_gen/gnbram.gnative_mem_map_bmg.native_mem_map_blk_mem_gen/valid.cstr/ramloop[2].ram.r/prim_noinit.ram/DEVICE_7SERIES.WITH_BMM_INFO.TRUE_DP.SIMPLE_PRIM36.TDP_SP36_NO_ECC_ATTR.ram/CLKBWRCLK
                         clock pessimism              0.484     8.970    
                         clock uncertainty           -0.074     8.896    
    RAMB36_X0Y11         RAMB36E1 (Setup_ramb36e1_CLKBWRCLK_ADDRBWRADDR[7])
                                                     -0.566     8.330    design_1_i/microblaze_0_local_memory/lmb_bram/U0/inst_blk_mem_gen/gnbram.gnative_mem_map_bmg.native_mem_map_blk_mem_gen/valid.cstr/ramloop[2].ram.r/prim_noinit.ram/DEVICE_7SERIES.WITH_BMM_INFO.TRUE_DP.SIMPLE_PRIM36.TDP_SP36_NO_ECC_ATTR.ram
  -------------------------------------------------------------------
                         required time                          8.330    
                         arrival time                          -6.761    
  -------------------------------------------------------------------
                         slack                                  1.569    

Slack (MET) :             1.583ns  (required time - arrival time)
  Source:                 design_1_i/microblaze_0/U0/MicroBlaze_Core_I/Performance.Core/Data_Flow_I/Operand_Select_I/EX_Branch_CMP_Op1_reg[24]/C
                            (rising edge-triggered cell FDRE clocked by clk_out1_design_1_clk_wiz_1_0_1  {rise@0.000ns fall@5.000ns period=10.000ns})
  Destination:            design_1_i/microblaze_0_local_memory/lmb_bram/U0/inst_blk_mem_gen/gnbram.gnative_mem_map_bmg.native_mem_map_blk_mem_gen/valid.cstr/ramloop[0].ram.r/prim_noinit.ram/DEVICE_7SERIES.WITH_BMM_INFO.TRUE_DP.SIMPLE_PRIM36.TDP_SP36_NO_ECC_ATTR.ram/ADDRBWRADDR[6]
                            (rising edge-triggered cell RAMB36E1 clocked by clk_out1_design_1_clk_wiz_1_0  {rise@0.000ns fall@5.000ns period=10.000ns})
  Path Group:             clk_out1_design_1_clk_wiz_1_0
  Path Type:              Setup (Max at Slow Process Corner)
  Requirement:            10.000ns  (clk_out1_design_1_clk_wiz_1_0 rise@10.000ns - clk_out1_design_1_clk_wiz_1_0_1 rise@0.000ns)
  Data Path Delay:        7.495ns  (logic 2.054ns (27.404%)  route 5.441ns (72.596%))
  Logic Levels:           5  (CARRY4=3 LUT3=1 LUT6=1)
  Clock Path Skew:        -0.073ns (DCD - SCD + CPR)
    Destination Clock Delay (DCD):    -1.512ns = ( 8.488 - 10.000 ) 
    Source Clock Delay      (SCD):    -0.956ns
    Clock Pessimism Removal (CPR):    0.484ns
  Clock Uncertainty:      0.074ns  ((TSJ^2 + DJ^2)^1/2) / 2 + PE
    Total System Jitter     (TSJ):    0.071ns
    Discrete Jitter          (DJ):    0.131ns
    Phase Error              (PE):    0.000ns
  Clock Domain Crossing:  Inter clock paths are considered valid unless explicitly excluded by timing constraints such as set_clock_groups or set_false_path.

    Location             Delay type                Incr(ns)  Path(ns)    Netlist Resource(s)
  -------------------------------------------------------------------    -------------------
                         (clock clk_out1_design_1_clk_wiz_1_0_1 rise edge)
                                                      0.000     0.000 r  
    W5                                                0.000     0.000 r  sys_clock (IN)
                         net (fo=0)                   0.000     0.000    design_1_i/clk_wiz_1/inst/clk_in1
    W5                   IBUF (Prop_ibuf_I_O)         1.458     1.458 r  design_1_i/clk_wiz_1/inst/clkin1_ibufg/O
                         net (fo=1, routed)           1.233     2.691    design_1_i/clk_wiz_1/inst/clk_in1_design_1_clk_wiz_1_0
    MMCME2_ADV_X1Y0      MMCME2_ADV (Prop_mmcme2_adv_CLKIN1_CLKOUT0)
                                                     -6.961    -4.269 r  design_1_i/clk_wiz_1/inst/mmcm_adv_inst/CLKOUT0
                         net (fo=1, routed)           1.661    -2.608    design_1_i/clk_wiz_1/inst/clk_out1_design_1_clk_wiz_1_0
    BUFGCTRL_X0Y0        BUFG (Prop_bufg_I_O)         0.096    -2.512 r  design_1_i/clk_wiz_1/inst/clkout1_buf/O
                         net (fo=1479, routed)        1.556    -0.956    design_1_i/microblaze_0/U0/MicroBlaze_Core_I/Performance.Core/Data_Flow_I/Operand_Select_I/Clk
    SLICE_X49Y21         FDRE                                         r  design_1_i/microblaze_0/U0/MicroBlaze_Core_I/Performance.Core/Data_Flow_I/Operand_Select_I/EX_Branch_CMP_Op1_reg[24]/C
  -------------------------------------------------------------------    -------------------
    SLICE_X49Y21         FDRE (Prop_fdre_C_Q)         0.419    -0.537 f  design_1_i/microblaze_0/U0/MicroBlaze_Core_I/Performance.Core/Data_Flow_I/Operand_Select_I/EX_Branch_CMP_Op1_reg[24]/Q
                         net (fo=1, routed)           1.283     0.747    design_1_i/microblaze_0/U0/MicroBlaze_Core_I/Performance.Core/Data_Flow_I/Zero_Detect_I/Q[5]
    SLICE_X47Y26         LUT6 (Prop_lut6_I1_O)        0.299     1.046 r  design_1_i/microblaze_0/U0/MicroBlaze_Core_I/Performance.Core/Data_Flow_I/Zero_Detect_I/S0_inferred__0/i_/O
                         net (fo=1, routed)           0.000     1.046    design_1_i/microblaze_0/U0/MicroBlaze_Core_I/Performance.Core/Data_Flow_I/Zero_Detect_I/Zero_Detecting[3].I_Part_Of_Zero_Detect/lopt_2
    SLICE_X47Y26         CARRY4 (Prop_carry4_S[1]_CO[3])
                                                      0.550     1.596 r  design_1_i/microblaze_0/U0/MicroBlaze_Core_I/Performance.Core/Data_Flow_I/Zero_Detect_I/Zero_Detecting[3].I_Part_Of_Zero_Detect/Using_FPGA.Native_CARRY4/CO[3]
                         net (fo=1, routed)           0.000     1.596    design_1_i/microblaze_0/U0/MicroBlaze_Core_I/Performance.Core/Decode_I/jump_logic_I1/MUXCY_JUMP_CARRY2/jump_carry1
    SLICE_X47Y27         CARRY4 (Prop_carry4_CI_CO[3])
                                                      0.114     1.710 r  design_1_i/microblaze_0/U0/MicroBlaze_Core_I/Performance.Core/Decode_I/jump_logic_I1/MUXCY_JUMP_CARRY2/Using_FPGA.Native_CARRY4/CO[3]
                         net (fo=1, routed)           0.000     1.710    design_1_i/microblaze_0/U0/MicroBlaze_Core_I/Performance.Core/Decode_I/jump_logic_I1/MUXCY_JUMP_CARRY6/jump_carry5
    SLICE_X47Y28         CARRY4 (Prop_carry4_CI_CO[0])
                                                      0.271     1.981 r  design_1_i/microblaze_0/U0/MicroBlaze_Core_I/Performance.Core/Decode_I/jump_logic_I1/MUXCY_JUMP_CARRY6/Using_FPGA.Native_CARRY4/CO[0]
                         net (fo=46, routed)          1.359     3.340    design_1_i/microblaze_0/U0/MicroBlaze_Core_I/Performance.Core/Decode_I/jump_logic_I1/MUXCY_JUMP_CARRY6/in0
    SLICE_X51Y21         LUT3 (Prop_lut3_I1_O)        0.401     3.741 r  design_1_i/microblaze_0/U0/MicroBlaze_Core_I/Performance.Core/Decode_I/jump_logic_I1/MUXCY_JUMP_CARRY6/Instr_Addr[23]_INST_0/O
                         net (fo=33, routed)          2.799     6.540    design_1_i/microblaze_0_local_memory/lmb_bram/U0/inst_blk_mem_gen/gnbram.gnative_mem_map_bmg.native_mem_map_blk_mem_gen/valid.cstr/ramloop[0].ram.r/prim_noinit.ram/addrb[6]
    RAMB36_X0Y10         RAMB36E1                                     r  design_1_i/microblaze_0_local_memory/lmb_bram/U0/inst_blk_mem_gen/gnbram.gnative_mem_map_bmg.native_mem_map_blk_mem_gen/valid.cstr/ramloop[0].ram.r/prim_noinit.ram/DEVICE_7SERIES.WITH_BMM_INFO.TRUE_DP.SIMPLE_PRIM36.TDP_SP36_NO_ECC_ATTR.ram/ADDRBWRADDR[6]
  -------------------------------------------------------------------    -------------------

                         (clock clk_out1_design_1_clk_wiz_1_0 rise edge)
                                                     10.000    10.000 r  
    W5                                                0.000    10.000 r  sys_clock (IN)
                         net (fo=0)                   0.000    10.000    design_1_i/clk_wiz_1/inst/clk_in1
    W5                   IBUF (Prop_ibuf_I_O)         1.388    11.388 r  design_1_i/clk_wiz_1/inst/clkin1_ibufg/O
                         net (fo=1, routed)           1.162    12.550    design_1_i/clk_wiz_1/inst/clk_in1_design_1_clk_wiz_1_0
    MMCME2_ADV_X1Y0      MMCME2_ADV (Prop_mmcme2_adv_CLKIN1_CLKOUT0)
                                                     -7.217     5.332 r  design_1_i/clk_wiz_1/inst/mmcm_adv_inst/CLKOUT0
                         net (fo=1, routed)           1.581     6.914    design_1_i/clk_wiz_1/inst/clk_out1_design_1_clk_wiz_1_0
    BUFGCTRL_X0Y0        BUFG (Prop_bufg_I_O)         0.091     7.005 r  design_1_i/clk_wiz_1/inst/clkout1_buf/O
                         net (fo=1479, routed)        1.483     8.488    design_1_i/microblaze_0_local_memory/lmb_bram/U0/inst_blk_mem_gen/gnbram.gnative_mem_map_bmg.native_mem_map_blk_mem_gen/valid.cstr/ramloop[0].ram.r/prim_noinit.ram/clkb
    RAMB36_X0Y10         RAMB36E1                                     r  design_1_i/microblaze_0_local_memory/lmb_bram/U0/inst_blk_mem_gen/gnbram.gnative_mem_map_bmg.native_mem_map_blk_mem_gen/valid.cstr/ramloop[0].ram.r/prim_noinit.ram/DEVICE_7SERIES.WITH_BMM_INFO.TRUE_DP.SIMPLE_PRIM36.TDP_SP36_NO_ECC_ATTR.ram/CLKBWRCLK
                         clock pessimism              0.484     8.971    
                         clock uncertainty           -0.074     8.897    
    RAMB36_X0Y10         RAMB36E1 (Setup_ramb36e1_CLKBWRCLK_ADDRBWRADDR[6])
                                                     -0.774     8.123    design_1_i/microblaze_0_local_memory/lmb_bram/U0/inst_blk_mem_gen/gnbram.gnative_mem_map_bmg.native_mem_map_blk_mem_gen/valid.cstr/ramloop[0].ram.r/prim_noinit.ram/DEVICE_7SERIES.WITH_BMM_INFO.TRUE_DP.SIMPLE_PRIM36.TDP_SP36_NO_ECC_ATTR.ram
  -------------------------------------------------------------------
                         required time                          8.123    
                         arrival time                          -6.540    
  -------------------------------------------------------------------
                         slack                                  1.583    

Slack (MET) :             1.600ns  (required time - arrival time)
  Source:                 design_1_i/microblaze_0/U0/MicroBlaze_Core_I/Performance.Core/Data_Flow_I/Operand_Select_I/EX_Branch_CMP_Op1_reg[24]/C
                            (rising edge-triggered cell FDRE clocked by clk_out1_design_1_clk_wiz_1_0_1  {rise@0.000ns fall@5.000ns period=10.000ns})
  Destination:            design_1_i/microblaze_0_local_memory/lmb_bram/U0/inst_blk_mem_gen/gnbram.gnative_mem_map_bmg.native_mem_map_blk_mem_gen/valid.cstr/ramloop[7].ram.r/prim_noinit.ram/DEVICE_7SERIES.WITH_BMM_INFO.TRUE_DP.SIMPLE_PRIM36.TDP_SP36_NO_ECC_ATTR.ram/ADDRBWRADDR[6]
                            (rising edge-triggered cell RAMB36E1 clocked by clk_out1_design_1_clk_wiz_1_0  {rise@0.000ns fall@5.000ns period=10.000ns})
  Path Group:             clk_out1_design_1_clk_wiz_1_0
  Path Type:              Setup (Max at Slow Process Corner)
  Requirement:            10.000ns  (clk_out1_design_1_clk_wiz_1_0 rise@10.000ns - clk_out1_design_1_clk_wiz_1_0_1 rise@0.000ns)
  Data Path Delay:        7.495ns  (logic 2.054ns (27.404%)  route 5.441ns (72.596%))
  Logic Levels:           5  (CARRY4=3 LUT3=1 LUT6=1)
  Clock Path Skew:        -0.057ns (DCD - SCD + CPR)
    Destination Clock Delay (DCD):    -1.504ns = ( 8.496 - 10.000 ) 
    Source Clock Delay      (SCD):    -0.956ns
    Clock Pessimism Removal (CPR):    0.492ns
  Clock Uncertainty:      0.074ns  ((TSJ^2 + DJ^2)^1/2) / 2 + PE
    Total System Jitter     (TSJ):    0.071ns
    Discrete Jitter          (DJ):    0.131ns
    Phase Error              (PE):    0.000ns
  Clock Domain Crossing:  Inter clock paths are considered valid unless explicitly excluded by timing constraints such as set_clock_groups or set_false_path.

    Location             Delay type                Incr(ns)  Path(ns)    Netlist Resource(s)
  -------------------------------------------------------------------    -------------------
                         (clock clk_out1_design_1_clk_wiz_1_0_1 rise edge)
                                                      0.000     0.000 r  
    W5                                                0.000     0.000 r  sys_clock (IN)
                         net (fo=0)                   0.000     0.000    design_1_i/clk_wiz_1/inst/clk_in1
    W5                   IBUF (Prop_ibuf_I_O)         1.458     1.458 r  design_1_i/clk_wiz_1/inst/clkin1_ibufg/O
                         net (fo=1, routed)           1.233     2.691    design_1_i/clk_wiz_1/inst/clk_in1_design_1_clk_wiz_1_0
    MMCME2_ADV_X1Y0      MMCME2_ADV (Prop_mmcme2_adv_CLKIN1_CLKOUT0)
                                                     -6.961    -4.269 r  design_1_i/clk_wiz_1/inst/mmcm_adv_inst/CLKOUT0
                         net (fo=1, routed)           1.661    -2.608    design_1_i/clk_wiz_1/inst/clk_out1_design_1_clk_wiz_1_0
    BUFGCTRL_X0Y0        BUFG (Prop_bufg_I_O)         0.096    -2.512 r  design_1_i/clk_wiz_1/inst/clkout1_buf/O
                         net (fo=1479, routed)        1.556    -0.956    design_1_i/microblaze_0/U0/MicroBlaze_Core_I/Performance.Core/Data_Flow_I/Operand_Select_I/Clk
    SLICE_X49Y21         FDRE                                         r  design_1_i/microblaze_0/U0/MicroBlaze_Core_I/Performance.Core/Data_Flow_I/Operand_Select_I/EX_Branch_CMP_Op1_reg[24]/C
  -------------------------------------------------------------------    -------------------
    SLICE_X49Y21         FDRE (Prop_fdre_C_Q)         0.419    -0.537 f  design_1_i/microblaze_0/U0/MicroBlaze_Core_I/Performance.Core/Data_Flow_I/Operand_Select_I/EX_Branch_CMP_Op1_reg[24]/Q
                         net (fo=1, routed)           1.283     0.747    design_1_i/microblaze_0/U0/MicroBlaze_Core_I/Performance.Core/Data_Flow_I/Zero_Detect_I/Q[5]
    SLICE_X47Y26         LUT6 (Prop_lut6_I1_O)        0.299     1.046 r  design_1_i/microblaze_0/U0/MicroBlaze_Core_I/Performance.Core/Data_Flow_I/Zero_Detect_I/S0_inferred__0/i_/O
                         net (fo=1, routed)           0.000     1.046    design_1_i/microblaze_0/U0/MicroBlaze_Core_I/Performance.Core/Data_Flow_I/Zero_Detect_I/Zero_Detecting[3].I_Part_Of_Zero_Detect/lopt_2
    SLICE_X47Y26         CARRY4 (Prop_carry4_S[1]_CO[3])
                                                      0.550     1.596 r  design_1_i/microblaze_0/U0/MicroBlaze_Core_I/Performance.Core/Data_Flow_I/Zero_Detect_I/Zero_Detecting[3].I_Part_Of_Zero_Detect/Using_FPGA.Native_CARRY4/CO[3]
                         net (fo=1, routed)           0.000     1.596    design_1_i/microblaze_0/U0/MicroBlaze_Core_I/Performance.Core/Decode_I/jump_logic_I1/MUXCY_JUMP_CARRY2/jump_carry1
    SLICE_X47Y27         CARRY4 (Prop_carry4_CI_CO[3])
                                                      0.114     1.710 r  design_1_i/microblaze_0/U0/MicroBlaze_Core_I/Performance.Core/Decode_I/jump_logic_I1/MUXCY_JUMP_CARRY2/Using_FPGA.Native_CARRY4/CO[3]
                         net (fo=1, routed)           0.000     1.710    design_1_i/microblaze_0/U0/MicroBlaze_Core_I/Performance.Core/Decode_I/jump_logic_I1/MUXCY_JUMP_CARRY6/jump_carry5
    SLICE_X47Y28         CARRY4 (Prop_carry4_CI_CO[0])
                                                      0.271     1.981 r  design_1_i/microblaze_0/U0/MicroBlaze_Core_I/Performance.Core/Decode_I/jump_logic_I1/MUXCY_JUMP_CARRY6/Using_FPGA.Native_CARRY4/CO[0]
                         net (fo=46, routed)          1.359     3.340    design_1_i/microblaze_0/U0/MicroBlaze_Core_I/Performance.Core/Decode_I/jump_logic_I1/MUXCY_JUMP_CARRY6/in0
    SLICE_X51Y21         LUT3 (Prop_lut3_I1_O)        0.401     3.741 r  design_1_i/microblaze_0/U0/MicroBlaze_Core_I/Performance.Core/Decode_I/jump_logic_I1/MUXCY_JUMP_CARRY6/Instr_Addr[23]_INST_0/O
                         net (fo=33, routed)          2.799     6.540    design_1_i/microblaze_0_local_memory/lmb_bram/U0/inst_blk_mem_gen/gnbram.gnative_mem_map_bmg.native_mem_map_blk_mem_gen/valid.cstr/ramloop[7].ram.r/prim_noinit.ram/addrb[6]
    RAMB36_X0Y8          RAMB36E1                                     r  design_1_i/microblaze_0_local_memory/lmb_bram/U0/inst_blk_mem_gen/gnbram.gnative_mem_map_bmg.native_mem_map_blk_mem_gen/valid.cstr/ramloop[7].ram.r/prim_noinit.ram/DEVICE_7SERIES.WITH_BMM_INFO.TRUE_DP.SIMPLE_PRIM36.TDP_SP36_NO_ECC_ATTR.ram/ADDRBWRADDR[6]
  -------------------------------------------------------------------    -------------------

                         (clock clk_out1_design_1_clk_wiz_1_0 rise edge)
                                                     10.000    10.000 r  
    W5                                                0.000    10.000 r  sys_clock (IN)
                         net (fo=0)                   0.000    10.000    design_1_i/clk_wiz_1/inst/clk_in1
    W5                   IBUF (Prop_ibuf_I_O)         1.388    11.388 r  design_1_i/clk_wiz_1/inst/clkin1_ibufg/O
                         net (fo=1, routed)           1.162    12.550    design_1_i/clk_wiz_1/inst/clk_in1_design_1_clk_wiz_1_0
    MMCME2_ADV_X1Y0      MMCME2_ADV (Prop_mmcme2_adv_CLKIN1_CLKOUT0)
                                                     -7.217     5.332 r  design_1_i/clk_wiz_1/inst/mmcm_adv_inst/CLKOUT0
                         net (fo=1, routed)           1.581     6.914    design_1_i/clk_wiz_1/inst/clk_out1_design_1_clk_wiz_1_0
    BUFGCTRL_X0Y0        BUFG (Prop_bufg_I_O)         0.091     7.005 r  design_1_i/clk_wiz_1/inst/clkout1_buf/O
                         net (fo=1479, routed)        1.492     8.496    design_1_i/microblaze_0_local_memory/lmb_bram/U0/inst_blk_mem_gen/gnbram.gnative_mem_map_bmg.native_mem_map_blk_mem_gen/valid.cstr/ramloop[7].ram.r/prim_noinit.ram/clkb
    RAMB36_X0Y8          RAMB36E1                                     r  design_1_i/microblaze_0_local_memory/lmb_bram/U0/inst_blk_mem_gen/gnbram.gnative_mem_map_bmg.native_mem_map_blk_mem_gen/valid.cstr/ramloop[7].ram.r/prim_noinit.ram/DEVICE_7SERIES.WITH_BMM_INFO.TRUE_DP.SIMPLE_PRIM36.TDP_SP36_NO_ECC_ATTR.ram/CLKBWRCLK
                         clock pessimism              0.492     8.988    
                         clock uncertainty           -0.074     8.914    
    RAMB36_X0Y8          RAMB36E1 (Setup_ramb36e1_CLKBWRCLK_ADDRBWRADDR[6])
                                                     -0.774     8.140    design_1_i/microblaze_0_local_memory/lmb_bram/U0/inst_blk_mem_gen/gnbram.gnative_mem_map_bmg.native_mem_map_blk_mem_gen/valid.cstr/ramloop[7].ram.r/prim_noinit.ram/DEVICE_7SERIES.WITH_BMM_INFO.TRUE_DP.SIMPLE_PRIM36.TDP_SP36_NO_ECC_ATTR.ram
  -------------------------------------------------------------------
                         required time                          8.140    
                         arrival time                          -6.540    
  -------------------------------------------------------------------
                         slack                                  1.600    

Slack (MET) :             1.604ns  (required time - arrival time)
  Source:                 design_1_i/microblaze_0/U0/MicroBlaze_Core_I/Performance.Core/Data_Flow_I/Operand_Select_I/EX_Branch_CMP_Op1_reg[24]/C
                            (rising edge-triggered cell FDRE clocked by clk_out1_design_1_clk_wiz_1_0_1  {rise@0.000ns fall@5.000ns period=10.000ns})
  Destination:            design_1_i/microblaze_0_local_memory/lmb_bram/U0/inst_blk_mem_gen/gnbram.gnative_mem_map_bmg.native_mem_map_blk_mem_gen/valid.cstr/ramloop[0].ram.r/prim_noinit.ram/DEVICE_7SERIES.WITH_BMM_INFO.TRUE_DP.SIMPLE_PRIM36.TDP_SP36_NO_ECC_ATTR.ram/ADDRBWRADDR[0]
                            (rising edge-triggered cell RAMB36E1 clocked by clk_out1_design_1_clk_wiz_1_0  {rise@0.000ns fall@5.000ns period=10.000ns})
  Path Group:             clk_out1_design_1_clk_wiz_1_0
  Path Type:              Setup (Max at Slow Process Corner)
  Requirement:            10.000ns  (clk_out1_design_1_clk_wiz_1_0 rise@10.000ns - clk_out1_design_1_clk_wiz_1_0_1 rise@0.000ns)
  Data Path Delay:        7.475ns  (logic 2.054ns (27.479%)  route 5.421ns (72.521%))
  Logic Levels:           5  (CARRY4=3 LUT3=1 LUT6=1)
  Clock Path Skew:        -0.073ns (DCD - SCD + CPR)
    Destination Clock Delay (DCD):    -1.512ns = ( 8.488 - 10.000 ) 
    Source Clock Delay      (SCD):    -0.956ns
    Clock Pessimism Removal (CPR):    0.484ns
  Clock Uncertainty:      0.074ns  ((TSJ^2 + DJ^2)^1/2) / 2 + PE
    Total System Jitter     (TSJ):    0.071ns
    Discrete Jitter          (DJ):    0.131ns
    Phase Error              (PE):    0.000ns
  Clock Domain Crossing:  Inter clock paths are considered valid unless explicitly excluded by timing constraints such as set_clock_groups or set_false_path.

    Location             Delay type                Incr(ns)  Path(ns)    Netlist Resource(s)
  -------------------------------------------------------------------    -------------------
                         (clock clk_out1_design_1_clk_wiz_1_0_1 rise edge)
                                                      0.000     0.000 r  
    W5                                                0.000     0.000 r  sys_clock (IN)
                         net (fo=0)                   0.000     0.000    design_1_i/clk_wiz_1/inst/clk_in1
    W5                   IBUF (Prop_ibuf_I_O)         1.458     1.458 r  design_1_i/clk_wiz_1/inst/clkin1_ibufg/O
                         net (fo=1, routed)           1.233     2.691    design_1_i/clk_wiz_1/inst/clk_in1_design_1_clk_wiz_1_0
    MMCME2_ADV_X1Y0      MMCME2_ADV (Prop_mmcme2_adv_CLKIN1_CLKOUT0)
                                                     -6.961    -4.269 r  design_1_i/clk_wiz_1/inst/mmcm_adv_inst/CLKOUT0
                         net (fo=1, routed)           1.661    -2.608    design_1_i/clk_wiz_1/inst/clk_out1_design_1_clk_wiz_1_0
    BUFGCTRL_X0Y0        BUFG (Prop_bufg_I_O)         0.096    -2.512 r  design_1_i/clk_wiz_1/inst/clkout1_buf/O
                         net (fo=1479, routed)        1.556    -0.956    design_1_i/microblaze_0/U0/MicroBlaze_Core_I/Performance.Core/Data_Flow_I/Operand_Select_I/Clk
    SLICE_X49Y21         FDRE                                         r  design_1_i/microblaze_0/U0/MicroBlaze_Core_I/Performance.Core/Data_Flow_I/Operand_Select_I/EX_Branch_CMP_Op1_reg[24]/C
  -------------------------------------------------------------------    -------------------
    SLICE_X49Y21         FDRE (Prop_fdre_C_Q)         0.419    -0.537 f  design_1_i/microblaze_0/U0/MicroBlaze_Core_I/Performance.Core/Data_Flow_I/Operand_Select_I/EX_Branch_CMP_Op1_reg[24]/Q
                         net (fo=1, routed)           1.283     0.747    design_1_i/microblaze_0/U0/MicroBlaze_Core_I/Performance.Core/Data_Flow_I/Zero_Detect_I/Q[5]
    SLICE_X47Y26         LUT6 (Prop_lut6_I1_O)        0.299     1.046 r  design_1_i/microblaze_0/U0/MicroBlaze_Core_I/Performance.Core/Data_Flow_I/Zero_Detect_I/S0_inferred__0/i_/O
                         net (fo=1, routed)           0.000     1.046    design_1_i/microblaze_0/U0/MicroBlaze_Core_I/Performance.Core/Data_Flow_I/Zero_Detect_I/Zero_Detecting[3].I_Part_Of_Zero_Detect/lopt_2
    SLICE_X47Y26         CARRY4 (Prop_carry4_S[1]_CO[3])
                                                      0.550     1.596 r  design_1_i/microblaze_0/U0/MicroBlaze_Core_I/Performance.Core/Data_Flow_I/Zero_Detect_I/Zero_Detecting[3].I_Part_Of_Zero_Detect/Using_FPGA.Native_CARRY4/CO[3]
                         net (fo=1, routed)           0.000     1.596    design_1_i/microblaze_0/U0/MicroBlaze_Core_I/Performance.Core/Decode_I/jump_logic_I1/MUXCY_JUMP_CARRY2/jump_carry1
    SLICE_X47Y27         CARRY4 (Prop_carry4_CI_CO[3])
                                                      0.114     1.710 r  design_1_i/microblaze_0/U0/MicroBlaze_Core_I/Performance.Core/Decode_I/jump_logic_I1/MUXCY_JUMP_CARRY2/Using_FPGA.Native_CARRY4/CO[3]
                         net (fo=1, routed)           0.000     1.710    design_1_i/microblaze_0/U0/MicroBlaze_Core_I/Performance.Core/Decode_I/jump_logic_I1/MUXCY_JUMP_CARRY6/jump_carry5
    SLICE_X47Y28         CARRY4 (Prop_carry4_CI_CO[0])
                                                      0.271     1.981 r  design_1_i/microblaze_0/U0/MicroBlaze_Core_I/Performance.Core/Decode_I/jump_logic_I1/MUXCY_JUMP_CARRY6/Using_FPGA.Native_CARRY4/CO[0]
                         net (fo=46, routed)          1.305     3.286    design_1_i/microblaze_0/U0/MicroBlaze_Core_I/Performance.Core/Decode_I/jump_logic_I1/MUXCY_JUMP_CARRY6/in0
    SLICE_X51Y19         LUT3 (Prop_lut3_I1_O)        0.401     3.687 r  design_1_i/microblaze_0/U0/MicroBlaze_Core_I/Performance.Core/Decode_I/jump_logic_I1/MUXCY_JUMP_CARRY6/Instr_Addr[29]_INST_0/O
                         net (fo=33, routed)          2.832     6.519    design_1_i/microblaze_0_local_memory/lmb_bram/U0/inst_blk_mem_gen/gnbram.gnative_mem_map_bmg.native_mem_map_blk_mem_gen/valid.cstr/ramloop[0].ram.r/prim_noinit.ram/addrb[0]
    RAMB36_X0Y10         RAMB36E1                                     r  design_1_i/microblaze_0_local_memory/lmb_bram/U0/inst_blk_mem_gen/gnbram.gnative_mem_map_bmg.native_mem_map_blk_mem_gen/valid.cstr/ramloop[0].ram.r/prim_noinit.ram/DEVICE_7SERIES.WITH_BMM_INFO.TRUE_DP.SIMPLE_PRIM36.TDP_SP36_NO_ECC_ATTR.ram/ADDRBWRADDR[0]
  -------------------------------------------------------------------    -------------------

                         (clock clk_out1_design_1_clk_wiz_1_0 rise edge)
                                                     10.000    10.000 r  
    W5                                                0.000    10.000 r  sys_clock (IN)
                         net (fo=0)                   0.000    10.000    design_1_i/clk_wiz_1/inst/clk_in1
    W5                   IBUF (Prop_ibuf_I_O)         1.388    11.388 r  design_1_i/clk_wiz_1/inst/clkin1_ibufg/O
                         net (fo=1, routed)           1.162    12.550    design_1_i/clk_wiz_1/inst/clk_in1_design_1_clk_wiz_1_0
    MMCME2_ADV_X1Y0      MMCME2_ADV (Prop_mmcme2_adv_CLKIN1_CLKOUT0)
                                                     -7.217     5.332 r  design_1_i/clk_wiz_1/inst/mmcm_adv_inst/CLKOUT0
                         net (fo=1, routed)           1.581     6.914    design_1_i/clk_wiz_1/inst/clk_out1_design_1_clk_wiz_1_0
    BUFGCTRL_X0Y0        BUFG (Prop_bufg_I_O)         0.091     7.005 r  design_1_i/clk_wiz_1/inst/clkout1_buf/O
                         net (fo=1479, routed)        1.483     8.488    design_1_i/microblaze_0_local_memory/lmb_bram/U0/inst_blk_mem_gen/gnbram.gnative_mem_map_bmg.native_mem_map_blk_mem_gen/valid.cstr/ramloop[0].ram.r/prim_noinit.ram/clkb
    RAMB36_X0Y10         RAMB36E1                                     r  design_1_i/microblaze_0_local_memory/lmb_bram/U0/inst_blk_mem_gen/gnbram.gnative_mem_map_bmg.native_mem_map_blk_mem_gen/valid.cstr/ramloop[0].ram.r/prim_noinit.ram/DEVICE_7SERIES.WITH_BMM_INFO.TRUE_DP.SIMPLE_PRIM36.TDP_SP36_NO_ECC_ATTR.ram/CLKBWRCLK
                         clock pessimism              0.484     8.971    
                         clock uncertainty           -0.074     8.897    
    RAMB36_X0Y10         RAMB36E1 (Setup_ramb36e1_CLKBWRCLK_ADDRBWRADDR[0])
                                                     -0.774     8.123    design_1_i/microblaze_0_local_memory/lmb_bram/U0/inst_blk_mem_gen/gnbram.gnative_mem_map_bmg.native_mem_map_blk_mem_gen/valid.cstr/ramloop[0].ram.r/prim_noinit.ram/DEVICE_7SERIES.WITH_BMM_INFO.TRUE_DP.SIMPLE_PRIM36.TDP_SP36_NO_ECC_ATTR.ram
  -------------------------------------------------------------------
                         required time                          8.123    
                         arrival time                          -6.519    
  -------------------------------------------------------------------
                         slack                                  1.604    

Slack (MET) :             1.640ns  (required time - arrival time)
  Source:                 design_1_i/microblaze_0/U0/MicroBlaze_Core_I/Performance.Core/Data_Flow_I/Operand_Select_I/EX_Branch_CMP_Op1_reg[24]/C
                            (rising edge-triggered cell FDRE clocked by clk_out1_design_1_clk_wiz_1_0_1  {rise@0.000ns fall@5.000ns period=10.000ns})
  Destination:            design_1_i/microblaze_0_local_memory/lmb_bram/U0/inst_blk_mem_gen/gnbram.gnative_mem_map_bmg.native_mem_map_blk_mem_gen/valid.cstr/ramloop[26].ram.r/prim_noinit.ram/DEVICE_7SERIES.WITH_BMM_INFO.TRUE_DP.SIMPLE_PRIM36.TDP_SP36_NO_ECC_ATTR.ram/ADDRBWRADDR[12]
                            (rising edge-triggered cell RAMB36E1 clocked by clk_out1_design_1_clk_wiz_1_0  {rise@0.000ns fall@5.000ns period=10.000ns})
  Path Group:             clk_out1_design_1_clk_wiz_1_0
  Path Type:              Setup (Max at Slow Process Corner)
  Requirement:            10.000ns  (clk_out1_design_1_clk_wiz_1_0 rise@10.000ns - clk_out1_design_1_clk_wiz_1_0_1 rise@0.000ns)
  Data Path Delay:        7.456ns  (logic 2.051ns (27.508%)  route 5.405ns (72.492%))
  Logic Levels:           5  (CARRY4=3 LUT3=1 LUT6=1)
  Clock Path Skew:        -0.056ns (DCD - SCD + CPR)
    Destination Clock Delay (DCD):    -1.503ns = ( 8.497 - 10.000 ) 
    Source Clock Delay      (SCD):    -0.956ns
    Clock Pessimism Removal (CPR):    0.492ns
  Clock Uncertainty:      0.074ns  ((TSJ^2 + DJ^2)^1/2) / 2 + PE
    Total System Jitter     (TSJ):    0.071ns
    Discrete Jitter          (DJ):    0.131ns
    Phase Error              (PE):    0.000ns
  Clock Domain Crossing:  Inter clock paths are considered valid unless explicitly excluded by timing constraints such as set_clock_groups or set_false_path.

    Location             Delay type                Incr(ns)  Path(ns)    Netlist Resource(s)
  -------------------------------------------------------------------    -------------------
                         (clock clk_out1_design_1_clk_wiz_1_0_1 rise edge)
                                                      0.000     0.000 r  
    W5                                                0.000     0.000 r  sys_clock (IN)
                         net (fo=0)                   0.000     0.000    design_1_i/clk_wiz_1/inst/clk_in1
    W5                   IBUF (Prop_ibuf_I_O)         1.458     1.458 r  design_1_i/clk_wiz_1/inst/clkin1_ibufg/O
                         net (fo=1, routed)           1.233     2.691    design_1_i/clk_wiz_1/inst/clk_in1_design_1_clk_wiz_1_0
    MMCME2_ADV_X1Y0      MMCME2_ADV (Prop_mmcme2_adv_CLKIN1_CLKOUT0)
                                                     -6.961    -4.269 r  design_1_i/clk_wiz_1/inst/mmcm_adv_inst/CLKOUT0
                         net (fo=1, routed)           1.661    -2.608    design_1_i/clk_wiz_1/inst/clk_out1_design_1_clk_wiz_1_0
    BUFGCTRL_X0Y0        BUFG (Prop_bufg_I_O)         0.096    -2.512 r  design_1_i/clk_wiz_1/inst/clkout1_buf/O
                         net (fo=1479, routed)        1.556    -0.956    design_1_i/microblaze_0/U0/MicroBlaze_Core_I/Performance.Core/Data_Flow_I/Operand_Select_I/Clk
    SLICE_X49Y21         FDRE                                         r  design_1_i/microblaze_0/U0/MicroBlaze_Core_I/Performance.Core/Data_Flow_I/Operand_Select_I/EX_Branch_CMP_Op1_reg[24]/C
  -------------------------------------------------------------------    -------------------
    SLICE_X49Y21         FDRE (Prop_fdre_C_Q)         0.419    -0.537 f  design_1_i/microblaze_0/U0/MicroBlaze_Core_I/Performance.Core/Data_Flow_I/Operand_Select_I/EX_Branch_CMP_Op1_reg[24]/Q
                         net (fo=1, routed)           1.283     0.747    design_1_i/microblaze_0/U0/MicroBlaze_Core_I/Performance.Core/Data_Flow_I/Zero_Detect_I/Q[5]
    SLICE_X47Y26         LUT6 (Prop_lut6_I1_O)        0.299     1.046 r  design_1_i/microblaze_0/U0/MicroBlaze_Core_I/Performance.Core/Data_Flow_I/Zero_Detect_I/S0_inferred__0/i_/O
                         net (fo=1, routed)           0.000     1.046    design_1_i/microblaze_0/U0/MicroBlaze_Core_I/Performance.Core/Data_Flow_I/Zero_Detect_I/Zero_Detecting[3].I_Part_Of_Zero_Detect/lopt_2
    SLICE_X47Y26         CARRY4 (Prop_carry4_S[1]_CO[3])
                                                      0.550     1.596 r  design_1_i/microblaze_0/U0/MicroBlaze_Core_I/Performance.Core/Data_Flow_I/Zero_Detect_I/Zero_Detecting[3].I_Part_Of_Zero_Detect/Using_FPGA.Native_CARRY4/CO[3]
                         net (fo=1, routed)           0.000     1.596    design_1_i/microblaze_0/U0/MicroBlaze_Core_I/Performance.Core/Decode_I/jump_logic_I1/MUXCY_JUMP_CARRY2/jump_carry1
    SLICE_X47Y27         CARRY4 (Prop_carry4_CI_CO[3])
                                                      0.114     1.710 r  design_1_i/microblaze_0/U0/MicroBlaze_Core_I/Performance.Core/Decode_I/jump_logic_I1/MUXCY_JUMP_CARRY2/Using_FPGA.Native_CARRY4/CO[3]
                         net (fo=1, routed)           0.000     1.710    design_1_i/microblaze_0/U0/MicroBlaze_Core_I/Performance.Core/Decode_I/jump_logic_I1/MUXCY_JUMP_CARRY6/jump_carry5
    SLICE_X47Y28         CARRY4 (Prop_carry4_CI_CO[0])
                                                      0.271     1.981 r  design_1_i/microblaze_0/U0/MicroBlaze_Core_I/Performance.Core/Decode_I/jump_logic_I1/MUXCY_JUMP_CARRY6/Using_FPGA.Native_CARRY4/CO[0]
                         net (fo=46, routed)          1.532     3.513    design_1_i/microblaze_0/U0/MicroBlaze_Core_I/Performance.Core/Decode_I/jump_logic_I1/MUXCY_JUMP_CARRY6/in0
    SLICE_X51Y23         LUT3 (Prop_lut3_I1_O)        0.398     3.911 r  design_1_i/microblaze_0/U0/MicroBlaze_Core_I/Performance.Core/Decode_I/jump_logic_I1/MUXCY_JUMP_CARRY6/Instr_Addr[17]_INST_0/O
                         net (fo=33, routed)          2.589     6.500    design_1_i/microblaze_0_local_memory/lmb_bram/U0/inst_blk_mem_gen/gnbram.gnative_mem_map_bmg.native_mem_map_blk_mem_gen/valid.cstr/ramloop[26].ram.r/prim_noinit.ram/addrb[12]
    RAMB36_X0Y9          RAMB36E1                                     r  design_1_i/microblaze_0_local_memory/lmb_bram/U0/inst_blk_mem_gen/gnbram.gnative_mem_map_bmg.native_mem_map_blk_mem_gen/valid.cstr/ramloop[26].ram.r/prim_noinit.ram/DEVICE_7SERIES.WITH_BMM_INFO.TRUE_DP.SIMPLE_PRIM36.TDP_SP36_NO_ECC_ATTR.ram/ADDRBWRADDR[12]
  -------------------------------------------------------------------    -------------------

                         (clock clk_out1_design_1_clk_wiz_1_0 rise edge)
                                                     10.000    10.000 r  
    W5                                                0.000    10.000 r  sys_clock (IN)
                         net (fo=0)                   0.000    10.000    design_1_i/clk_wiz_1/inst/clk_in1
    W5                   IBUF (Prop_ibuf_I_O)         1.388    11.388 r  design_1_i/clk_wiz_1/inst/clkin1_ibufg/O
                         net (fo=1, routed)           1.162    12.550    design_1_i/clk_wiz_1/inst/clk_in1_design_1_clk_wiz_1_0
    MMCME2_ADV_X1Y0      MMCME2_ADV (Prop_mmcme2_adv_CLKIN1_CLKOUT0)
                                                     -7.217     5.332 r  design_1_i/clk_wiz_1/inst/mmcm_adv_inst/CLKOUT0
                         net (fo=1, routed)           1.581     6.914    design_1_i/clk_wiz_1/inst/clk_out1_design_1_clk_wiz_1_0
    BUFGCTRL_X0Y0        BUFG (Prop_bufg_I_O)         0.091     7.005 r  design_1_i/clk_wiz_1/inst/clkout1_buf/O
                         net (fo=1479, routed)        1.493     8.497    design_1_i/microblaze_0_local_memory/lmb_bram/U0/inst_blk_mem_gen/gnbram.gnative_mem_map_bmg.native_mem_map_blk_mem_gen/valid.cstr/ramloop[26].ram.r/prim_noinit.ram/clkb
    RAMB36_X0Y9          RAMB36E1                                     r  design_1_i/microblaze_0_local_memory/lmb_bram/U0/inst_blk_mem_gen/gnbram.gnative_mem_map_bmg.native_mem_map_blk_mem_gen/valid.cstr/ramloop[26].ram.r/prim_noinit.ram/DEVICE_7SERIES.WITH_BMM_INFO.TRUE_DP.SIMPLE_PRIM36.TDP_SP36_NO_ECC_ATTR.ram/CLKBWRCLK
                         clock pessimism              0.492     8.989    
                         clock uncertainty           -0.074     8.915    
    RAMB36_X0Y9          RAMB36E1 (Setup_ramb36e1_CLKBWRCLK_ADDRBWRADDR[12])
                                                     -0.774     8.141    design_1_i/microblaze_0_local_memory/lmb_bram/U0/inst_blk_mem_gen/gnbram.gnative_mem_map_bmg.native_mem_map_blk_mem_gen/valid.cstr/ramloop[26].ram.r/prim_noinit.ram/DEVICE_7SERIES.WITH_BMM_INFO.TRUE_DP.SIMPLE_PRIM36.TDP_SP36_NO_ECC_ATTR.ram
  -------------------------------------------------------------------
                         required time                          8.141    
                         arrival time                          -6.500    
  -------------------------------------------------------------------
                         slack                                  1.640    





Min Delay Paths
--------------------------------------------------------------------------------------
Slack (MET) :             0.035ns  (arrival time - required time)
  Source:                 design_1_i/new_new_SPI_0/inst/new_new_SPI_v1_0_S00_AXI_inst/slv_reg0_reg[15]/C
                            (rising edge-triggered cell FDRE clocked by clk_out1_design_1_clk_wiz_1_0_1  {rise@0.000ns fall@5.000ns period=10.000ns})
  Destination:            design_1_i/new_new_SPI_0/inst/new_new_SPI_v1_0_S00_AXI_inst/axi_rdata_reg[15]/D
                            (rising edge-triggered cell FDRE clocked by clk_out1_design_1_clk_wiz_1_0  {rise@0.000ns fall@5.000ns period=10.000ns})
  Path Group:             clk_out1_design_1_clk_wiz_1_0
  Path Type:              Hold (Min at Fast Process Corner)
  Requirement:            0.000ns  (clk_out1_design_1_clk_wiz_1_0 rise@0.000ns - clk_out1_design_1_clk_wiz_1_0_1 rise@0.000ns)
  Data Path Delay:        0.242ns  (logic 0.186ns (76.827%)  route 0.056ns (23.173%))
  Logic Levels:           1  (LUT4=1)
  Clock Path Skew:        0.013ns (DCD - SCD - CPR)
    Destination Clock Delay (DCD):    -0.868ns
    Source Clock Delay      (SCD):    -0.626ns
    Clock Pessimism Removal (CPR):    -0.254ns
  Clock Uncertainty:      0.074ns  ((TSJ^2 + DJ^2)^1/2) / 2 + PE
    Total System Jitter     (TSJ):    0.071ns
    Discrete Jitter          (DJ):    0.131ns
    Phase Error              (PE):    0.000ns
  Clock Domain Crossing:  Inter clock paths are considered valid unless explicitly excluded by timing constraints such as set_clock_groups or set_false_path.

    Location             Delay type                Incr(ns)  Path(ns)    Netlist Resource(s)
  -------------------------------------------------------------------    -------------------
                         (clock clk_out1_design_1_clk_wiz_1_0_1 rise edge)
                                                      0.000     0.000 r  
    W5                                                0.000     0.000 r  sys_clock (IN)
                         net (fo=0)                   0.000     0.000    design_1_i/clk_wiz_1/inst/clk_in1
    W5                   IBUF (Prop_ibuf_I_O)         0.226     0.226 r  design_1_i/clk_wiz_1/inst/clkin1_ibufg/O
                         net (fo=1, routed)           0.440     0.667    design_1_i/clk_wiz_1/inst/clk_in1_design_1_clk_wiz_1_0
    MMCME2_ADV_X1Y0      MMCME2_ADV (Prop_mmcme2_adv_CLKIN1_CLKOUT0)
                                                     -2.360    -1.693 r  design_1_i/clk_wiz_1/inst/mmcm_adv_inst/CLKOUT0
                         net (fo=1, routed)           0.486    -1.207    design_1_i/clk_wiz_1/inst/clk_out1_design_1_clk_wiz_1_0
    BUFGCTRL_X0Y0        BUFG (Prop_bufg_I_O)         0.026    -1.181 r  design_1_i/clk_wiz_1/inst/clkout1_buf/O
                         net (fo=1479, routed)        0.555    -0.626    design_1_i/new_new_SPI_0/inst/new_new_SPI_v1_0_S00_AXI_inst/s00_axi_aclk
    SLICE_X31Y19         FDRE                                         r  design_1_i/new_new_SPI_0/inst/new_new_SPI_v1_0_S00_AXI_inst/slv_reg0_reg[15]/C
  -------------------------------------------------------------------    -------------------
    SLICE_X31Y19         FDRE (Prop_fdre_C_Q)         0.141    -0.485 r  design_1_i/new_new_SPI_0/inst/new_new_SPI_v1_0_S00_AXI_inst/slv_reg0_reg[15]/Q
                         net (fo=1, routed)           0.056    -0.429    design_1_i/new_new_SPI_0/inst/new_new_SPI_v1_0_S00_AXI_inst/slv_reg0_reg_n_0_[15]
    SLICE_X30Y19         LUT4 (Prop_lut4_I1_O)        0.045    -0.384 r  design_1_i/new_new_SPI_0/inst/new_new_SPI_v1_0_S00_AXI_inst/axi_rdata[15]_i_1/O
                         net (fo=1, routed)           0.000    -0.384    design_1_i/new_new_SPI_0/inst/new_new_SPI_v1_0_S00_AXI_inst/reg_data_out[15]
    SLICE_X30Y19         FDRE                                         r  design_1_i/new_new_SPI_0/inst/new_new_SPI_v1_0_S00_AXI_inst/axi_rdata_reg[15]/D
  -------------------------------------------------------------------    -------------------

                         (clock clk_out1_design_1_clk_wiz_1_0 rise edge)
                                                      0.000     0.000 r  
    W5                                                0.000     0.000 r  sys_clock (IN)
                         net (fo=0)                   0.000     0.000    design_1_i/clk_wiz_1/inst/clk_in1
    W5                   IBUF (Prop_ibuf_I_O)         0.414     0.414 r  design_1_i/clk_wiz_1/inst/clkin1_ibufg/O
                         net (fo=1, routed)           0.480     0.894    design_1_i/clk_wiz_1/inst/clk_in1_design_1_clk_wiz_1_0
    MMCME2_ADV_X1Y0      MMCME2_ADV (Prop_mmcme2_adv_CLKIN1_CLKOUT0)
                                                     -3.142    -2.248 r  design_1_i/clk_wiz_1/inst/mmcm_adv_inst/CLKOUT0
                         net (fo=1, routed)           0.530    -1.718    design_1_i/clk_wiz_1/inst/clk_out1_design_1_clk_wiz_1_0
    BUFGCTRL_X0Y0        BUFG (Prop_bufg_I_O)         0.029    -1.689 r  design_1_i/clk_wiz_1/inst/clkout1_buf/O
                         net (fo=1479, routed)        0.822    -0.868    design_1_i/new_new_SPI_0/inst/new_new_SPI_v1_0_S00_AXI_inst/s00_axi_aclk
    SLICE_X30Y19         FDRE                                         r  design_1_i/new_new_SPI_0/inst/new_new_SPI_v1_0_S00_AXI_inst/axi_rdata_reg[15]/C
                         clock pessimism              0.254    -0.613    
                         clock uncertainty            0.074    -0.539    
    SLICE_X30Y19         FDRE (Hold_fdre_C_D)         0.120    -0.419    design_1_i/new_new_SPI_0/inst/new_new_SPI_v1_0_S00_AXI_inst/axi_rdata_reg[15]
  -------------------------------------------------------------------
                         required time                          0.419    
                         arrival time                          -0.384    
  -------------------------------------------------------------------
                         slack                                  0.035    

Slack (MET) :             0.047ns  (arrival time - required time)
  Source:                 design_1_i/axi_uartlite_0/U0/UARTLITE_CORE_I/UARTLITE_RX_I/rx_6_reg/C
                            (rising edge-triggered cell FDRE clocked by clk_out1_design_1_clk_wiz_1_0_1  {rise@0.000ns fall@5.000ns period=10.000ns})
  Destination:            design_1_i/axi_uartlite_0/U0/UARTLITE_CORE_I/UARTLITE_RX_I/start_Edge_Detected_reg/D
                            (rising edge-triggered cell FDRE clocked by clk_out1_design_1_clk_wiz_1_0  {rise@0.000ns fall@5.000ns period=10.000ns})
  Path Group:             clk_out1_design_1_clk_wiz_1_0
  Path Type:              Hold (Min at Fast Process Corner)
  Requirement:            0.000ns  (clk_out1_design_1_clk_wiz_1_0 rise@0.000ns - clk_out1_design_1_clk_wiz_1_0_1 rise@0.000ns)
  Data Path Delay:        0.254ns  (logic 0.186ns (73.160%)  route 0.068ns (26.840%))
  Logic Levels:           1  (LUT6=1)
  Clock Path Skew:        0.013ns (DCD - SCD - CPR)
    Destination Clock Delay (DCD):    -0.861ns
    Source Clock Delay      (SCD):    -0.621ns
    Clock Pessimism Removal (CPR):    -0.252ns
  Clock Uncertainty:      0.074ns  ((TSJ^2 + DJ^2)^1/2) / 2 + PE
    Total System Jitter     (TSJ):    0.071ns
    Discrete Jitter          (DJ):    0.131ns
    Phase Error              (PE):    0.000ns
  Clock Domain Crossing:  Inter clock paths are considered valid unless explicitly excluded by timing constraints such as set_clock_groups or set_false_path.

    Location             Delay type                Incr(ns)  Path(ns)    Netlist Resource(s)
  -------------------------------------------------------------------    -------------------
                         (clock clk_out1_design_1_clk_wiz_1_0_1 rise edge)
                                                      0.000     0.000 r  
    W5                                                0.000     0.000 r  sys_clock (IN)
                         net (fo=0)                   0.000     0.000    design_1_i/clk_wiz_1/inst/clk_in1
    W5                   IBUF (Prop_ibuf_I_O)         0.226     0.226 r  design_1_i/clk_wiz_1/inst/clkin1_ibufg/O
                         net (fo=1, routed)           0.440     0.667    design_1_i/clk_wiz_1/inst/clk_in1_design_1_clk_wiz_1_0
    MMCME2_ADV_X1Y0      MMCME2_ADV (Prop_mmcme2_adv_CLKIN1_CLKOUT0)
                                                     -2.360    -1.693 r  design_1_i/clk_wiz_1/inst/mmcm_adv_inst/CLKOUT0
                         net (fo=1, routed)           0.486    -1.207    design_1_i/clk_wiz_1/inst/clk_out1_design_1_clk_wiz_1_0
    BUFGCTRL_X0Y0        BUFG (Prop_bufg_I_O)         0.026    -1.181 r  design_1_i/clk_wiz_1/inst/clkout1_buf/O
                         net (fo=1479, routed)        0.560    -0.621    design_1_i/axi_uartlite_0/U0/UARTLITE_CORE_I/UARTLITE_RX_I/s_axi_aclk
    SLICE_X35Y39         FDRE                                         r  design_1_i/axi_uartlite_0/U0/UARTLITE_CORE_I/UARTLITE_RX_I/rx_6_reg/C
  -------------------------------------------------------------------    -------------------
    SLICE_X35Y39         FDRE (Prop_fdre_C_Q)         0.141    -0.480 f  design_1_i/axi_uartlite_0/U0/UARTLITE_CORE_I/UARTLITE_RX_I/rx_6_reg/Q
                         net (fo=2, routed)           0.068    -0.412    design_1_i/axi_uartlite_0/U0/UARTLITE_CORE_I/UARTLITE_RX_I/rx_6
    SLICE_X34Y39         LUT6 (Prop_lut6_I4_O)        0.045    -0.367 r  design_1_i/axi_uartlite_0/U0/UARTLITE_CORE_I/UARTLITE_RX_I/start_Edge_Detected_i_1/O
                         net (fo=1, routed)           0.000    -0.367    design_1_i/axi_uartlite_0/U0/UARTLITE_CORE_I/UARTLITE_RX_I/start_Edge_Detected0
    SLICE_X34Y39         FDRE                                         r  design_1_i/axi_uartlite_0/U0/UARTLITE_CORE_I/UARTLITE_RX_I/start_Edge_Detected_reg/D
  -------------------------------------------------------------------    -------------------

                         (clock clk_out1_design_1_clk_wiz_1_0 rise edge)
                                                      0.000     0.000 r  
    W5                                                0.000     0.000 r  sys_clock (IN)
                         net (fo=0)                   0.000     0.000    design_1_i/clk_wiz_1/inst/clk_in1
    W5                   IBUF (Prop_ibuf_I_O)         0.414     0.414 r  design_1_i/clk_wiz_1/inst/clkin1_ibufg/O
                         net (fo=1, routed)           0.480     0.894    design_1_i/clk_wiz_1/inst/clk_in1_design_1_clk_wiz_1_0
    MMCME2_ADV_X1Y0      MMCME2_ADV (Prop_mmcme2_adv_CLKIN1_CLKOUT0)
                                                     -3.142    -2.248 r  design_1_i/clk_wiz_1/inst/mmcm_adv_inst/CLKOUT0
                         net (fo=1, routed)           0.530    -1.718    design_1_i/clk_wiz_1/inst/clk_out1_design_1_clk_wiz_1_0
    BUFGCTRL_X0Y0        BUFG (Prop_bufg_I_O)         0.029    -1.689 r  design_1_i/clk_wiz_1/inst/clkout1_buf/O
                         net (fo=1479, routed)        0.829    -0.861    design_1_i/axi_uartlite_0/U0/UARTLITE_CORE_I/UARTLITE_RX_I/s_axi_aclk
    SLICE_X34Y39         FDRE                                         r  design_1_i/axi_uartlite_0/U0/UARTLITE_CORE_I/UARTLITE_RX_I/start_Edge_Detected_reg/C
                         clock pessimism              0.252    -0.608    
                         clock uncertainty            0.074    -0.534    
    SLICE_X34Y39         FDRE (Hold_fdre_C_D)         0.120    -0.414    design_1_i/axi_uartlite_0/U0/UARTLITE_CORE_I/UARTLITE_RX_I/start_Edge_Detected_reg
  -------------------------------------------------------------------
                         required time                          0.414    
                         arrival time                          -0.367    
  -------------------------------------------------------------------
                         slack                                  0.047    

Slack (MET) :             0.047ns  (arrival time - required time)
  Source:                 design_1_i/microblaze_0/U0/MicroBlaze_Core_I/Performance.Core/Use_Debug_Logic.Master_Core.Debug_Perf/Serial_Dbg_Intf.sync_sample/sync_bits[5].sync_bit/Synchronize.use_sync_reset.sync_reg[1]/C
                            (rising edge-triggered cell FDRE clocked by clk_out1_design_1_clk_wiz_1_0_1  {rise@0.000ns fall@5.000ns period=10.000ns})
  Destination:            design_1_i/microblaze_0/U0/MicroBlaze_Core_I/Performance.Core/Use_Debug_Logic.Master_Core.Debug_Perf/Serial_Dbg_Intf.sync_sample/sync_bits[5].sync_bit/Synchronize.use_sync_reset.sync_reg[2]/D
                            (rising edge-triggered cell FDRE clocked by clk_out1_design_1_clk_wiz_1_0  {rise@0.000ns fall@5.000ns period=10.000ns})
  Path Group:             clk_out1_design_1_clk_wiz_1_0
  Path Type:              Hold (Min at Fast Process Corner)
  Requirement:            0.000ns  (clk_out1_design_1_clk_wiz_1_0 rise@0.000ns - clk_out1_design_1_clk_wiz_1_0_1 rise@0.000ns)
  Data Path Delay:        0.197ns  (logic 0.141ns (71.611%)  route 0.056ns (28.389%))
  Logic Levels:           0  
  Clock Path Skew:        0.000ns (DCD - SCD - CPR)
    Destination Clock Delay (DCD):    -0.869ns
    Source Clock Delay      (SCD):    -0.627ns
    Clock Pessimism Removal (CPR):    -0.241ns
  Clock Uncertainty:      0.074ns  ((TSJ^2 + DJ^2)^1/2) / 2 + PE
    Total System Jitter     (TSJ):    0.071ns
    Discrete Jitter          (DJ):    0.131ns
    Phase Error              (PE):    0.000ns
  Clock Domain Crossing:  Inter clock paths are considered valid unless explicitly excluded by timing constraints such as set_clock_groups or set_false_path.

    Location             Delay type                Incr(ns)  Path(ns)    Netlist Resource(s)
  -------------------------------------------------------------------    -------------------
                         (clock clk_out1_design_1_clk_wiz_1_0_1 rise edge)
                                                      0.000     0.000 r  
    W5                                                0.000     0.000 r  sys_clock (IN)
                         net (fo=0)                   0.000     0.000    design_1_i/clk_wiz_1/inst/clk_in1
    W5                   IBUF (Prop_ibuf_I_O)         0.226     0.226 r  design_1_i/clk_wiz_1/inst/clkin1_ibufg/O
                         net (fo=1, routed)           0.440     0.667    design_1_i/clk_wiz_1/inst/clk_in1_design_1_clk_wiz_1_0
    MMCME2_ADV_X1Y0      MMCME2_ADV (Prop_mmcme2_adv_CLKIN1_CLKOUT0)
                                                     -2.360    -1.693 r  design_1_i/clk_wiz_1/inst/mmcm_adv_inst/CLKOUT0
                         net (fo=1, routed)           0.486    -1.207    design_1_i/clk_wiz_1/inst/clk_out1_design_1_clk_wiz_1_0
    BUFGCTRL_X0Y0        BUFG (Prop_bufg_I_O)         0.026    -1.181 r  design_1_i/clk_wiz_1/inst/clkout1_buf/O
                         net (fo=1479, routed)        0.554    -0.627    design_1_i/microblaze_0/U0/MicroBlaze_Core_I/Performance.Core/Use_Debug_Logic.Master_Core.Debug_Perf/Serial_Dbg_Intf.sync_sample/sync_bits[5].sync_bit/Clk
    SLICE_X37Y29         FDRE                                         r  design_1_i/microblaze_0/U0/MicroBlaze_Core_I/Performance.Core/Use_Debug_Logic.Master_Core.Debug_Perf/Serial_Dbg_Intf.sync_sample/sync_bits[5].sync_bit/Synchronize.use_sync_reset.sync_reg[1]/C
  -------------------------------------------------------------------    -------------------
    SLICE_X37Y29         FDRE (Prop_fdre_C_Q)         0.141    -0.486 r  design_1_i/microblaze_0/U0/MicroBlaze_Core_I/Performance.Core/Use_Debug_Logic.Master_Core.Debug_Perf/Serial_Dbg_Intf.sync_sample/sync_bits[5].sync_bit/Synchronize.use_sync_reset.sync_reg[1]/Q
                         net (fo=1, routed)           0.056    -0.430    design_1_i/microblaze_0/U0/MicroBlaze_Core_I/Performance.Core/Use_Debug_Logic.Master_Core.Debug_Perf/Serial_Dbg_Intf.sync_sample/sync_bits[5].sync_bit/sync[1]
    SLICE_X37Y29         FDRE                                         r  design_1_i/microblaze_0/U0/MicroBlaze_Core_I/Performance.Core/Use_Debug_Logic.Master_Core.Debug_Perf/Serial_Dbg_Intf.sync_sample/sync_bits[5].sync_bit/Synchronize.use_sync_reset.sync_reg[2]/D
  -------------------------------------------------------------------    -------------------

                         (clock clk_out1_design_1_clk_wiz_1_0 rise edge)
                                                      0.000     0.000 r  
    W5                                                0.000     0.000 r  sys_clock (IN)
                         net (fo=0)                   0.000     0.000    design_1_i/clk_wiz_1/inst/clk_in1
    W5                   IBUF (Prop_ibuf_I_O)         0.414     0.414 r  design_1_i/clk_wiz_1/inst/clkin1_ibufg/O
                         net (fo=1, routed)           0.480     0.894    design_1_i/clk_wiz_1/inst/clk_in1_design_1_clk_wiz_1_0
    MMCME2_ADV_X1Y0      MMCME2_ADV (Prop_mmcme2_adv_CLKIN1_CLKOUT0)
                                                     -3.142    -2.248 r  design_1_i/clk_wiz_1/inst/mmcm_adv_inst/CLKOUT0
                         net (fo=1, routed)           0.530    -1.718    design_1_i/clk_wiz_1/inst/clk_out1_design_1_clk_wiz_1_0
    BUFGCTRL_X0Y0        BUFG (Prop_bufg_I_O)         0.029    -1.689 r  design_1_i/clk_wiz_1/inst/clkout1_buf/O
                         net (fo=1479, routed)        0.821    -0.869    design_1_i/microblaze_0/U0/MicroBlaze_Core_I/Performance.Core/Use_Debug_Logic.Master_Core.Debug_Perf/Serial_Dbg_Intf.sync_sample/sync_bits[5].sync_bit/Clk
    SLICE_X37Y29         FDRE                                         r  design_1_i/microblaze_0/U0/MicroBlaze_Core_I/Performance.Core/Use_Debug_Logic.Master_Core.Debug_Perf/Serial_Dbg_Intf.sync_sample/sync_bits[5].sync_bit/Synchronize.use_sync_reset.sync_reg[2]/C
                         clock pessimism              0.241    -0.627    
                         clock uncertainty            0.074    -0.553    
    SLICE_X37Y29         FDRE (Hold_fdre_C_D)         0.075    -0.478    design_1_i/microblaze_0/U0/MicroBlaze_Core_I/Performance.Core/Use_Debug_Logic.Master_Core.Debug_Perf/Serial_Dbg_Intf.sync_sample/sync_bits[5].sync_bit/Synchronize.use_sync_reset.sync_reg[2]
  -------------------------------------------------------------------
                         required time                          0.478    
                         arrival time                          -0.430    
  -------------------------------------------------------------------
                         slack                                  0.047    

Slack (MET) :             0.047ns  (arrival time - required time)
  Source:                 design_1_i/microblaze_0/U0/MicroBlaze_Core_I/Performance.Core/Use_Debug_Logic.Master_Core.Debug_Perf/Serial_Dbg_Intf.sync_sample/sync_bits[6].sync_bit/Synchronize.use_sync_reset.sync_reg[1]/C
                            (rising edge-triggered cell FDRE clocked by clk_out1_design_1_clk_wiz_1_0_1  {rise@0.000ns fall@5.000ns period=10.000ns})
  Destination:            design_1_i/microblaze_0/U0/MicroBlaze_Core_I/Performance.Core/Use_Debug_Logic.Master_Core.Debug_Perf/Serial_Dbg_Intf.sync_sample/sync_bits[6].sync_bit/Synchronize.use_sync_reset.sync_reg[2]/D
                            (rising edge-triggered cell FDRE clocked by clk_out1_design_1_clk_wiz_1_0  {rise@0.000ns fall@5.000ns period=10.000ns})
  Path Group:             clk_out1_design_1_clk_wiz_1_0
  Path Type:              Hold (Min at Fast Process Corner)
  Requirement:            0.000ns  (clk_out1_design_1_clk_wiz_1_0 rise@0.000ns - clk_out1_design_1_clk_wiz_1_0_1 rise@0.000ns)
  Data Path Delay:        0.197ns  (logic 0.141ns (71.611%)  route 0.056ns (28.389%))
  Logic Levels:           0  
  Clock Path Skew:        0.000ns (DCD - SCD - CPR)
    Destination Clock Delay (DCD):    -0.863ns
    Source Clock Delay      (SCD):    -0.622ns
    Clock Pessimism Removal (CPR):    -0.240ns
  Clock Uncertainty:      0.074ns  ((TSJ^2 + DJ^2)^1/2) / 2 + PE
    Total System Jitter     (TSJ):    0.071ns
    Discrete Jitter          (DJ):    0.131ns
    Phase Error              (PE):    0.000ns
  Clock Domain Crossing:  Inter clock paths are considered valid unless explicitly excluded by timing constraints such as set_clock_groups or set_false_path.

    Location             Delay type                Incr(ns)  Path(ns)    Netlist Resource(s)
  -------------------------------------------------------------------    -------------------
                         (clock clk_out1_design_1_clk_wiz_1_0_1 rise edge)
                                                      0.000     0.000 r  
    W5                                                0.000     0.000 r  sys_clock (IN)
                         net (fo=0)                   0.000     0.000    design_1_i/clk_wiz_1/inst/clk_in1
    W5                   IBUF (Prop_ibuf_I_O)         0.226     0.226 r  design_1_i/clk_wiz_1/inst/clkin1_ibufg/O
                         net (fo=1, routed)           0.440     0.667    design_1_i/clk_wiz_1/inst/clk_in1_design_1_clk_wiz_1_0
    MMCME2_ADV_X1Y0      MMCME2_ADV (Prop_mmcme2_adv_CLKIN1_CLKOUT0)
                                                     -2.360    -1.693 r  design_1_i/clk_wiz_1/inst/mmcm_adv_inst/CLKOUT0
                         net (fo=1, routed)           0.486    -1.207    design_1_i/clk_wiz_1/inst/clk_out1_design_1_clk_wiz_1_0
    BUFGCTRL_X0Y0        BUFG (Prop_bufg_I_O)         0.026    -1.181 r  design_1_i/clk_wiz_1/inst/clkout1_buf/O
                         net (fo=1479, routed)        0.559    -0.622    design_1_i/microblaze_0/U0/MicroBlaze_Core_I/Performance.Core/Use_Debug_Logic.Master_Core.Debug_Perf/Serial_Dbg_Intf.sync_sample/sync_bits[6].sync_bit/Clk
    SLICE_X39Y14         FDRE                                         r  design_1_i/microblaze_0/U0/MicroBlaze_Core_I/Performance.Core/Use_Debug_Logic.Master_Core.Debug_Perf/Serial_Dbg_Intf.sync_sample/sync_bits[6].sync_bit/Synchronize.use_sync_reset.sync_reg[1]/C
  -------------------------------------------------------------------    -------------------
    SLICE_X39Y14         FDRE (Prop_fdre_C_Q)         0.141    -0.481 r  design_1_i/microblaze_0/U0/MicroBlaze_Core_I/Performance.Core/Use_Debug_Logic.Master_Core.Debug_Perf/Serial_Dbg_Intf.sync_sample/sync_bits[6].sync_bit/Synchronize.use_sync_reset.sync_reg[1]/Q
                         net (fo=1, routed)           0.056    -0.425    design_1_i/microblaze_0/U0/MicroBlaze_Core_I/Performance.Core/Use_Debug_Logic.Master_Core.Debug_Perf/Serial_Dbg_Intf.sync_sample/sync_bits[6].sync_bit/sync[1]
    SLICE_X39Y14         FDRE                                         r  design_1_i/microblaze_0/U0/MicroBlaze_Core_I/Performance.Core/Use_Debug_Logic.Master_Core.Debug_Perf/Serial_Dbg_Intf.sync_sample/sync_bits[6].sync_bit/Synchronize.use_sync_reset.sync_reg[2]/D
  -------------------------------------------------------------------    -------------------

                         (clock clk_out1_design_1_clk_wiz_1_0 rise edge)
                                                      0.000     0.000 r  
    W5                                                0.000     0.000 r  sys_clock (IN)
                         net (fo=0)                   0.000     0.000    design_1_i/clk_wiz_1/inst/clk_in1
    W5                   IBUF (Prop_ibuf_I_O)         0.414     0.414 r  design_1_i/clk_wiz_1/inst/clkin1_ibufg/O
                         net (fo=1, routed)           0.480     0.894    design_1_i/clk_wiz_1/inst/clk_in1_design_1_clk_wiz_1_0
    MMCME2_ADV_X1Y0      MMCME2_ADV (Prop_mmcme2_adv_CLKIN1_CLKOUT0)
                                                     -3.142    -2.248 r  design_1_i/clk_wiz_1/inst/mmcm_adv_inst/CLKOUT0
                         net (fo=1, routed)           0.530    -1.718    design_1_i/clk_wiz_1/inst/clk_out1_design_1_clk_wiz_1_0
    BUFGCTRL_X0Y0        BUFG (Prop_bufg_I_O)         0.029    -1.689 r  design_1_i/clk_wiz_1/inst/clkout1_buf/O
                         net (fo=1479, routed)        0.827    -0.863    design_1_i/microblaze_0/U0/MicroBlaze_Core_I/Performance.Core/Use_Debug_Logic.Master_Core.Debug_Perf/Serial_Dbg_Intf.sync_sample/sync_bits[6].sync_bit/Clk
    SLICE_X39Y14         FDRE                                         r  design_1_i/microblaze_0/U0/MicroBlaze_Core_I/Performance.Core/Use_Debug_Logic.Master_Core.Debug_Perf/Serial_Dbg_Intf.sync_sample/sync_bits[6].sync_bit/Synchronize.use_sync_reset.sync_reg[2]/C
                         clock pessimism              0.240    -0.622    
                         clock uncertainty            0.074    -0.548    
    SLICE_X39Y14         FDRE (Hold_fdre_C_D)         0.075    -0.473    design_1_i/microblaze_0/U0/MicroBlaze_Core_I/Performance.Core/Use_Debug_Logic.Master_Core.Debug_Perf/Serial_Dbg_Intf.sync_sample/sync_bits[6].sync_bit/Synchronize.use_sync_reset.sync_reg[2]
  -------------------------------------------------------------------
                         required time                          0.473    
                         arrival time                          -0.425    
  -------------------------------------------------------------------
                         slack                                  0.047    

Slack (MET) :             0.047ns  (arrival time - required time)
  Source:                 design_1_i/rst_clk_wiz_1_100M/U0/EXT_LPF/ACTIVE_LOW_AUX.ACT_LO_AUX/GENERATE_LEVEL_P_S_CDC.SINGLE_BIT.CROSS_PLEVEL_IN2SCNDRY_IN_cdc_to/C
                            (rising edge-triggered cell FDRE clocked by clk_out1_design_1_clk_wiz_1_0_1  {rise@0.000ns fall@5.000ns period=10.000ns})
  Destination:            design_1_i/rst_clk_wiz_1_100M/U0/EXT_LPF/ACTIVE_LOW_AUX.ACT_LO_AUX/GENERATE_LEVEL_P_S_CDC.SINGLE_BIT.CROSS_PLEVEL_IN2SCNDRY_s_level_out_d2/D
                            (rising edge-triggered cell FDRE clocked by clk_out1_design_1_clk_wiz_1_0  {rise@0.000ns fall@5.000ns period=10.000ns})
  Path Group:             clk_out1_design_1_clk_wiz_1_0
  Path Type:              Hold (Min at Fast Process Corner)
  Requirement:            0.000ns  (clk_out1_design_1_clk_wiz_1_0 rise@0.000ns - clk_out1_design_1_clk_wiz_1_0_1 rise@0.000ns)
  Data Path Delay:        0.197ns  (logic 0.141ns (71.611%)  route 0.056ns (28.389%))
  Logic Levels:           0  
  Clock Path Skew:        0.000ns (DCD - SCD - CPR)
    Destination Clock Delay (DCD):    -0.859ns
    Source Clock Delay      (SCD):    -0.619ns
    Clock Pessimism Removal (CPR):    -0.239ns
  Clock Uncertainty:      0.074ns  ((TSJ^2 + DJ^2)^1/2) / 2 + PE
    Total System Jitter     (TSJ):    0.071ns
    Discrete Jitter          (DJ):    0.131ns
    Phase Error              (PE):    0.000ns
  Clock Domain Crossing:  Inter clock paths are considered valid unless explicitly excluded by timing constraints such as set_clock_groups or set_false_path.

    Location             Delay type                Incr(ns)  Path(ns)    Netlist Resource(s)
  -------------------------------------------------------------------    -------------------
                         (clock clk_out1_design_1_clk_wiz_1_0_1 rise edge)
                                                      0.000     0.000 r  
    W5                                                0.000     0.000 r  sys_clock (IN)
                         net (fo=0)                   0.000     0.000    design_1_i/clk_wiz_1/inst/clk_in1
    W5                   IBUF (Prop_ibuf_I_O)         0.226     0.226 r  design_1_i/clk_wiz_1/inst/clkin1_ibufg/O
                         net (fo=1, routed)           0.440     0.667    design_1_i/clk_wiz_1/inst/clk_in1_design_1_clk_wiz_1_0
    MMCME2_ADV_X1Y0      MMCME2_ADV (Prop_mmcme2_adv_CLKIN1_CLKOUT0)
                                                     -2.360    -1.693 r  design_1_i/clk_wiz_1/inst/mmcm_adv_inst/CLKOUT0
                         net (fo=1, routed)           0.486    -1.207    design_1_i/clk_wiz_1/inst/clk_out1_design_1_clk_wiz_1_0
    BUFGCTRL_X0Y0        BUFG (Prop_bufg_I_O)         0.026    -1.181 r  design_1_i/clk_wiz_1/inst/clkout1_buf/O
                         net (fo=1479, routed)        0.562    -0.619    design_1_i/rst_clk_wiz_1_100M/U0/EXT_LPF/ACTIVE_LOW_AUX.ACT_LO_AUX/slowest_sync_clk
    SLICE_X37Y41         FDRE                                         r  design_1_i/rst_clk_wiz_1_100M/U0/EXT_LPF/ACTIVE_LOW_AUX.ACT_LO_AUX/GENERATE_LEVEL_P_S_CDC.SINGLE_BIT.CROSS_PLEVEL_IN2SCNDRY_IN_cdc_to/C
  -------------------------------------------------------------------    -------------------
    SLICE_X37Y41         FDRE (Prop_fdre_C_Q)         0.141    -0.478 r  design_1_i/rst_clk_wiz_1_100M/U0/EXT_LPF/ACTIVE_LOW_AUX.ACT_LO_AUX/GENERATE_LEVEL_P_S_CDC.SINGLE_BIT.CROSS_PLEVEL_IN2SCNDRY_IN_cdc_to/Q
                         net (fo=1, routed)           0.056    -0.422    design_1_i/rst_clk_wiz_1_100M/U0/EXT_LPF/ACTIVE_LOW_AUX.ACT_LO_AUX/s_level_out_d1_cdc_to
    SLICE_X37Y41         FDRE                                         r  design_1_i/rst_clk_wiz_1_100M/U0/EXT_LPF/ACTIVE_LOW_AUX.ACT_LO_AUX/GENERATE_LEVEL_P_S_CDC.SINGLE_BIT.CROSS_PLEVEL_IN2SCNDRY_s_level_out_d2/D
  -------------------------------------------------------------------    -------------------

                         (clock clk_out1_design_1_clk_wiz_1_0 rise edge)
                                                      0.000     0.000 r  
    W5                                                0.000     0.000 r  sys_clock (IN)
                         net (fo=0)                   0.000     0.000    design_1_i/clk_wiz_1/inst/clk_in1
    W5                   IBUF (Prop_ibuf_I_O)         0.414     0.414 r  design_1_i/clk_wiz_1/inst/clkin1_ibufg/O
                         net (fo=1, routed)           0.480     0.894    design_1_i/clk_wiz_1/inst/clk_in1_design_1_clk_wiz_1_0
    MMCME2_ADV_X1Y0      MMCME2_ADV (Prop_mmcme2_adv_CLKIN1_CLKOUT0)
                                                     -3.142    -2.248 r  design_1_i/clk_wiz_1/inst/mmcm_adv_inst/CLKOUT0
                         net (fo=1, routed)           0.530    -1.718    design_1_i/clk_wiz_1/inst/clk_out1_design_1_clk_wiz_1_0
    BUFGCTRL_X0Y0        BUFG (Prop_bufg_I_O)         0.029    -1.689 r  design_1_i/clk_wiz_1/inst/clkout1_buf/O
                         net (fo=1479, routed)        0.831    -0.859    design_1_i/rst_clk_wiz_1_100M/U0/EXT_LPF/ACTIVE_LOW_AUX.ACT_LO_AUX/slowest_sync_clk
    SLICE_X37Y41         FDRE                                         r  design_1_i/rst_clk_wiz_1_100M/U0/EXT_LPF/ACTIVE_LOW_AUX.ACT_LO_AUX/GENERATE_LEVEL_P_S_CDC.SINGLE_BIT.CROSS_PLEVEL_IN2SCNDRY_s_level_out_d2/C
                         clock pessimism              0.239    -0.619    
                         clock uncertainty            0.074    -0.545    
    SLICE_X37Y41         FDRE (Hold_fdre_C_D)         0.075    -0.470    design_1_i/rst_clk_wiz_1_100M/U0/EXT_LPF/ACTIVE_LOW_AUX.ACT_LO_AUX/GENERATE_LEVEL_P_S_CDC.SINGLE_BIT.CROSS_PLEVEL_IN2SCNDRY_s_level_out_d2
  -------------------------------------------------------------------
                         required time                          0.470    
                         arrival time                          -0.422    
  -------------------------------------------------------------------
                         slack                                  0.047    

Slack (MET) :             0.051ns  (arrival time - required time)
  Source:                 design_1_i/microblaze_0/U0/MicroBlaze_Core_I/Performance.Core/Use_Debug_Logic.Master_Core.Debug_Perf/Serial_Dbg_Intf.sync_sample/sync_bits[7].sync_bit/Synchronize.use_sync_reset.sync_reg[1]/C
                            (rising edge-triggered cell FDRE clocked by clk_out1_design_1_clk_wiz_1_0_1  {rise@0.000ns fall@5.000ns period=10.000ns})
  Destination:            design_1_i/microblaze_0/U0/MicroBlaze_Core_I/Performance.Core/Use_Debug_Logic.Master_Core.Debug_Perf/Serial_Dbg_Intf.sync_sample/sync_bits[7].sync_bit/Synchronize.use_sync_reset.sync_reg[2]/D
                            (rising edge-triggered cell FDRE clocked by clk_out1_design_1_clk_wiz_1_0  {rise@0.000ns fall@5.000ns period=10.000ns})
  Path Group:             clk_out1_design_1_clk_wiz_1_0
  Path Type:              Hold (Min at Fast Process Corner)
  Requirement:            0.000ns  (clk_out1_design_1_clk_wiz_1_0 rise@0.000ns - clk_out1_design_1_clk_wiz_1_0_1 rise@0.000ns)
  Data Path Delay:        0.197ns  (logic 0.141ns (71.611%)  route 0.056ns (28.389%))
  Logic Levels:           0  
  Clock Path Skew:        0.000ns (DCD - SCD - CPR)
    Destination Clock Delay (DCD):    -0.869ns
    Source Clock Delay      (SCD):    -0.627ns
    Clock Pessimism Removal (CPR):    -0.241ns
  Clock Uncertainty:      0.074ns  ((TSJ^2 + DJ^2)^1/2) / 2 + PE
    Total System Jitter     (TSJ):    0.071ns
    Discrete Jitter          (DJ):    0.131ns
    Phase Error              (PE):    0.000ns
  Clock Domain Crossing:  Inter clock paths are considered valid unless explicitly excluded by timing constraints such as set_clock_groups or set_false_path.

    Location             Delay type                Incr(ns)  Path(ns)    Netlist Resource(s)
  -------------------------------------------------------------------    -------------------
                         (clock clk_out1_design_1_clk_wiz_1_0_1 rise edge)
                                                      0.000     0.000 r  
    W5                                                0.000     0.000 r  sys_clock (IN)
                         net (fo=0)                   0.000     0.000    design_1_i/clk_wiz_1/inst/clk_in1
    W5                   IBUF (Prop_ibuf_I_O)         0.226     0.226 r  design_1_i/clk_wiz_1/inst/clkin1_ibufg/O
                         net (fo=1, routed)           0.440     0.667    design_1_i/clk_wiz_1/inst/clk_in1_design_1_clk_wiz_1_0
    MMCME2_ADV_X1Y0      MMCME2_ADV (Prop_mmcme2_adv_CLKIN1_CLKOUT0)
                                                     -2.360    -1.693 r  design_1_i/clk_wiz_1/inst/mmcm_adv_inst/CLKOUT0
                         net (fo=1, routed)           0.486    -1.207    design_1_i/clk_wiz_1/inst/clk_out1_design_1_clk_wiz_1_0
    BUFGCTRL_X0Y0        BUFG (Prop_bufg_I_O)         0.026    -1.181 r  design_1_i/clk_wiz_1/inst/clkout1_buf/O
                         net (fo=1479, routed)        0.554    -0.627    design_1_i/microblaze_0/U0/MicroBlaze_Core_I/Performance.Core/Use_Debug_Logic.Master_Core.Debug_Perf/Serial_Dbg_Intf.sync_sample/sync_bits[7].sync_bit/Clk
    SLICE_X37Y29         FDRE                                         r  design_1_i/microblaze_0/U0/MicroBlaze_Core_I/Performance.Core/Use_Debug_Logic.Master_Core.Debug_Perf/Serial_Dbg_Intf.sync_sample/sync_bits[7].sync_bit/Synchronize.use_sync_reset.sync_reg[1]/C
  -------------------------------------------------------------------    -------------------
    SLICE_X37Y29         FDRE (Prop_fdre_C_Q)         0.141    -0.486 r  design_1_i/microblaze_0/U0/MicroBlaze_Core_I/Performance.Core/Use_Debug_Logic.Master_Core.Debug_Perf/Serial_Dbg_Intf.sync_sample/sync_bits[7].sync_bit/Synchronize.use_sync_reset.sync_reg[1]/Q
                         net (fo=1, routed)           0.056    -0.430    design_1_i/microblaze_0/U0/MicroBlaze_Core_I/Performance.Core/Use_Debug_Logic.Master_Core.Debug_Perf/Serial_Dbg_Intf.sync_sample/sync_bits[7].sync_bit/sync[1]
    SLICE_X37Y29         FDRE                                         r  design_1_i/microblaze_0/U0/MicroBlaze_Core_I/Performance.Core/Use_Debug_Logic.Master_Core.Debug_Perf/Serial_Dbg_Intf.sync_sample/sync_bits[7].sync_bit/Synchronize.use_sync_reset.sync_reg[2]/D
  -------------------------------------------------------------------    -------------------

                         (clock clk_out1_design_1_clk_wiz_1_0 rise edge)
                                                      0.000     0.000 r  
    W5                                                0.000     0.000 r  sys_clock (IN)
                         net (fo=0)                   0.000     0.000    design_1_i/clk_wiz_1/inst/clk_in1
    W5                   IBUF (Prop_ibuf_I_O)         0.414     0.414 r  design_1_i/clk_wiz_1/inst/clkin1_ibufg/O
                         net (fo=1, routed)           0.480     0.894    design_1_i/clk_wiz_1/inst/clk_in1_design_1_clk_wiz_1_0
    MMCME2_ADV_X1Y0      MMCME2_ADV (Prop_mmcme2_adv_CLKIN1_CLKOUT0)
                                                     -3.142    -2.248 r  design_1_i/clk_wiz_1/inst/mmcm_adv_inst/CLKOUT0
                         net (fo=1, routed)           0.530    -1.718    design_1_i/clk_wiz_1/inst/clk_out1_design_1_clk_wiz_1_0
    BUFGCTRL_X0Y0        BUFG (Prop_bufg_I_O)         0.029    -1.689 r  design_1_i/clk_wiz_1/inst/clkout1_buf/O
                         net (fo=1479, routed)        0.821    -0.869    design_1_i/microblaze_0/U0/MicroBlaze_Core_I/Performance.Core/Use_Debug_Logic.Master_Core.Debug_Perf/Serial_Dbg_Intf.sync_sample/sync_bits[7].sync_bit/Clk
    SLICE_X37Y29         FDRE                                         r  design_1_i/microblaze_0/U0/MicroBlaze_Core_I/Performance.Core/Use_Debug_Logic.Master_Core.Debug_Perf/Serial_Dbg_Intf.sync_sample/sync_bits[7].sync_bit/Synchronize.use_sync_reset.sync_reg[2]/C
                         clock pessimism              0.241    -0.627    
                         clock uncertainty            0.074    -0.553    
    SLICE_X37Y29         FDRE (Hold_fdre_C_D)         0.071    -0.482    design_1_i/microblaze_0/U0/MicroBlaze_Core_I/Performance.Core/Use_Debug_Logic.Master_Core.Debug_Perf/Serial_Dbg_Intf.sync_sample/sync_bits[7].sync_bit/Synchronize.use_sync_reset.sync_reg[2]
  -------------------------------------------------------------------
                         required time                          0.482    
                         arrival time                          -0.430    
  -------------------------------------------------------------------
                         slack                                  0.051    

Slack (MET) :             0.054ns  (arrival time - required time)
  Source:                 design_1_i/axi_uartlite_0/U0/UARTLITE_CORE_I/UARTLITE_TX_I/mux_sel_reg[0]/C
                            (rising edge-triggered cell FDSE clocked by clk_out1_design_1_clk_wiz_1_0_1  {rise@0.000ns fall@5.000ns period=10.000ns})
  Destination:            design_1_i/axi_uartlite_0/U0/UARTLITE_CORE_I/UARTLITE_TX_I/mux_sel_reg[2]/D
                            (rising edge-triggered cell FDSE clocked by clk_out1_design_1_clk_wiz_1_0  {rise@0.000ns fall@5.000ns period=10.000ns})
  Path Group:             clk_out1_design_1_clk_wiz_1_0
  Path Type:              Hold (Min at Fast Process Corner)
  Requirement:            0.000ns  (clk_out1_design_1_clk_wiz_1_0 rise@0.000ns - clk_out1_design_1_clk_wiz_1_0_1 rise@0.000ns)
  Data Path Delay:        0.262ns  (logic 0.186ns (70.964%)  route 0.076ns (29.036%))
  Logic Levels:           1  (LUT5=1)
  Clock Path Skew:        0.013ns (DCD - SCD - CPR)
    Destination Clock Delay (DCD):    -0.863ns
    Source Clock Delay      (SCD):    -0.622ns
    Clock Pessimism Removal (CPR):    -0.253ns
  Clock Uncertainty:      0.074ns  ((TSJ^2 + DJ^2)^1/2) / 2 + PE
    Total System Jitter     (TSJ):    0.071ns
    Discrete Jitter          (DJ):    0.131ns
    Phase Error              (PE):    0.000ns
  Clock Domain Crossing:  Inter clock paths are considered valid unless explicitly excluded by timing constraints such as set_clock_groups or set_false_path.

    Location             Delay type                Incr(ns)  Path(ns)    Netlist Resource(s)
  -------------------------------------------------------------------    -------------------
                         (clock clk_out1_design_1_clk_wiz_1_0_1 rise edge)
                                                      0.000     0.000 r  
    W5                                                0.000     0.000 r  sys_clock (IN)
                         net (fo=0)                   0.000     0.000    design_1_i/clk_wiz_1/inst/clk_in1
    W5                   IBUF (Prop_ibuf_I_O)         0.226     0.226 r  design_1_i/clk_wiz_1/inst/clkin1_ibufg/O
                         net (fo=1, routed)           0.440     0.667    design_1_i/clk_wiz_1/inst/clk_in1_design_1_clk_wiz_1_0
    MMCME2_ADV_X1Y0      MMCME2_ADV (Prop_mmcme2_adv_CLKIN1_CLKOUT0)
                                                     -2.360    -1.693 r  design_1_i/clk_wiz_1/inst/mmcm_adv_inst/CLKOUT0
                         net (fo=1, routed)           0.486    -1.207    design_1_i/clk_wiz_1/inst/clk_out1_design_1_clk_wiz_1_0
    BUFGCTRL_X0Y0        BUFG (Prop_bufg_I_O)         0.026    -1.181 r  design_1_i/clk_wiz_1/inst/clkout1_buf/O
                         net (fo=1479, routed)        0.559    -0.622    design_1_i/axi_uartlite_0/U0/UARTLITE_CORE_I/UARTLITE_TX_I/s_axi_aclk
    SLICE_X31Y35         FDSE                                         r  design_1_i/axi_uartlite_0/U0/UARTLITE_CORE_I/UARTLITE_TX_I/mux_sel_reg[0]/C
  -------------------------------------------------------------------    -------------------
    SLICE_X31Y35         FDSE (Prop_fdse_C_Q)         0.141    -0.481 f  design_1_i/axi_uartlite_0/U0/UARTLITE_CORE_I/UARTLITE_TX_I/mux_sel_reg[0]/Q
                         net (fo=5, routed)           0.076    -0.405    design_1_i/axi_uartlite_0/U0/UARTLITE_CORE_I/UARTLITE_TX_I/mux_sel_reg_n_0_[0]
    SLICE_X30Y35         LUT5 (Prop_lut5_I2_O)        0.045    -0.360 r  design_1_i/axi_uartlite_0/U0/UARTLITE_CORE_I/UARTLITE_TX_I/mux_sel[2]_i_1/O
                         net (fo=1, routed)           0.000    -0.360    design_1_i/axi_uartlite_0/U0/UARTLITE_CORE_I/UARTLITE_TX_I/mux_sel[2]_i_1_n_0
    SLICE_X30Y35         FDSE                                         r  design_1_i/axi_uartlite_0/U0/UARTLITE_CORE_I/UARTLITE_TX_I/mux_sel_reg[2]/D
  -------------------------------------------------------------------    -------------------

                         (clock clk_out1_design_1_clk_wiz_1_0 rise edge)
                                                      0.000     0.000 r  
    W5                                                0.000     0.000 r  sys_clock (IN)
                         net (fo=0)                   0.000     0.000    design_1_i/clk_wiz_1/inst/clk_in1
    W5                   IBUF (Prop_ibuf_I_O)         0.414     0.414 r  design_1_i/clk_wiz_1/inst/clkin1_ibufg/O
                         net (fo=1, routed)           0.480     0.894    design_1_i/clk_wiz_1/inst/clk_in1_design_1_clk_wiz_1_0
    MMCME2_ADV_X1Y0      MMCME2_ADV (Prop_mmcme2_adv_CLKIN1_CLKOUT0)
                                                     -3.142    -2.248 r  design_1_i/clk_wiz_1/inst/mmcm_adv_inst/CLKOUT0
                         net (fo=1, routed)           0.530    -1.718    design_1_i/clk_wiz_1/inst/clk_out1_design_1_clk_wiz_1_0
    BUFGCTRL_X0Y0        BUFG (Prop_bufg_I_O)         0.029    -1.689 r  design_1_i/clk_wiz_1/inst/clkout1_buf/O
                         net (fo=1479, routed)        0.827    -0.863    design_1_i/axi_uartlite_0/U0/UARTLITE_CORE_I/UARTLITE_TX_I/s_axi_aclk
    SLICE_X30Y35         FDSE                                         r  design_1_i/axi_uartlite_0/U0/UARTLITE_CORE_I/UARTLITE_TX_I/mux_sel_reg[2]/C
                         clock pessimism              0.253    -0.609    
                         clock uncertainty            0.074    -0.535    
    SLICE_X30Y35         FDSE (Hold_fdse_C_D)         0.121    -0.414    design_1_i/axi_uartlite_0/U0/UARTLITE_CORE_I/UARTLITE_TX_I/mux_sel_reg[2]
  -------------------------------------------------------------------
                         required time                          0.414    
                         arrival time                          -0.360    
  -------------------------------------------------------------------
                         slack                                  0.054    

Slack (MET) :             0.056ns  (arrival time - required time)
  Source:                 design_1_i/rst_clk_wiz_1_100M/U0/EXT_LPF/AUX_LPF[2].asr_lpf_reg[2]/C
                            (rising edge-triggered cell FDRE clocked by clk_out1_design_1_clk_wiz_1_0_1  {rise@0.000ns fall@5.000ns period=10.000ns})
  Destination:            design_1_i/rst_clk_wiz_1_100M/U0/EXT_LPF/AUX_LPF[3].asr_lpf_reg[3]/D
                            (rising edge-triggered cell FDRE clocked by clk_out1_design_1_clk_wiz_1_0  {rise@0.000ns fall@5.000ns period=10.000ns})
  Path Group:             clk_out1_design_1_clk_wiz_1_0
  Path Type:              Hold (Min at Fast Process Corner)
  Requirement:            0.000ns  (clk_out1_design_1_clk_wiz_1_0 rise@0.000ns - clk_out1_design_1_clk_wiz_1_0_1 rise@0.000ns)
  Data Path Delay:        0.208ns  (logic 0.141ns (67.788%)  route 0.067ns (32.212%))
  Logic Levels:           0  
  Clock Path Skew:        0.000ns (DCD - SCD - CPR)
    Destination Clock Delay (DCD):    -0.859ns
    Source Clock Delay      (SCD):    -0.619ns
    Clock Pessimism Removal (CPR):    -0.239ns
  Clock Uncertainty:      0.074ns  ((TSJ^2 + DJ^2)^1/2) / 2 + PE
    Total System Jitter     (TSJ):    0.071ns
    Discrete Jitter          (DJ):    0.131ns
    Phase Error              (PE):    0.000ns
  Clock Domain Crossing:  Inter clock paths are considered valid unless explicitly excluded by timing constraints such as set_clock_groups or set_false_path.

    Location             Delay type                Incr(ns)  Path(ns)    Netlist Resource(s)
  -------------------------------------------------------------------    -------------------
                         (clock clk_out1_design_1_clk_wiz_1_0_1 rise edge)
                                                      0.000     0.000 r  
    W5                                                0.000     0.000 r  sys_clock (IN)
                         net (fo=0)                   0.000     0.000    design_1_i/clk_wiz_1/inst/clk_in1
    W5                   IBUF (Prop_ibuf_I_O)         0.226     0.226 r  design_1_i/clk_wiz_1/inst/clkin1_ibufg/O
                         net (fo=1, routed)           0.440     0.667    design_1_i/clk_wiz_1/inst/clk_in1_design_1_clk_wiz_1_0
    MMCME2_ADV_X1Y0      MMCME2_ADV (Prop_mmcme2_adv_CLKIN1_CLKOUT0)
                                                     -2.360    -1.693 r  design_1_i/clk_wiz_1/inst/mmcm_adv_inst/CLKOUT0
                         net (fo=1, routed)           0.486    -1.207    design_1_i/clk_wiz_1/inst/clk_out1_design_1_clk_wiz_1_0
    BUFGCTRL_X0Y0        BUFG (Prop_bufg_I_O)         0.026    -1.181 r  design_1_i/clk_wiz_1/inst/clkout1_buf/O
                         net (fo=1479, routed)        0.562    -0.619    design_1_i/rst_clk_wiz_1_100M/U0/EXT_LPF/slowest_sync_clk
    SLICE_X37Y41         FDRE                                         r  design_1_i/rst_clk_wiz_1_100M/U0/EXT_LPF/AUX_LPF[2].asr_lpf_reg[2]/C
  -------------------------------------------------------------------    -------------------
    SLICE_X37Y41         FDRE (Prop_fdre_C_Q)         0.141    -0.478 r  design_1_i/rst_clk_wiz_1_100M/U0/EXT_LPF/AUX_LPF[2].asr_lpf_reg[2]/Q
                         net (fo=2, routed)           0.067    -0.411    design_1_i/rst_clk_wiz_1_100M/U0/EXT_LPF/p_1_in
    SLICE_X37Y41         FDRE                                         r  design_1_i/rst_clk_wiz_1_100M/U0/EXT_LPF/AUX_LPF[3].asr_lpf_reg[3]/D
  -------------------------------------------------------------------    -------------------

                         (clock clk_out1_design_1_clk_wiz_1_0 rise edge)
                                                      0.000     0.000 r  
    W5                                                0.000     0.000 r  sys_clock (IN)
                         net (fo=0)                   0.000     0.000    design_1_i/clk_wiz_1/inst/clk_in1
    W5                   IBUF (Prop_ibuf_I_O)         0.414     0.414 r  design_1_i/clk_wiz_1/inst/clkin1_ibufg/O
                         net (fo=1, routed)           0.480     0.894    design_1_i/clk_wiz_1/inst/clk_in1_design_1_clk_wiz_1_0
    MMCME2_ADV_X1Y0      MMCME2_ADV (Prop_mmcme2_adv_CLKIN1_CLKOUT0)
                                                     -3.142    -2.248 r  design_1_i/clk_wiz_1/inst/mmcm_adv_inst/CLKOUT0
                         net (fo=1, routed)           0.530    -1.718    design_1_i/clk_wiz_1/inst/clk_out1_design_1_clk_wiz_1_0
    BUFGCTRL_X0Y0        BUFG (Prop_bufg_I_O)         0.029    -1.689 r  design_1_i/clk_wiz_1/inst/clkout1_buf/O
                         net (fo=1479, routed)        0.831    -0.859    design_1_i/rst_clk_wiz_1_100M/U0/EXT_LPF/slowest_sync_clk
    SLICE_X37Y41         FDRE                                         r  design_1_i/rst_clk_wiz_1_100M/U0/EXT_LPF/AUX_LPF[3].asr_lpf_reg[3]/C
                         clock pessimism              0.239    -0.619    
                         clock uncertainty            0.074    -0.545    
    SLICE_X37Y41         FDRE (Hold_fdre_C_D)         0.078    -0.467    design_1_i/rst_clk_wiz_1_100M/U0/EXT_LPF/AUX_LPF[3].asr_lpf_reg[3]
  -------------------------------------------------------------------
                         required time                          0.467    
                         arrival time                          -0.411    
  -------------------------------------------------------------------
                         slack                                  0.056    

Slack (MET) :             0.057ns  (arrival time - required time)
  Source:                 design_1_i/axi_uartlite_0/U0/UARTLITE_CORE_I/UARTLITE_RX_I/INPUT_DOUBLE_REGS3/GENERATE_LEVEL_P_S_CDC.SINGLE_BIT.CROSS_PLEVEL_IN2SCNDRY_IN_cdc_to/C
                            (rising edge-triggered cell FDRE clocked by clk_out1_design_1_clk_wiz_1_0_1  {rise@0.000ns fall@5.000ns period=10.000ns})
  Destination:            design_1_i/axi_uartlite_0/U0/UARTLITE_CORE_I/UARTLITE_RX_I/INPUT_DOUBLE_REGS3/GENERATE_LEVEL_P_S_CDC.SINGLE_BIT.CROSS_PLEVEL_IN2SCNDRY_s_level_out_d2/D
                            (rising edge-triggered cell FDRE clocked by clk_out1_design_1_clk_wiz_1_0  {rise@0.000ns fall@5.000ns period=10.000ns})
  Path Group:             clk_out1_design_1_clk_wiz_1_0
  Path Type:              Hold (Min at Fast Process Corner)
  Requirement:            0.000ns  (clk_out1_design_1_clk_wiz_1_0 rise@0.000ns - clk_out1_design_1_clk_wiz_1_0_1 rise@0.000ns)
  Data Path Delay:        0.206ns  (logic 0.141ns (68.336%)  route 0.065ns (31.664%))
  Logic Levels:           0  
  Clock Path Skew:        0.000ns (DCD - SCD - CPR)
    Destination Clock Delay (DCD):    -0.858ns
    Source Clock Delay      (SCD):    -0.619ns
    Clock Pessimism Removal (CPR):    -0.238ns
  Clock Uncertainty:      0.074ns  ((TSJ^2 + DJ^2)^1/2) / 2 + PE
    Total System Jitter     (TSJ):    0.071ns
    Discrete Jitter          (DJ):    0.131ns
    Phase Error              (PE):    0.000ns
  Clock Domain Crossing:  Inter clock paths are considered valid unless explicitly excluded by timing constraints such as set_clock_groups or set_false_path.

    Location             Delay type                Incr(ns)  Path(ns)    Netlist Resource(s)
  -------------------------------------------------------------------    -------------------
                         (clock clk_out1_design_1_clk_wiz_1_0_1 rise edge)
                                                      0.000     0.000 r  
    W5                                                0.000     0.000 r  sys_clock (IN)
                         net (fo=0)                   0.000     0.000    design_1_i/clk_wiz_1/inst/clk_in1
    W5                   IBUF (Prop_ibuf_I_O)         0.226     0.226 r  design_1_i/clk_wiz_1/inst/clkin1_ibufg/O
                         net (fo=1, routed)           0.440     0.667    design_1_i/clk_wiz_1/inst/clk_in1_design_1_clk_wiz_1_0
    MMCME2_ADV_X1Y0      MMCME2_ADV (Prop_mmcme2_adv_CLKIN1_CLKOUT0)
                                                     -2.360    -1.693 r  design_1_i/clk_wiz_1/inst/mmcm_adv_inst/CLKOUT0
                         net (fo=1, routed)           0.486    -1.207    design_1_i/clk_wiz_1/inst/clk_out1_design_1_clk_wiz_1_0
    BUFGCTRL_X0Y0        BUFG (Prop_bufg_I_O)         0.026    -1.181 r  design_1_i/clk_wiz_1/inst/clkout1_buf/O
                         net (fo=1479, routed)        0.562    -0.619    design_1_i/axi_uartlite_0/U0/UARTLITE_CORE_I/UARTLITE_RX_I/INPUT_DOUBLE_REGS3/s_axi_aclk
    SLICE_X28Y42         FDRE                                         r  design_1_i/axi_uartlite_0/U0/UARTLITE_CORE_I/UARTLITE_RX_I/INPUT_DOUBLE_REGS3/GENERATE_LEVEL_P_S_CDC.SINGLE_BIT.CROSS_PLEVEL_IN2SCNDRY_IN_cdc_to/C
  -------------------------------------------------------------------    -------------------
    SLICE_X28Y42         FDRE (Prop_fdre_C_Q)         0.141    -0.478 r  design_1_i/axi_uartlite_0/U0/UARTLITE_CORE_I/UARTLITE_RX_I/INPUT_DOUBLE_REGS3/GENERATE_LEVEL_P_S_CDC.SINGLE_BIT.CROSS_PLEVEL_IN2SCNDRY_IN_cdc_to/Q
                         net (fo=1, routed)           0.065    -0.413    design_1_i/axi_uartlite_0/U0/UARTLITE_CORE_I/UARTLITE_RX_I/INPUT_DOUBLE_REGS3/s_level_out_d1_cdc_to
    SLICE_X28Y42         FDRE                                         r  design_1_i/axi_uartlite_0/U0/UARTLITE_CORE_I/UARTLITE_RX_I/INPUT_DOUBLE_REGS3/GENERATE_LEVEL_P_S_CDC.SINGLE_BIT.CROSS_PLEVEL_IN2SCNDRY_s_level_out_d2/D
  -------------------------------------------------------------------    -------------------

                         (clock clk_out1_design_1_clk_wiz_1_0 rise edge)
                                                      0.000     0.000 r  
    W5                                                0.000     0.000 r  sys_clock (IN)
                         net (fo=0)                   0.000     0.000    design_1_i/clk_wiz_1/inst/clk_in1
    W5                   IBUF (Prop_ibuf_I_O)         0.414     0.414 r  design_1_i/clk_wiz_1/inst/clkin1_ibufg/O
                         net (fo=1, routed)           0.480     0.894    design_1_i/clk_wiz_1/inst/clk_in1_design_1_clk_wiz_1_0
    MMCME2_ADV_X1Y0      MMCME2_ADV (Prop_mmcme2_adv_CLKIN1_CLKOUT0)
                                                     -3.142    -2.248 r  design_1_i/clk_wiz_1/inst/mmcm_adv_inst/CLKOUT0
                         net (fo=1, routed)           0.530    -1.718    design_1_i/clk_wiz_1/inst/clk_out1_design_1_clk_wiz_1_0
    BUFGCTRL_X0Y0        BUFG (Prop_bufg_I_O)         0.029    -1.689 r  design_1_i/clk_wiz_1/inst/clkout1_buf/O
                         net (fo=1479, routed)        0.832    -0.858    design_1_i/axi_uartlite_0/U0/UARTLITE_CORE_I/UARTLITE_RX_I/INPUT_DOUBLE_REGS3/s_axi_aclk
    SLICE_X28Y42         FDRE                                         r  design_1_i/axi_uartlite_0/U0/UARTLITE_CORE_I/UARTLITE_RX_I/INPUT_DOUBLE_REGS3/GENERATE_LEVEL_P_S_CDC.SINGLE_BIT.CROSS_PLEVEL_IN2SCNDRY_s_level_out_d2/C
                         clock pessimism              0.238    -0.619    
                         clock uncertainty            0.074    -0.545    
    SLICE_X28Y42         FDRE (Hold_fdre_C_D)         0.075    -0.470    design_1_i/axi_uartlite_0/U0/UARTLITE_CORE_I/UARTLITE_RX_I/INPUT_DOUBLE_REGS3/GENERATE_LEVEL_P_S_CDC.SINGLE_BIT.CROSS_PLEVEL_IN2SCNDRY_s_level_out_d2
  -------------------------------------------------------------------
                         required time                          0.470    
                         arrival time                          -0.413    
  -------------------------------------------------------------------
                         slack                                  0.057    

Slack (MET) :             0.057ns  (arrival time - required time)
  Source:                 design_1_i/rst_clk_wiz_1_100M/U0/EXT_LPF/ACTIVE_HIGH_EXT.ACT_HI_EXT/GENERATE_LEVEL_P_S_CDC.SINGLE_BIT.CROSS_PLEVEL_IN2SCNDRY_IN_cdc_to/C
                            (rising edge-triggered cell FDRE clocked by clk_out1_design_1_clk_wiz_1_0_1  {rise@0.000ns fall@5.000ns period=10.000ns})
  Destination:            design_1_i/rst_clk_wiz_1_100M/U0/EXT_LPF/ACTIVE_HIGH_EXT.ACT_HI_EXT/GENERATE_LEVEL_P_S_CDC.SINGLE_BIT.CROSS_PLEVEL_IN2SCNDRY_s_level_out_d2/D
                            (rising edge-triggered cell FDRE clocked by clk_out1_design_1_clk_wiz_1_0  {rise@0.000ns fall@5.000ns period=10.000ns})
  Path Group:             clk_out1_design_1_clk_wiz_1_0
  Path Type:              Hold (Min at Fast Process Corner)
  Requirement:            0.000ns  (clk_out1_design_1_clk_wiz_1_0 rise@0.000ns - clk_out1_design_1_clk_wiz_1_0_1 rise@0.000ns)
  Data Path Delay:        0.206ns  (logic 0.141ns (68.336%)  route 0.065ns (31.664%))
  Logic Levels:           0  
  Clock Path Skew:        0.000ns (DCD - SCD - CPR)
    Destination Clock Delay (DCD):    -0.858ns
    Source Clock Delay      (SCD):    -0.619ns
    Clock Pessimism Removal (CPR):    -0.238ns
  Clock Uncertainty:      0.074ns  ((TSJ^2 + DJ^2)^1/2) / 2 + PE
    Total System Jitter     (TSJ):    0.071ns
    Discrete Jitter          (DJ):    0.131ns
    Phase Error              (PE):    0.000ns
  Clock Domain Crossing:  Inter clock paths are considered valid unless explicitly excluded by timing constraints such as set_clock_groups or set_false_path.

    Location             Delay type                Incr(ns)  Path(ns)    Netlist Resource(s)
  -------------------------------------------------------------------    -------------------
                         (clock clk_out1_design_1_clk_wiz_1_0_1 rise edge)
                                                      0.000     0.000 r  
    W5                                                0.000     0.000 r  sys_clock (IN)
                         net (fo=0)                   0.000     0.000    design_1_i/clk_wiz_1/inst/clk_in1
    W5                   IBUF (Prop_ibuf_I_O)         0.226     0.226 r  design_1_i/clk_wiz_1/inst/clkin1_ibufg/O
                         net (fo=1, routed)           0.440     0.667    design_1_i/clk_wiz_1/inst/clk_in1_design_1_clk_wiz_1_0
    MMCME2_ADV_X1Y0      MMCME2_ADV (Prop_mmcme2_adv_CLKIN1_CLKOUT0)
                                                     -2.360    -1.693 r  design_1_i/clk_wiz_1/inst/mmcm_adv_inst/CLKOUT0
                         net (fo=1, routed)           0.486    -1.207    design_1_i/clk_wiz_1/inst/clk_out1_design_1_clk_wiz_1_0
    BUFGCTRL_X0Y0        BUFG (Prop_bufg_I_O)         0.026    -1.181 r  design_1_i/clk_wiz_1/inst/clkout1_buf/O
                         net (fo=1479, routed)        0.562    -0.619    design_1_i/rst_clk_wiz_1_100M/U0/EXT_LPF/ACTIVE_HIGH_EXT.ACT_HI_EXT/slowest_sync_clk
    SLICE_X40Y41         FDRE                                         r  design_1_i/rst_clk_wiz_1_100M/U0/EXT_LPF/ACTIVE_HIGH_EXT.ACT_HI_EXT/GENERATE_LEVEL_P_S_CDC.SINGLE_BIT.CROSS_PLEVEL_IN2SCNDRY_IN_cdc_to/C
  -------------------------------------------------------------------    -------------------
    SLICE_X40Y41         FDRE (Prop_fdre_C_Q)         0.141    -0.478 r  design_1_i/rst_clk_wiz_1_100M/U0/EXT_LPF/ACTIVE_HIGH_EXT.ACT_HI_EXT/GENERATE_LEVEL_P_S_CDC.SINGLE_BIT.CROSS_PLEVEL_IN2SCNDRY_IN_cdc_to/Q
                         net (fo=1, routed)           0.065    -0.413    design_1_i/rst_clk_wiz_1_100M/U0/EXT_LPF/ACTIVE_HIGH_EXT.ACT_HI_EXT/s_level_out_d1_cdc_to
    SLICE_X40Y41         FDRE                                         r  design_1_i/rst_clk_wiz_1_100M/U0/EXT_LPF/ACTIVE_HIGH_EXT.ACT_HI_EXT/GENERATE_LEVEL_P_S_CDC.SINGLE_BIT.CROSS_PLEVEL_IN2SCNDRY_s_level_out_d2/D
  -------------------------------------------------------------------    -------------------

                         (clock clk_out1_design_1_clk_wiz_1_0 rise edge)
                                                      0.000     0.000 r  
    W5                                                0.000     0.000 r  sys_clock (IN)
                         net (fo=0)                   0.000     0.000    design_1_i/clk_wiz_1/inst/clk_in1
    W5                   IBUF (Prop_ibuf_I_O)         0.414     0.414 r  design_1_i/clk_wiz_1/inst/clkin1_ibufg/O
                         net (fo=1, routed)           0.480     0.894    design_1_i/clk_wiz_1/inst/clk_in1_design_1_clk_wiz_1_0
    MMCME2_ADV_X1Y0      MMCME2_ADV (Prop_mmcme2_adv_CLKIN1_CLKOUT0)
                                                     -3.142    -2.248 r  design_1_i/clk_wiz_1/inst/mmcm_adv_inst/CLKOUT0
                         net (fo=1, routed)           0.530    -1.718    design_1_i/clk_wiz_1/inst/clk_out1_design_1_clk_wiz_1_0
    BUFGCTRL_X0Y0        BUFG (Prop_bufg_I_O)         0.029    -1.689 r  design_1_i/clk_wiz_1/inst/clkout1_buf/O
                         net (fo=1479, routed)        0.832    -0.858    design_1_i/rst_clk_wiz_1_100M/U0/EXT_LPF/ACTIVE_HIGH_EXT.ACT_HI_EXT/slowest_sync_clk
    SLICE_X40Y41         FDRE                                         r  design_1_i/rst_clk_wiz_1_100M/U0/EXT_LPF/ACTIVE_HIGH_EXT.ACT_HI_EXT/GENERATE_LEVEL_P_S_CDC.SINGLE_BIT.CROSS_PLEVEL_IN2SCNDRY_s_level_out_d2/C
                         clock pessimism              0.238    -0.619    
                         clock uncertainty            0.074    -0.545    
    SLICE_X40Y41         FDRE (Hold_fdre_C_D)         0.075    -0.470    design_1_i/rst_clk_wiz_1_100M/U0/EXT_LPF/ACTIVE_HIGH_EXT.ACT_HI_EXT/GENERATE_LEVEL_P_S_CDC.SINGLE_BIT.CROSS_PLEVEL_IN2SCNDRY_s_level_out_d2
  -------------------------------------------------------------------
                         required time                          0.470    
                         arrival time                          -0.413    
  -------------------------------------------------------------------
                         slack                                  0.057    





