Copyright 1986-2020 Xilinx, Inc. All Rights Reserved.
--------------------------------------------------------------------------------------------------------------------------------------------------------------------------------------------------------------------------------
| Tool Version : Vivado v.2020.2 (win64) Build 3064766 Wed Nov 18 09:12:45 MST 2020
| Date         : Thu Apr  3 15:52:46 2025
| Host         : DESKTOP-7CFQ9ND running 64-bit major release  (build 9200)
| Command      : report_timing_summary -max_paths 10 -file top_counter_up_down_timing_summary_routed.rpt -pb top_counter_up_down_timing_summary_routed.pb -rpx top_counter_up_down_timing_summary_routed.rpx -warn_on_violation
| Design       : top_counter_up_down
| Device       : 7a35t-cpg236
| Speed File   : -1  PRODUCTION 1.23 2018-06-13
--------------------------------------------------------------------------------------------------------------------------------------------------------------------------------------------------------------------------------

Timing Summary Report

------------------------------------------------------------------------------------------------
| Timer Settings
| --------------
------------------------------------------------------------------------------------------------

  Enable Multi Corner Analysis               :  Yes
  Enable Pessimism Removal                   :  Yes
  Pessimism Removal Resolution               :  Nearest Common Node
  Enable Input Delay Default Clock           :  No
  Enable Preset / Clear Arcs                 :  No
  Disable Flight Delays                      :  No
  Ignore I/O Paths                           :  No
  Timing Early Launch at Borrowing Latches   :  No
  Borrow Time for Max Delay Exceptions       :  Yes
  Merge Timing Exceptions                    :  Yes

  Corner  Analyze    Analyze    
  Name    Max Paths  Min Paths  
  ------  ---------  ---------  
  Slow    Yes        Yes        
  Fast    Yes        Yes        



check_timing report

Table of Contents
-----------------
1. checking no_clock (0)
2. checking constant_clock (0)
3. checking pulse_width_clock (0)
4. checking unconstrained_internal_endpoints (0)
5. checking no_input_delay (2)
6. checking no_output_delay (13)
7. checking multiple_clock (0)
8. checking generated_clocks (0)
9. checking loops (0)
10. checking partial_input_delay (0)
11. checking partial_output_delay (0)
12. checking latch_loops (0)

1. checking no_clock (0)
------------------------
 There are 0 register/latch pins with no clock.


2. checking constant_clock (0)
------------------------------
 There are 0 register/latch pins with constant_clock.


3. checking pulse_width_clock (0)
---------------------------------
 There are 0 register/latch pins which need pulse_width check


4. checking unconstrained_internal_endpoints (0)
------------------------------------------------
 There are 0 pins that are not constrained for maximum delay.

 There are 0 pins that are not constrained for maximum delay due to constant clock.


5. checking no_input_delay (2)
------------------------------
 There are 2 input ports with no input delay specified. (HIGH)

 There are 0 input ports with no input delay but user has a false path constraint.


6. checking no_output_delay (13)
--------------------------------
 There are 13 ports with no output delay specified. (HIGH)

 There are 0 ports with no output delay but user has a false path constraint

 There are 0 ports with no output delay but with a timing clock defined on it or propagating through it


7. checking multiple_clock (0)
------------------------------
 There are 0 register/latch pins with multiple clocks.


8. checking generated_clocks (0)
--------------------------------
 There are 0 generated clocks that are not connected to a clock source.


9. checking loops (0)
---------------------
 There are 0 combinational loops in the design.


10. checking partial_input_delay (0)
------------------------------------
 There are 0 input ports with partial input delay specified.


11. checking partial_output_delay (0)
-------------------------------------
 There are 0 ports with partial output delay specified.


12. checking latch_loops (0)
----------------------------
 There are 0 combinational latch loops in the design through latch input



------------------------------------------------------------------------------------------------
| Design Timing Summary
| ---------------------
------------------------------------------------------------------------------------------------

    WNS(ns)      TNS(ns)  TNS Failing Endpoints  TNS Total Endpoints      WHS(ns)      THS(ns)  THS Failing Endpoints  THS Total Endpoints     WPWS(ns)     TPWS(ns)  TPWS Failing Endpoints  TPWS Total Endpoints  
    -------      -------  ---------------------  -------------------      -------      -------  ---------------------  -------------------     --------     --------  ----------------------  --------------------  
      5.447        0.000                      0                  186        0.174        0.000                      0                  186        4.500        0.000                       0                   112  


All user specified timing constraints are met.


------------------------------------------------------------------------------------------------
| Clock Summary
| -------------
------------------------------------------------------------------------------------------------

Clock        Waveform(ns)       Period(ns)      Frequency(MHz)
-----        ------------       ----------      --------------
sys_clk_pin  {0.000 5.000}      10.000          100.000         


------------------------------------------------------------------------------------------------
| Intra Clock Table
| -----------------
------------------------------------------------------------------------------------------------

Clock             WNS(ns)      TNS(ns)  TNS Failing Endpoints  TNS Total Endpoints      WHS(ns)      THS(ns)  THS Failing Endpoints  THS Total Endpoints     WPWS(ns)     TPWS(ns)  TPWS Failing Endpoints  TPWS Total Endpoints  
-----             -------      -------  ---------------------  -------------------      -------      -------  ---------------------  -------------------     --------     --------  ----------------------  --------------------  
sys_clk_pin         5.447        0.000                      0                  186        0.174        0.000                      0                  186        4.500        0.000                       0                   112  


------------------------------------------------------------------------------------------------
| Inter Clock Table
| -----------------
------------------------------------------------------------------------------------------------

From Clock    To Clock          WNS(ns)      TNS(ns)  TNS Failing Endpoints  TNS Total Endpoints      WHS(ns)      THS(ns)  THS Failing Endpoints  THS Total Endpoints  
----------    --------          -------      -------  ---------------------  -------------------      -------      -------  ---------------------  -------------------  


------------------------------------------------------------------------------------------------
| Other Path Groups Table
| -----------------------
------------------------------------------------------------------------------------------------

Path Group    From Clock    To Clock          WNS(ns)      TNS(ns)  TNS Failing Endpoints  TNS Total Endpoints      WHS(ns)      THS(ns)  THS Failing Endpoints  THS Total Endpoints  
----------    ----------    --------          -------      -------  ---------------------  -------------------      -------      -------  ---------------------  -------------------  


------------------------------------------------------------------------------------------------
| Timing Details
| --------------
------------------------------------------------------------------------------------------------


---------------------------------------------------------------------------------------------------
From Clock:  sys_clk_pin
  To Clock:  sys_clk_pin

Setup :            0  Failing Endpoints,  Worst Slack        5.447ns,  Total Violation        0.000ns
Hold  :            0  Failing Endpoints,  Worst Slack        0.174ns,  Total Violation        0.000ns
PW    :            0  Failing Endpoints,  Worst Slack        4.500ns,  Total Violation        0.000ns
---------------------------------------------------------------------------------------------------


Max Delay Paths
--------------------------------------------------------------------------------------
Slack (MET) :             5.447ns  (required time - arrival time)
  Source:                 U_Counter/U_Clk_Div_10Hz/div_counter_reg[5]/C
                            (rising edge-triggered cell FDCE clocked by sys_clk_pin  {rise@0.000ns fall@5.000ns period=10.000ns})
  Destination:            U_Counter/U_Clk_Div_10Hz/div_counter_reg[0]/D
                            (rising edge-triggered cell FDCE clocked by sys_clk_pin  {rise@0.000ns fall@5.000ns period=10.000ns})
  Path Group:             sys_clk_pin
  Path Type:              Setup (Max at Slow Process Corner)
  Requirement:            10.000ns  (sys_clk_pin rise@10.000ns - sys_clk_pin rise@0.000ns)
  Data Path Delay:        4.524ns  (logic 1.173ns (25.927%)  route 3.351ns (74.073%))
  Logic Levels:           4  (LUT2=1 LUT5=1 LUT6=2)
  Clock Path Skew:        -0.040ns (DCD - SCD + CPR)
    Destination Clock Delay (DCD):    4.791ns = ( 14.791 - 10.000 ) 
    Source Clock Delay      (SCD):    5.091ns
    Clock Pessimism Removal (CPR):    0.260ns
  Clock Uncertainty:      0.035ns  ((TSJ^2 + TIJ^2)^1/2 + DJ) / 2 + PE
    Total System Jitter     (TSJ):    0.071ns
    Total Input Jitter      (TIJ):    0.000ns
    Discrete Jitter          (DJ):    0.000ns
    Phase Error              (PE):    0.000ns

    Location             Delay type                Incr(ns)  Path(ns)    Netlist Resource(s)
  -------------------------------------------------------------------    -------------------
                         (clock sys_clk_pin rise edge)
                                                      0.000     0.000 r  
    W5                                                0.000     0.000 r  clk (IN)
                         net (fo=0)                   0.000     0.000    clk
    W5                   IBUF (Prop_ibuf_I_O)         1.458     1.458 r  clk_IBUF_inst/O
                         net (fo=1, routed)           1.967     3.425    clk_IBUF
    BUFGCTRL_X0Y0        BUFG (Prop_bufg_I_O)         0.096     3.521 r  clk_IBUF_BUFG_inst/O
                         net (fo=111, routed)         1.570     5.091    U_Counter/U_Clk_Div_10Hz/CLK
    SLICE_X50Y7          FDCE                                         r  U_Counter/U_Clk_Div_10Hz/div_counter_reg[5]/C
  -------------------------------------------------------------------    -------------------
    SLICE_X50Y7          FDCE (Prop_fdce_C_Q)         0.478     5.569 f  U_Counter/U_Clk_Div_10Hz/div_counter_reg[5]/Q
                         net (fo=4, routed)           1.136     6.706    U_Counter/U_Clk_Div_10Hz/div_counter[5]
    SLICE_X50Y8          LUT6 (Prop_lut6_I0_O)        0.295     7.001 r  U_Counter/U_Clk_Div_10Hz/div_counter[23]_i_8/O
                         net (fo=1, routed)           0.566     7.567    U_Counter/U_Clk_Div_10Hz/div_counter[23]_i_8_n_0
    SLICE_X50Y9          LUT5 (Prop_lut5_I0_O)        0.124     7.691 r  U_Counter/U_Clk_Div_10Hz/div_counter[23]_i_6/O
                         net (fo=1, routed)           0.617     8.307    U_Counter/U_Clk_Div_10Hz/div_counter[23]_i_6_n_0
    SLICE_X50Y8          LUT6 (Prop_lut6_I4_O)        0.124     8.431 r  U_Counter/U_Clk_Div_10Hz/div_counter[23]_i_3/O
                         net (fo=24, routed)          1.032     9.464    U_Counter/U_Clk_Div_10Hz/div_counter[23]_i_3_n_0
    SLICE_X49Y8          LUT2 (Prop_lut2_I0_O)        0.152     9.616 r  U_Counter/U_Clk_Div_10Hz/div_counter[0]_i_1/O
                         net (fo=1, routed)           0.000     9.616    U_Counter/U_Clk_Div_10Hz/p_1_in[0]
    SLICE_X49Y8          FDCE                                         r  U_Counter/U_Clk_Div_10Hz/div_counter_reg[0]/D
  -------------------------------------------------------------------    -------------------

                         (clock sys_clk_pin rise edge)
                                                     10.000    10.000 r  
    W5                                                0.000    10.000 r  clk (IN)
                         net (fo=0)                   0.000    10.000    clk
    W5                   IBUF (Prop_ibuf_I_O)         1.388    11.388 r  clk_IBUF_inst/O
                         net (fo=1, routed)           1.862    13.250    clk_IBUF
    BUFGCTRL_X0Y0        BUFG (Prop_bufg_I_O)         0.091    13.341 r  clk_IBUF_BUFG_inst/O
                         net (fo=111, routed)         1.450    14.791    U_Counter/U_Clk_Div_10Hz/CLK
    SLICE_X49Y8          FDCE                                         r  U_Counter/U_Clk_Div_10Hz/div_counter_reg[0]/C
                         clock pessimism              0.260    15.051    
                         clock uncertainty           -0.035    15.016    
    SLICE_X49Y8          FDCE (Setup_fdce_C_D)        0.047    15.063    U_Counter/U_Clk_Div_10Hz/div_counter_reg[0]
  -------------------------------------------------------------------
                         required time                         15.063    
                         arrival time                          -9.616    
  -------------------------------------------------------------------
                         slack                                  5.447    

Slack (MET) :             5.507ns  (required time - arrival time)
  Source:                 U_Counter/U_Clk_Div_10Hz/div_counter_reg[5]/C
                            (rising edge-triggered cell FDCE clocked by sys_clk_pin  {rise@0.000ns fall@5.000ns period=10.000ns})
  Destination:            U_Counter/U_Clk_Div_10Hz/div_counter_reg[22]/D
                            (rising edge-triggered cell FDCE clocked by sys_clk_pin  {rise@0.000ns fall@5.000ns period=10.000ns})
  Path Group:             sys_clk_pin
  Path Type:              Setup (Max at Slow Process Corner)
  Requirement:            10.000ns  (sys_clk_pin rise@10.000ns - sys_clk_pin rise@0.000ns)
  Data Path Delay:        4.511ns  (logic 1.145ns (25.383%)  route 3.366ns (74.617%))
  Logic Levels:           4  (LUT2=1 LUT5=1 LUT6=2)
  Clock Path Skew:        -0.026ns (DCD - SCD + CPR)
    Destination Clock Delay (DCD):    4.791ns = ( 14.791 - 10.000 ) 
    Source Clock Delay      (SCD):    5.091ns
    Clock Pessimism Removal (CPR):    0.274ns
  Clock Uncertainty:      0.035ns  ((TSJ^2 + TIJ^2)^1/2 + DJ) / 2 + PE
    Total System Jitter     (TSJ):    0.071ns
    Total Input Jitter      (TIJ):    0.000ns
    Discrete Jitter          (DJ):    0.000ns
    Phase Error              (PE):    0.000ns

    Location             Delay type                Incr(ns)  Path(ns)    Netlist Resource(s)
  -------------------------------------------------------------------    -------------------
                         (clock sys_clk_pin rise edge)
                                                      0.000     0.000 r  
    W5                                                0.000     0.000 r  clk (IN)
                         net (fo=0)                   0.000     0.000    clk
    W5                   IBUF (Prop_ibuf_I_O)         1.458     1.458 r  clk_IBUF_inst/O
                         net (fo=1, routed)           1.967     3.425    clk_IBUF
    BUFGCTRL_X0Y0        BUFG (Prop_bufg_I_O)         0.096     3.521 r  clk_IBUF_BUFG_inst/O
                         net (fo=111, routed)         1.570     5.091    U_Counter/U_Clk_Div_10Hz/CLK
    SLICE_X50Y7          FDCE                                         r  U_Counter/U_Clk_Div_10Hz/div_counter_reg[5]/C
  -------------------------------------------------------------------    -------------------
    SLICE_X50Y7          FDCE (Prop_fdce_C_Q)         0.478     5.569 f  U_Counter/U_Clk_Div_10Hz/div_counter_reg[5]/Q
                         net (fo=4, routed)           1.136     6.706    U_Counter/U_Clk_Div_10Hz/div_counter[5]
    SLICE_X50Y8          LUT6 (Prop_lut6_I0_O)        0.295     7.001 r  U_Counter/U_Clk_Div_10Hz/div_counter[23]_i_8/O
                         net (fo=1, routed)           0.566     7.567    U_Counter/U_Clk_Div_10Hz/div_counter[23]_i_8_n_0
    SLICE_X50Y9          LUT5 (Prop_lut5_I0_O)        0.124     7.691 r  U_Counter/U_Clk_Div_10Hz/div_counter[23]_i_6/O
                         net (fo=1, routed)           0.617     8.307    U_Counter/U_Clk_Div_10Hz/div_counter[23]_i_6_n_0
    SLICE_X50Y8          LUT6 (Prop_lut6_I4_O)        0.124     8.431 r  U_Counter/U_Clk_Div_10Hz/div_counter[23]_i_3/O
                         net (fo=24, routed)          1.047     9.478    U_Counter/U_Clk_Div_10Hz/div_counter[23]_i_3_n_0
    SLICE_X50Y10         LUT2 (Prop_lut2_I0_O)        0.124     9.602 r  U_Counter/U_Clk_Div_10Hz/div_counter[22]_i_1/O
                         net (fo=1, routed)           0.000     9.602    U_Counter/U_Clk_Div_10Hz/p_1_in[22]
    SLICE_X50Y10         FDCE                                         r  U_Counter/U_Clk_Div_10Hz/div_counter_reg[22]/D
  -------------------------------------------------------------------    -------------------

                         (clock sys_clk_pin rise edge)
                                                     10.000    10.000 r  
    W5                                                0.000    10.000 r  clk (IN)
                         net (fo=0)                   0.000    10.000    clk
    W5                   IBUF (Prop_ibuf_I_O)         1.388    11.388 r  clk_IBUF_inst/O
                         net (fo=1, routed)           1.862    13.250    clk_IBUF
    BUFGCTRL_X0Y0        BUFG (Prop_bufg_I_O)         0.091    13.341 r  clk_IBUF_BUFG_inst/O
                         net (fo=111, routed)         1.450    14.791    U_Counter/U_Clk_Div_10Hz/CLK
    SLICE_X50Y10         FDCE                                         r  U_Counter/U_Clk_Div_10Hz/div_counter_reg[22]/C
                         clock pessimism              0.274    15.065    
                         clock uncertainty           -0.035    15.030    
    SLICE_X50Y10         FDCE (Setup_fdce_C_D)        0.079    15.109    U_Counter/U_Clk_Div_10Hz/div_counter_reg[22]
  -------------------------------------------------------------------
                         required time                         15.109    
                         arrival time                          -9.602    
  -------------------------------------------------------------------
                         slack                                  5.507    

Slack (MET) :             5.517ns  (required time - arrival time)
  Source:                 U_Counter/U_Clk_Div_10Hz/div_counter_reg[5]/C
                            (rising edge-triggered cell FDCE clocked by sys_clk_pin  {rise@0.000ns fall@5.000ns period=10.000ns})
  Destination:            U_Counter/U_Clk_Div_10Hz/div_counter_reg[23]/D
                            (rising edge-triggered cell FDCE clocked by sys_clk_pin  {rise@0.000ns fall@5.000ns period=10.000ns})
  Path Group:             sys_clk_pin
  Path Type:              Setup (Max at Slow Process Corner)
  Requirement:            10.000ns  (sys_clk_pin rise@10.000ns - sys_clk_pin rise@0.000ns)
  Data Path Delay:        4.540ns  (logic 1.174ns (25.860%)  route 3.366ns (74.140%))
  Logic Levels:           4  (LUT2=1 LUT5=1 LUT6=2)
  Clock Path Skew:        -0.026ns (DCD - SCD + CPR)
    Destination Clock Delay (DCD):    4.791ns = ( 14.791 - 10.000 ) 
    Source Clock Delay      (SCD):    5.091ns
    Clock Pessimism Removal (CPR):    0.274ns
  Clock Uncertainty:      0.035ns  ((TSJ^2 + TIJ^2)^1/2 + DJ) / 2 + PE
    Total System Jitter     (TSJ):    0.071ns
    Total Input Jitter      (TIJ):    0.000ns
    Discrete Jitter          (DJ):    0.000ns
    Phase Error              (PE):    0.000ns

    Location             Delay type                Incr(ns)  Path(ns)    Netlist Resource(s)
  -------------------------------------------------------------------    -------------------
                         (clock sys_clk_pin rise edge)
                                                      0.000     0.000 r  
    W5                                                0.000     0.000 r  clk (IN)
                         net (fo=0)                   0.000     0.000    clk
    W5                   IBUF (Prop_ibuf_I_O)         1.458     1.458 r  clk_IBUF_inst/O
                         net (fo=1, routed)           1.967     3.425    clk_IBUF
    BUFGCTRL_X0Y0        BUFG (Prop_bufg_I_O)         0.096     3.521 r  clk_IBUF_BUFG_inst/O
                         net (fo=111, routed)         1.570     5.091    U_Counter/U_Clk_Div_10Hz/CLK
    SLICE_X50Y7          FDCE                                         r  U_Counter/U_Clk_Div_10Hz/div_counter_reg[5]/C
  -------------------------------------------------------------------    -------------------
    SLICE_X50Y7          FDCE (Prop_fdce_C_Q)         0.478     5.569 f  U_Counter/U_Clk_Div_10Hz/div_counter_reg[5]/Q
                         net (fo=4, routed)           1.136     6.706    U_Counter/U_Clk_Div_10Hz/div_counter[5]
    SLICE_X50Y8          LUT6 (Prop_lut6_I0_O)        0.295     7.001 r  U_Counter/U_Clk_Div_10Hz/div_counter[23]_i_8/O
                         net (fo=1, routed)           0.566     7.567    U_Counter/U_Clk_Div_10Hz/div_counter[23]_i_8_n_0
    SLICE_X50Y9          LUT5 (Prop_lut5_I0_O)        0.124     7.691 r  U_Counter/U_Clk_Div_10Hz/div_counter[23]_i_6/O
                         net (fo=1, routed)           0.617     8.307    U_Counter/U_Clk_Div_10Hz/div_counter[23]_i_6_n_0
    SLICE_X50Y8          LUT6 (Prop_lut6_I4_O)        0.124     8.431 r  U_Counter/U_Clk_Div_10Hz/div_counter[23]_i_3/O
                         net (fo=24, routed)          1.047     9.478    U_Counter/U_Clk_Div_10Hz/div_counter[23]_i_3_n_0
    SLICE_X50Y10         LUT2 (Prop_lut2_I0_O)        0.153     9.631 r  U_Counter/U_Clk_Div_10Hz/div_counter[23]_i_2/O
                         net (fo=1, routed)           0.000     9.631    U_Counter/U_Clk_Div_10Hz/p_1_in[23]
    SLICE_X50Y10         FDCE                                         r  U_Counter/U_Clk_Div_10Hz/div_counter_reg[23]/D
  -------------------------------------------------------------------    -------------------

                         (clock sys_clk_pin rise edge)
                                                     10.000    10.000 r  
    W5                                                0.000    10.000 r  clk (IN)
                         net (fo=0)                   0.000    10.000    clk
    W5                   IBUF (Prop_ibuf_I_O)         1.388    11.388 r  clk_IBUF_inst/O
                         net (fo=1, routed)           1.862    13.250    clk_IBUF
    BUFGCTRL_X0Y0        BUFG (Prop_bufg_I_O)         0.091    13.341 r  clk_IBUF_BUFG_inst/O
                         net (fo=111, routed)         1.450    14.791    U_Counter/U_Clk_Div_10Hz/CLK
    SLICE_X50Y10         FDCE                                         r  U_Counter/U_Clk_Div_10Hz/div_counter_reg[23]/C
                         clock pessimism              0.274    15.065    
                         clock uncertainty           -0.035    15.030    
    SLICE_X50Y10         FDCE (Setup_fdce_C_D)        0.118    15.148    U_Counter/U_Clk_Div_10Hz/div_counter_reg[23]
  -------------------------------------------------------------------
                         required time                         15.148    
                         arrival time                          -9.631    
  -------------------------------------------------------------------
                         slack                                  5.517    

Slack (MET) :             5.531ns  (required time - arrival time)
  Source:                 U_Counter/U_Counter_Up_Down/counter_reg[8]/C
                            (rising edge-triggered cell FDCE clocked by sys_clk_pin  {rise@0.000ns fall@5.000ns period=10.000ns})
  Destination:            U_Counter/U_Counter_Up_Down/counter_reg[12]/D
                            (rising edge-triggered cell FDCE clocked by sys_clk_pin  {rise@0.000ns fall@5.000ns period=10.000ns})
  Path Group:             sys_clk_pin
  Path Type:              Setup (Max at Slow Process Corner)
  Requirement:            10.000ns  (sys_clk_pin rise@10.000ns - sys_clk_pin rise@0.000ns)
  Data Path Delay:        4.439ns  (logic 1.244ns (28.022%)  route 3.195ns (71.978%))
  Logic Levels:           4  (LUT2=1 LUT6=3)
  Clock Path Skew:        -0.025ns (DCD - SCD + CPR)
    Destination Clock Delay (DCD):    4.859ns = ( 14.859 - 10.000 ) 
    Source Clock Delay      (SCD):    5.158ns
    Clock Pessimism Removal (CPR):    0.274ns
  Clock Uncertainty:      0.035ns  ((TSJ^2 + TIJ^2)^1/2 + DJ) / 2 + PE
    Total System Jitter     (TSJ):    0.071ns
    Total Input Jitter      (TIJ):    0.000ns
    Discrete Jitter          (DJ):    0.000ns
    Phase Error              (PE):    0.000ns

    Location             Delay type                Incr(ns)  Path(ns)    Netlist Resource(s)
  -------------------------------------------------------------------    -------------------
                         (clock sys_clk_pin rise edge)
                                                      0.000     0.000 r  
    W5                                                0.000     0.000 r  clk (IN)
                         net (fo=0)                   0.000     0.000    clk
    W5                   IBUF (Prop_ibuf_I_O)         1.458     1.458 r  clk_IBUF_inst/O
                         net (fo=1, routed)           1.967     3.425    clk_IBUF
    BUFGCTRL_X0Y0        BUFG (Prop_bufg_I_O)         0.096     3.521 r  clk_IBUF_BUFG_inst/O
                         net (fo=111, routed)         1.637     5.158    U_Counter/U_Counter_Up_Down/CLK
    SLICE_X60Y5          FDCE                                         r  U_Counter/U_Counter_Up_Down/counter_reg[8]/C
  -------------------------------------------------------------------    -------------------
    SLICE_X60Y5          FDCE (Prop_fdce_C_Q)         0.518     5.676 r  U_Counter/U_Counter_Up_Down/counter_reg[8]/Q
                         net (fo=34, routed)          1.395     7.072    U_Counter/U_Counter_Up_Down/Q[8]
    SLICE_X59Y10         LUT2 (Prop_lut2_I0_O)        0.152     7.224 r  U_Counter/U_Counter_Up_Down/counter[13]_i_13/O
                         net (fo=1, routed)           0.726     7.950    U_Counter/U_Counter_Up_Down/counter[13]_i_13_n_0
    SLICE_X61Y7          LUT6 (Prop_lut6_I1_O)        0.326     8.276 f  U_Counter/U_Counter_Up_Down/counter[13]_i_8/O
                         net (fo=1, routed)           0.263     8.539    U_Counter/U_Counter_Up_Down/counter[13]_i_8_n_0
    SLICE_X61Y7          LUT6 (Prop_lut6_I5_O)        0.124     8.663 f  U_Counter/U_Counter_Up_Down/counter[13]_i_3/O
                         net (fo=14, routed)          0.811     9.474    U_Counter/U_Counter_Up_Down/counter[13]_i_3_n_0
    SLICE_X61Y6          LUT6 (Prop_lut6_I2_O)        0.124     9.598 r  U_Counter/U_Counter_Up_Down/counter[12]_i_1/O
                         net (fo=1, routed)           0.000     9.598    U_Counter/U_Counter_Up_Down/counter[12]_i_1_n_0
    SLICE_X61Y6          FDCE                                         r  U_Counter/U_Counter_Up_Down/counter_reg[12]/D
  -------------------------------------------------------------------    -------------------

                         (clock sys_clk_pin rise edge)
                                                     10.000    10.000 r  
    W5                                                0.000    10.000 r  clk (IN)
                         net (fo=0)                   0.000    10.000    clk
    W5                   IBUF (Prop_ibuf_I_O)         1.388    11.388 r  clk_IBUF_inst/O
                         net (fo=1, routed)           1.862    13.250    clk_IBUF
    BUFGCTRL_X0Y0        BUFG (Prop_bufg_I_O)         0.091    13.341 r  clk_IBUF_BUFG_inst/O
                         net (fo=111, routed)         1.518    14.859    U_Counter/U_Counter_Up_Down/CLK
    SLICE_X61Y6          FDCE                                         r  U_Counter/U_Counter_Up_Down/counter_reg[12]/C
                         clock pessimism              0.274    15.133    
                         clock uncertainty           -0.035    15.098    
    SLICE_X61Y6          FDCE (Setup_fdce_C_D)        0.031    15.129    U_Counter/U_Counter_Up_Down/counter_reg[12]
  -------------------------------------------------------------------
                         required time                         15.129    
                         arrival time                          -9.598    
  -------------------------------------------------------------------
                         slack                                  5.531    

Slack (MET) :             5.569ns  (required time - arrival time)
  Source:                 U_Counter/U_Counter_Up_Down/counter_reg[8]/C
                            (rising edge-triggered cell FDCE clocked by sys_clk_pin  {rise@0.000ns fall@5.000ns period=10.000ns})
  Destination:            U_Counter/U_Counter_Up_Down/counter_reg[4]/D
                            (rising edge-triggered cell FDCE clocked by sys_clk_pin  {rise@0.000ns fall@5.000ns period=10.000ns})
  Path Group:             sys_clk_pin
  Path Type:              Setup (Max at Slow Process Corner)
  Requirement:            10.000ns  (sys_clk_pin rise@10.000ns - sys_clk_pin rise@0.000ns)
  Data Path Delay:        4.450ns  (logic 1.244ns (27.955%)  route 3.206ns (72.044%))
  Logic Levels:           4  (LUT2=1 LUT6=3)
  Clock Path Skew:        -0.025ns (DCD - SCD + CPR)
    Destination Clock Delay (DCD):    4.859ns = ( 14.859 - 10.000 ) 
    Source Clock Delay      (SCD):    5.158ns
    Clock Pessimism Removal (CPR):    0.274ns
  Clock Uncertainty:      0.035ns  ((TSJ^2 + TIJ^2)^1/2 + DJ) / 2 + PE
    Total System Jitter     (TSJ):    0.071ns
    Total Input Jitter      (TIJ):    0.000ns
    Discrete Jitter          (DJ):    0.000ns
    Phase Error              (PE):    0.000ns

    Location             Delay type                Incr(ns)  Path(ns)    Netlist Resource(s)
  -------------------------------------------------------------------    -------------------
                         (clock sys_clk_pin rise edge)
                                                      0.000     0.000 r  
    W5                                                0.000     0.000 r  clk (IN)
                         net (fo=0)                   0.000     0.000    clk
    W5                   IBUF (Prop_ibuf_I_O)         1.458     1.458 r  clk_IBUF_inst/O
                         net (fo=1, routed)           1.967     3.425    clk_IBUF
    BUFGCTRL_X0Y0        BUFG (Prop_bufg_I_O)         0.096     3.521 r  clk_IBUF_BUFG_inst/O
                         net (fo=111, routed)         1.637     5.158    U_Counter/U_Counter_Up_Down/CLK
    SLICE_X60Y5          FDCE                                         r  U_Counter/U_Counter_Up_Down/counter_reg[8]/C
  -------------------------------------------------------------------    -------------------
    SLICE_X60Y5          FDCE (Prop_fdce_C_Q)         0.518     5.676 r  U_Counter/U_Counter_Up_Down/counter_reg[8]/Q
                         net (fo=34, routed)          1.395     7.072    U_Counter/U_Counter_Up_Down/Q[8]
    SLICE_X59Y10         LUT2 (Prop_lut2_I0_O)        0.152     7.224 r  U_Counter/U_Counter_Up_Down/counter[13]_i_13/O
                         net (fo=1, routed)           0.726     7.950    U_Counter/U_Counter_Up_Down/counter[13]_i_13_n_0
    SLICE_X61Y7          LUT6 (Prop_lut6_I1_O)        0.326     8.276 f  U_Counter/U_Counter_Up_Down/counter[13]_i_8/O
                         net (fo=1, routed)           0.263     8.539    U_Counter/U_Counter_Up_Down/counter[13]_i_8_n_0
    SLICE_X61Y7          LUT6 (Prop_lut6_I5_O)        0.124     8.663 f  U_Counter/U_Counter_Up_Down/counter[13]_i_3/O
                         net (fo=14, routed)          0.822     9.484    U_Counter/U_Counter_Up_Down/counter[13]_i_3_n_0
    SLICE_X60Y4          LUT6 (Prop_lut6_I2_O)        0.124     9.608 r  U_Counter/U_Counter_Up_Down/counter[4]_i_1/O
                         net (fo=1, routed)           0.000     9.608    U_Counter/U_Counter_Up_Down/counter[4]_i_1_n_0
    SLICE_X60Y4          FDCE                                         r  U_Counter/U_Counter_Up_Down/counter_reg[4]/D
  -------------------------------------------------------------------    -------------------

                         (clock sys_clk_pin rise edge)
                                                     10.000    10.000 r  
    W5                                                0.000    10.000 r  clk (IN)
                         net (fo=0)                   0.000    10.000    clk
    W5                   IBUF (Prop_ibuf_I_O)         1.388    11.388 r  clk_IBUF_inst/O
                         net (fo=1, routed)           1.862    13.250    clk_IBUF
    BUFGCTRL_X0Y0        BUFG (Prop_bufg_I_O)         0.091    13.341 r  clk_IBUF_BUFG_inst/O
                         net (fo=111, routed)         1.518    14.859    U_Counter/U_Counter_Up_Down/CLK
    SLICE_X60Y4          FDCE                                         r  U_Counter/U_Counter_Up_Down/counter_reg[4]/C
                         clock pessimism              0.274    15.133    
                         clock uncertainty           -0.035    15.098    
    SLICE_X60Y4          FDCE (Setup_fdce_C_D)        0.079    15.177    U_Counter/U_Counter_Up_Down/counter_reg[4]
  -------------------------------------------------------------------
                         required time                         15.177    
                         arrival time                          -9.608    
  -------------------------------------------------------------------
                         slack                                  5.569    

Slack (MET) :             5.572ns  (required time - arrival time)
  Source:                 U_Counter/U_Counter_Up_Down/counter_reg[8]/C
                            (rising edge-triggered cell FDCE clocked by sys_clk_pin  {rise@0.000ns fall@5.000ns period=10.000ns})
  Destination:            U_Counter/U_Counter_Up_Down/counter_reg[8]/D
                            (rising edge-triggered cell FDCE clocked by sys_clk_pin  {rise@0.000ns fall@5.000ns period=10.000ns})
  Path Group:             sys_clk_pin
  Path Type:              Setup (Max at Slow Process Corner)
  Requirement:            10.000ns  (sys_clk_pin rise@10.000ns - sys_clk_pin rise@0.000ns)
  Data Path Delay:        4.472ns  (logic 1.244ns (27.818%)  route 3.228ns (72.182%))
  Logic Levels:           4  (LUT2=1 LUT6=3)
  Clock Path Skew:        0.000ns (DCD - SCD + CPR)
    Destination Clock Delay (DCD):    4.859ns = ( 14.859 - 10.000 ) 
    Source Clock Delay      (SCD):    5.158ns
    Clock Pessimism Removal (CPR):    0.299ns
  Clock Uncertainty:      0.035ns  ((TSJ^2 + TIJ^2)^1/2 + DJ) / 2 + PE
    Total System Jitter     (TSJ):    0.071ns
    Total Input Jitter      (TIJ):    0.000ns
    Discrete Jitter          (DJ):    0.000ns
    Phase Error              (PE):    0.000ns

    Location             Delay type                Incr(ns)  Path(ns)    Netlist Resource(s)
  -------------------------------------------------------------------    -------------------
                         (clock sys_clk_pin rise edge)
                                                      0.000     0.000 r  
    W5                                                0.000     0.000 r  clk (IN)
                         net (fo=0)                   0.000     0.000    clk
    W5                   IBUF (Prop_ibuf_I_O)         1.458     1.458 r  clk_IBUF_inst/O
                         net (fo=1, routed)           1.967     3.425    clk_IBUF
    BUFGCTRL_X0Y0        BUFG (Prop_bufg_I_O)         0.096     3.521 r  clk_IBUF_BUFG_inst/O
                         net (fo=111, routed)         1.637     5.158    U_Counter/U_Counter_Up_Down/CLK
    SLICE_X60Y5          FDCE                                         r  U_Counter/U_Counter_Up_Down/counter_reg[8]/C
  -------------------------------------------------------------------    -------------------
    SLICE_X60Y5          FDCE (Prop_fdce_C_Q)         0.518     5.676 f  U_Counter/U_Counter_Up_Down/counter_reg[8]/Q
                         net (fo=34, routed)          1.395     7.072    U_Counter/U_Counter_Up_Down/Q[8]
    SLICE_X59Y10         LUT2 (Prop_lut2_I0_O)        0.152     7.224 f  U_Counter/U_Counter_Up_Down/counter[13]_i_13/O
                         net (fo=1, routed)           0.726     7.950    U_Counter/U_Counter_Up_Down/counter[13]_i_13_n_0
    SLICE_X61Y7          LUT6 (Prop_lut6_I1_O)        0.326     8.276 r  U_Counter/U_Counter_Up_Down/counter[13]_i_8/O
                         net (fo=1, routed)           0.263     8.539    U_Counter/U_Counter_Up_Down/counter[13]_i_8_n_0
    SLICE_X61Y7          LUT6 (Prop_lut6_I5_O)        0.124     8.663 r  U_Counter/U_Counter_Up_Down/counter[13]_i_3/O
                         net (fo=14, routed)          0.843     9.506    U_Counter/U_Counter_Up_Down/counter[13]_i_3_n_0
    SLICE_X60Y5          LUT6 (Prop_lut6_I2_O)        0.124     9.630 r  U_Counter/U_Counter_Up_Down/counter[8]_i_1/O
                         net (fo=1, routed)           0.000     9.630    U_Counter/U_Counter_Up_Down/counter[8]_i_1_n_0
    SLICE_X60Y5          FDCE                                         r  U_Counter/U_Counter_Up_Down/counter_reg[8]/D
  -------------------------------------------------------------------    -------------------

                         (clock sys_clk_pin rise edge)
                                                     10.000    10.000 r  
    W5                                                0.000    10.000 r  clk (IN)
                         net (fo=0)                   0.000    10.000    clk
    W5                   IBUF (Prop_ibuf_I_O)         1.388    11.388 r  clk_IBUF_inst/O
                         net (fo=1, routed)           1.862    13.250    clk_IBUF
    BUFGCTRL_X0Y0        BUFG (Prop_bufg_I_O)         0.091    13.341 r  clk_IBUF_BUFG_inst/O
                         net (fo=111, routed)         1.518    14.859    U_Counter/U_Counter_Up_Down/CLK
    SLICE_X60Y5          FDCE                                         r  U_Counter/U_Counter_Up_Down/counter_reg[8]/C
                         clock pessimism              0.299    15.158    
                         clock uncertainty           -0.035    15.123    
    SLICE_X60Y5          FDCE (Setup_fdce_C_D)        0.079    15.202    U_Counter/U_Counter_Up_Down/counter_reg[8]
  -------------------------------------------------------------------
                         required time                         15.202    
                         arrival time                          -9.630    
  -------------------------------------------------------------------
                         slack                                  5.572    

Slack (MET) :             5.573ns  (required time - arrival time)
  Source:                 U_Counter/U_Counter_Up_Down/counter_reg[8]/C
                            (rising edge-triggered cell FDCE clocked by sys_clk_pin  {rise@0.000ns fall@5.000ns period=10.000ns})
  Destination:            U_Counter/U_Counter_Up_Down/counter_reg[3]/D
                            (rising edge-triggered cell FDCE clocked by sys_clk_pin  {rise@0.000ns fall@5.000ns period=10.000ns})
  Path Group:             sys_clk_pin
  Path Type:              Setup (Max at Slow Process Corner)
  Requirement:            10.000ns  (sys_clk_pin rise@10.000ns - sys_clk_pin rise@0.000ns)
  Data Path Delay:        4.446ns  (logic 1.244ns (27.981%)  route 3.202ns (72.019%))
  Logic Levels:           4  (LUT2=1 LUT6=3)
  Clock Path Skew:        -0.025ns (DCD - SCD + CPR)
    Destination Clock Delay (DCD):    4.859ns = ( 14.859 - 10.000 ) 
    Source Clock Delay      (SCD):    5.158ns
    Clock Pessimism Removal (CPR):    0.274ns
  Clock Uncertainty:      0.035ns  ((TSJ^2 + TIJ^2)^1/2 + DJ) / 2 + PE
    Total System Jitter     (TSJ):    0.071ns
    Total Input Jitter      (TIJ):    0.000ns
    Discrete Jitter          (DJ):    0.000ns
    Phase Error              (PE):    0.000ns

    Location             Delay type                Incr(ns)  Path(ns)    Netlist Resource(s)
  -------------------------------------------------------------------    -------------------
                         (clock sys_clk_pin rise edge)
                                                      0.000     0.000 r  
    W5                                                0.000     0.000 r  clk (IN)
                         net (fo=0)                   0.000     0.000    clk
    W5                   IBUF (Prop_ibuf_I_O)         1.458     1.458 r  clk_IBUF_inst/O
                         net (fo=1, routed)           1.967     3.425    clk_IBUF
    BUFGCTRL_X0Y0        BUFG (Prop_bufg_I_O)         0.096     3.521 r  clk_IBUF_BUFG_inst/O
                         net (fo=111, routed)         1.637     5.158    U_Counter/U_Counter_Up_Down/CLK
    SLICE_X60Y5          FDCE                                         r  U_Counter/U_Counter_Up_Down/counter_reg[8]/C
  -------------------------------------------------------------------    -------------------
    SLICE_X60Y5          FDCE (Prop_fdce_C_Q)         0.518     5.676 f  U_Counter/U_Counter_Up_Down/counter_reg[8]/Q
                         net (fo=34, routed)          1.395     7.072    U_Counter/U_Counter_Up_Down/Q[8]
    SLICE_X59Y10         LUT2 (Prop_lut2_I0_O)        0.152     7.224 f  U_Counter/U_Counter_Up_Down/counter[13]_i_13/O
                         net (fo=1, routed)           0.726     7.950    U_Counter/U_Counter_Up_Down/counter[13]_i_13_n_0
    SLICE_X61Y7          LUT6 (Prop_lut6_I1_O)        0.326     8.276 r  U_Counter/U_Counter_Up_Down/counter[13]_i_8/O
                         net (fo=1, routed)           0.263     8.539    U_Counter/U_Counter_Up_Down/counter[13]_i_8_n_0
    SLICE_X61Y7          LUT6 (Prop_lut6_I5_O)        0.124     8.663 r  U_Counter/U_Counter_Up_Down/counter[13]_i_3/O
                         net (fo=14, routed)          0.818     9.480    U_Counter/U_Counter_Up_Down/counter[13]_i_3_n_0
    SLICE_X60Y4          LUT6 (Prop_lut6_I2_O)        0.124     9.604 r  U_Counter/U_Counter_Up_Down/counter[3]_i_1/O
                         net (fo=1, routed)           0.000     9.604    U_Counter/U_Counter_Up_Down/counter[3]_i_1_n_0
    SLICE_X60Y4          FDCE                                         r  U_Counter/U_Counter_Up_Down/counter_reg[3]/D
  -------------------------------------------------------------------    -------------------

                         (clock sys_clk_pin rise edge)
                                                     10.000    10.000 r  
    W5                                                0.000    10.000 r  clk (IN)
                         net (fo=0)                   0.000    10.000    clk
    W5                   IBUF (Prop_ibuf_I_O)         1.388    11.388 r  clk_IBUF_inst/O
                         net (fo=1, routed)           1.862    13.250    clk_IBUF
    BUFGCTRL_X0Y0        BUFG (Prop_bufg_I_O)         0.091    13.341 r  clk_IBUF_BUFG_inst/O
                         net (fo=111, routed)         1.518    14.859    U_Counter/U_Counter_Up_Down/CLK
    SLICE_X60Y4          FDCE                                         r  U_Counter/U_Counter_Up_Down/counter_reg[3]/C
                         clock pessimism              0.274    15.133    
                         clock uncertainty           -0.035    15.098    
    SLICE_X60Y4          FDCE (Setup_fdce_C_D)        0.079    15.177    U_Counter/U_Counter_Up_Down/counter_reg[3]
  -------------------------------------------------------------------
                         required time                         15.177    
                         arrival time                          -9.604    
  -------------------------------------------------------------------
                         slack                                  5.573    

Slack (MET) :             5.589ns  (required time - arrival time)
  Source:                 U_Counter/U_Counter_Up_Down/counter_reg[8]/C
                            (rising edge-triggered cell FDCE clocked by sys_clk_pin  {rise@0.000ns fall@5.000ns period=10.000ns})
  Destination:            U_Counter/U_Counter_Up_Down/counter_reg[7]/D
                            (rising edge-triggered cell FDCE clocked by sys_clk_pin  {rise@0.000ns fall@5.000ns period=10.000ns})
  Path Group:             sys_clk_pin
  Path Type:              Setup (Max at Slow Process Corner)
  Requirement:            10.000ns  (sys_clk_pin rise@10.000ns - sys_clk_pin rise@0.000ns)
  Data Path Delay:        4.455ns  (logic 1.244ns (27.925%)  route 3.211ns (72.075%))
  Logic Levels:           4  (LUT2=1 LUT6=3)
  Clock Path Skew:        0.000ns (DCD - SCD + CPR)
    Destination Clock Delay (DCD):    4.859ns = ( 14.859 - 10.000 ) 
    Source Clock Delay      (SCD):    5.158ns
    Clock Pessimism Removal (CPR):    0.299ns
  Clock Uncertainty:      0.035ns  ((TSJ^2 + TIJ^2)^1/2 + DJ) / 2 + PE
    Total System Jitter     (TSJ):    0.071ns
    Total Input Jitter      (TIJ):    0.000ns
    Discrete Jitter          (DJ):    0.000ns
    Phase Error              (PE):    0.000ns

    Location             Delay type                Incr(ns)  Path(ns)    Netlist Resource(s)
  -------------------------------------------------------------------    -------------------
                         (clock sys_clk_pin rise edge)
                                                      0.000     0.000 r  
    W5                                                0.000     0.000 r  clk (IN)
                         net (fo=0)                   0.000     0.000    clk
    W5                   IBUF (Prop_ibuf_I_O)         1.458     1.458 r  clk_IBUF_inst/O
                         net (fo=1, routed)           1.967     3.425    clk_IBUF
    BUFGCTRL_X0Y0        BUFG (Prop_bufg_I_O)         0.096     3.521 r  clk_IBUF_BUFG_inst/O
                         net (fo=111, routed)         1.637     5.158    U_Counter/U_Counter_Up_Down/CLK
    SLICE_X60Y5          FDCE                                         r  U_Counter/U_Counter_Up_Down/counter_reg[8]/C
  -------------------------------------------------------------------    -------------------
    SLICE_X60Y5          FDCE (Prop_fdce_C_Q)         0.518     5.676 r  U_Counter/U_Counter_Up_Down/counter_reg[8]/Q
                         net (fo=34, routed)          1.395     7.072    U_Counter/U_Counter_Up_Down/Q[8]
    SLICE_X59Y10         LUT2 (Prop_lut2_I0_O)        0.152     7.224 r  U_Counter/U_Counter_Up_Down/counter[13]_i_13/O
                         net (fo=1, routed)           0.726     7.950    U_Counter/U_Counter_Up_Down/counter[13]_i_13_n_0
    SLICE_X61Y7          LUT6 (Prop_lut6_I1_O)        0.326     8.276 f  U_Counter/U_Counter_Up_Down/counter[13]_i_8/O
                         net (fo=1, routed)           0.263     8.539    U_Counter/U_Counter_Up_Down/counter[13]_i_8_n_0
    SLICE_X61Y7          LUT6 (Prop_lut6_I5_O)        0.124     8.663 f  U_Counter/U_Counter_Up_Down/counter[13]_i_3/O
                         net (fo=14, routed)          0.826     9.489    U_Counter/U_Counter_Up_Down/counter[13]_i_3_n_0
    SLICE_X60Y5          LUT6 (Prop_lut6_I2_O)        0.124     9.613 r  U_Counter/U_Counter_Up_Down/counter[7]_i_1/O
                         net (fo=1, routed)           0.000     9.613    U_Counter/U_Counter_Up_Down/counter[7]_i_1_n_0
    SLICE_X60Y5          FDCE                                         r  U_Counter/U_Counter_Up_Down/counter_reg[7]/D
  -------------------------------------------------------------------    -------------------

                         (clock sys_clk_pin rise edge)
                                                     10.000    10.000 r  
    W5                                                0.000    10.000 r  clk (IN)
                         net (fo=0)                   0.000    10.000    clk
    W5                   IBUF (Prop_ibuf_I_O)         1.388    11.388 r  clk_IBUF_inst/O
                         net (fo=1, routed)           1.862    13.250    clk_IBUF
    BUFGCTRL_X0Y0        BUFG (Prop_bufg_I_O)         0.091    13.341 r  clk_IBUF_BUFG_inst/O
                         net (fo=111, routed)         1.518    14.859    U_Counter/U_Counter_Up_Down/CLK
    SLICE_X60Y5          FDCE                                         r  U_Counter/U_Counter_Up_Down/counter_reg[7]/C
                         clock pessimism              0.299    15.158    
                         clock uncertainty           -0.035    15.123    
    SLICE_X60Y5          FDCE (Setup_fdce_C_D)        0.079    15.202    U_Counter/U_Counter_Up_Down/counter_reg[7]
  -------------------------------------------------------------------
                         required time                         15.202    
                         arrival time                          -9.613    
  -------------------------------------------------------------------
                         slack                                  5.589    

Slack (MET) :             5.697ns  (required time - arrival time)
  Source:                 U_Counter/U_Counter_Up_Down/counter_reg[8]/C
                            (rising edge-triggered cell FDCE clocked by sys_clk_pin  {rise@0.000ns fall@5.000ns period=10.000ns})
  Destination:            U_Counter/U_Counter_Up_Down/counter_reg[1]/D
                            (rising edge-triggered cell FDCE clocked by sys_clk_pin  {rise@0.000ns fall@5.000ns period=10.000ns})
  Path Group:             sys_clk_pin
  Path Type:              Setup (Max at Slow Process Corner)
  Requirement:            10.000ns  (sys_clk_pin rise@10.000ns - sys_clk_pin rise@0.000ns)
  Data Path Delay:        4.320ns  (logic 1.244ns (28.797%)  route 3.076ns (71.203%))
  Logic Levels:           4  (LUT2=1 LUT6=3)
  Clock Path Skew:        -0.025ns (DCD - SCD + CPR)
    Destination Clock Delay (DCD):    4.859ns = ( 14.859 - 10.000 ) 
    Source Clock Delay      (SCD):    5.158ns
    Clock Pessimism Removal (CPR):    0.274ns
  Clock Uncertainty:      0.035ns  ((TSJ^2 + TIJ^2)^1/2 + DJ) / 2 + PE
    Total System Jitter     (TSJ):    0.071ns
    Total Input Jitter      (TIJ):    0.000ns
    Discrete Jitter          (DJ):    0.000ns
    Phase Error              (PE):    0.000ns

    Location             Delay type                Incr(ns)  Path(ns)    Netlist Resource(s)
  -------------------------------------------------------------------    -------------------
                         (clock sys_clk_pin rise edge)
                                                      0.000     0.000 r  
    W5                                                0.000     0.000 r  clk (IN)
                         net (fo=0)                   0.000     0.000    clk
    W5                   IBUF (Prop_ibuf_I_O)         1.458     1.458 r  clk_IBUF_inst/O
                         net (fo=1, routed)           1.967     3.425    clk_IBUF
    BUFGCTRL_X0Y0        BUFG (Prop_bufg_I_O)         0.096     3.521 r  clk_IBUF_BUFG_inst/O
                         net (fo=111, routed)         1.637     5.158    U_Counter/U_Counter_Up_Down/CLK
    SLICE_X60Y5          FDCE                                         r  U_Counter/U_Counter_Up_Down/counter_reg[8]/C
  -------------------------------------------------------------------    -------------------
    SLICE_X60Y5          FDCE (Prop_fdce_C_Q)         0.518     5.676 f  U_Counter/U_Counter_Up_Down/counter_reg[8]/Q
                         net (fo=34, routed)          1.395     7.072    U_Counter/U_Counter_Up_Down/Q[8]
    SLICE_X59Y10         LUT2 (Prop_lut2_I0_O)        0.152     7.224 f  U_Counter/U_Counter_Up_Down/counter[13]_i_13/O
                         net (fo=1, routed)           0.726     7.950    U_Counter/U_Counter_Up_Down/counter[13]_i_13_n_0
    SLICE_X61Y7          LUT6 (Prop_lut6_I1_O)        0.326     8.276 r  U_Counter/U_Counter_Up_Down/counter[13]_i_8/O
                         net (fo=1, routed)           0.263     8.539    U_Counter/U_Counter_Up_Down/counter[13]_i_8_n_0
    SLICE_X61Y7          LUT6 (Prop_lut6_I5_O)        0.124     8.663 r  U_Counter/U_Counter_Up_Down/counter[13]_i_3/O
                         net (fo=14, routed)          0.692     9.354    U_Counter/U_Counter_Up_Down/counter[13]_i_3_n_0
    SLICE_X60Y4          LUT6 (Prop_lut6_I2_O)        0.124     9.478 r  U_Counter/U_Counter_Up_Down/counter[1]_i_1/O
                         net (fo=1, routed)           0.000     9.478    U_Counter/U_Counter_Up_Down/counter[1]_i_1_n_0
    SLICE_X60Y4          FDCE                                         r  U_Counter/U_Counter_Up_Down/counter_reg[1]/D
  -------------------------------------------------------------------    -------------------

                         (clock sys_clk_pin rise edge)
                                                     10.000    10.000 r  
    W5                                                0.000    10.000 r  clk (IN)
                         net (fo=0)                   0.000    10.000    clk
    W5                   IBUF (Prop_ibuf_I_O)         1.388    11.388 r  clk_IBUF_inst/O
                         net (fo=1, routed)           1.862    13.250    clk_IBUF
    BUFGCTRL_X0Y0        BUFG (Prop_bufg_I_O)         0.091    13.341 r  clk_IBUF_BUFG_inst/O
                         net (fo=111, routed)         1.518    14.859    U_Counter/U_Counter_Up_Down/CLK
    SLICE_X60Y4          FDCE                                         r  U_Counter/U_Counter_Up_Down/counter_reg[1]/C
                         clock pessimism              0.274    15.133    
                         clock uncertainty           -0.035    15.098    
    SLICE_X60Y4          FDCE (Setup_fdce_C_D)        0.077    15.175    U_Counter/U_Counter_Up_Down/counter_reg[1]
  -------------------------------------------------------------------
                         required time                         15.175    
                         arrival time                          -9.478    
  -------------------------------------------------------------------
                         slack                                  5.697    

Slack (MET) :             5.704ns  (required time - arrival time)
  Source:                 U_Counter/U_Counter_Up_Down/counter_reg[8]/C
                            (rising edge-triggered cell FDCE clocked by sys_clk_pin  {rise@0.000ns fall@5.000ns period=10.000ns})
  Destination:            U_Counter/U_Counter_Up_Down/counter_reg[2]/D
                            (rising edge-triggered cell FDCE clocked by sys_clk_pin  {rise@0.000ns fall@5.000ns period=10.000ns})
  Path Group:             sys_clk_pin
  Path Type:              Setup (Max at Slow Process Corner)
  Requirement:            10.000ns  (sys_clk_pin rise@10.000ns - sys_clk_pin rise@0.000ns)
  Data Path Delay:        4.317ns  (logic 1.244ns (28.817%)  route 3.073ns (71.183%))
  Logic Levels:           4  (LUT2=1 LUT6=3)
  Clock Path Skew:        -0.025ns (DCD - SCD + CPR)
    Destination Clock Delay (DCD):    4.859ns = ( 14.859 - 10.000 ) 
    Source Clock Delay      (SCD):    5.158ns
    Clock Pessimism Removal (CPR):    0.274ns
  Clock Uncertainty:      0.035ns  ((TSJ^2 + TIJ^2)^1/2 + DJ) / 2 + PE
    Total System Jitter     (TSJ):    0.071ns
    Total Input Jitter      (TIJ):    0.000ns
    Discrete Jitter          (DJ):    0.000ns
    Phase Error              (PE):    0.000ns

    Location             Delay type                Incr(ns)  Path(ns)    Netlist Resource(s)
  -------------------------------------------------------------------    -------------------
                         (clock sys_clk_pin rise edge)
                                                      0.000     0.000 r  
    W5                                                0.000     0.000 r  clk (IN)
                         net (fo=0)                   0.000     0.000    clk
    W5                   IBUF (Prop_ibuf_I_O)         1.458     1.458 r  clk_IBUF_inst/O
                         net (fo=1, routed)           1.967     3.425    clk_IBUF
    BUFGCTRL_X0Y0        BUFG (Prop_bufg_I_O)         0.096     3.521 r  clk_IBUF_BUFG_inst/O
                         net (fo=111, routed)         1.637     5.158    U_Counter/U_Counter_Up_Down/CLK
    SLICE_X60Y5          FDCE                                         r  U_Counter/U_Counter_Up_Down/counter_reg[8]/C
  -------------------------------------------------------------------    -------------------
    SLICE_X60Y5          FDCE (Prop_fdce_C_Q)         0.518     5.676 f  U_Counter/U_Counter_Up_Down/counter_reg[8]/Q
                         net (fo=34, routed)          1.395     7.072    U_Counter/U_Counter_Up_Down/Q[8]
    SLICE_X59Y10         LUT2 (Prop_lut2_I0_O)        0.152     7.224 f  U_Counter/U_Counter_Up_Down/counter[13]_i_13/O
                         net (fo=1, routed)           0.726     7.950    U_Counter/U_Counter_Up_Down/counter[13]_i_13_n_0
    SLICE_X61Y7          LUT6 (Prop_lut6_I1_O)        0.326     8.276 r  U_Counter/U_Counter_Up_Down/counter[13]_i_8/O
                         net (fo=1, routed)           0.263     8.539    U_Counter/U_Counter_Up_Down/counter[13]_i_8_n_0
    SLICE_X61Y7          LUT6 (Prop_lut6_I5_O)        0.124     8.663 r  U_Counter/U_Counter_Up_Down/counter[13]_i_3/O
                         net (fo=14, routed)          0.689     9.351    U_Counter/U_Counter_Up_Down/counter[13]_i_3_n_0
    SLICE_X60Y4          LUT6 (Prop_lut6_I2_O)        0.124     9.475 r  U_Counter/U_Counter_Up_Down/counter[2]_i_1/O
                         net (fo=1, routed)           0.000     9.475    U_Counter/U_Counter_Up_Down/counter[2]_i_1_n_0
    SLICE_X60Y4          FDCE                                         r  U_Counter/U_Counter_Up_Down/counter_reg[2]/D
  -------------------------------------------------------------------    -------------------

                         (clock sys_clk_pin rise edge)
                                                     10.000    10.000 r  
    W5                                                0.000    10.000 r  clk (IN)
                         net (fo=0)                   0.000    10.000    clk
    W5                   IBUF (Prop_ibuf_I_O)         1.388    11.388 r  clk_IBUF_inst/O
                         net (fo=1, routed)           1.862    13.250    clk_IBUF
    BUFGCTRL_X0Y0        BUFG (Prop_bufg_I_O)         0.091    13.341 r  clk_IBUF_BUFG_inst/O
                         net (fo=111, routed)         1.518    14.859    U_Counter/U_Counter_Up_Down/CLK
    SLICE_X60Y4          FDCE                                         r  U_Counter/U_Counter_Up_Down/counter_reg[2]/C
                         clock pessimism              0.274    15.133    
                         clock uncertainty           -0.035    15.098    
    SLICE_X60Y4          FDCE (Setup_fdce_C_D)        0.081    15.179    U_Counter/U_Counter_Up_Down/counter_reg[2]
  -------------------------------------------------------------------
                         required time                         15.179    
                         arrival time                          -9.475    
  -------------------------------------------------------------------
                         slack                                  5.704    





Min Delay Paths
--------------------------------------------------------------------------------------
Slack (MET) :             0.174ns  (arrival time - required time)
  Source:                 U_ControlUnit/FSM_onehot_state_reg[0]/C
                            (rising edge-triggered cell FDPE clocked by sys_clk_pin  {rise@0.000ns fall@5.000ns period=10.000ns})
  Destination:            U_ControlUnit/FSM_onehot_state_reg[1]/D
                            (rising edge-triggered cell FDCE clocked by sys_clk_pin  {rise@0.000ns fall@5.000ns period=10.000ns})
  Path Group:             sys_clk_pin
  Path Type:              Hold (Min at Fast Process Corner)
  Requirement:            0.000ns  (sys_clk_pin rise@0.000ns - sys_clk_pin rise@0.000ns)
  Data Path Delay:        0.307ns  (logic 0.186ns (60.498%)  route 0.121ns (39.502%))
  Logic Levels:           1  (LUT5=1)
  Clock Path Skew:        0.013ns (DCD - SCD - CPR)
    Destination Clock Delay (DCD):    1.964ns
    Source Clock Delay      (SCD):    1.451ns
    Clock Pessimism Removal (CPR):    0.500ns

    Location             Delay type                Incr(ns)  Path(ns)    Netlist Resource(s)
  -------------------------------------------------------------------    -------------------
                         (clock sys_clk_pin rise edge)
                                                      0.000     0.000 r  
    W5                                                0.000     0.000 r  clk (IN)
                         net (fo=0)                   0.000     0.000    clk
    W5                   IBUF (Prop_ibuf_I_O)         0.226     0.226 r  clk_IBUF_inst/O
                         net (fo=1, routed)           0.631     0.858    clk_IBUF
    BUFGCTRL_X0Y0        BUFG (Prop_bufg_I_O)         0.026     0.884 r  clk_IBUF_BUFG_inst/O
                         net (fo=111, routed)         0.568     1.451    U_ControlUnit/CLK
    SLICE_X57Y4          FDPE                                         r  U_ControlUnit/FSM_onehot_state_reg[0]/C
  -------------------------------------------------------------------    -------------------
    SLICE_X57Y4          FDPE (Prop_fdpe_C_Q)         0.141     1.592 r  U_ControlUnit/FSM_onehot_state_reg[0]/Q
                         net (fo=5, routed)           0.121     1.714    u_uart/U_Receiver/FSM_onehot_state_reg[0]
    SLICE_X56Y4          LUT5 (Prop_lut5_I1_O)        0.045     1.759 r  u_uart/U_Receiver/FSM_onehot_state[1]_i_1/O
                         net (fo=1, routed)           0.000     1.759    U_ControlUnit/FSM_onehot_state_reg[1]_0
    SLICE_X56Y4          FDCE                                         r  U_ControlUnit/FSM_onehot_state_reg[1]/D
  -------------------------------------------------------------------    -------------------

                         (clock sys_clk_pin rise edge)
                                                      0.000     0.000 r  
    W5                                                0.000     0.000 r  clk (IN)
                         net (fo=0)                   0.000     0.000    clk
    W5                   IBUF (Prop_ibuf_I_O)         0.414     0.414 r  clk_IBUF_inst/O
                         net (fo=1, routed)           0.685     1.099    clk_IBUF
    BUFGCTRL_X0Y0        BUFG (Prop_bufg_I_O)         0.029     1.128 r  clk_IBUF_BUFG_inst/O
                         net (fo=111, routed)         0.837     1.964    U_ControlUnit/CLK
    SLICE_X56Y4          FDCE                                         r  U_ControlUnit/FSM_onehot_state_reg[1]/C
                         clock pessimism             -0.500     1.464    
    SLICE_X56Y4          FDCE (Hold_fdce_C_D)         0.120     1.584    U_ControlUnit/FSM_onehot_state_reg[1]
  -------------------------------------------------------------------
                         required time                         -1.584    
                         arrival time                           1.759    
  -------------------------------------------------------------------
                         slack                                  0.174    

Slack (MET) :             0.177ns  (arrival time - required time)
  Source:                 u_uart/U_Baudrate_Gen/count_reg[6]/C
                            (rising edge-triggered cell FDCE clocked by sys_clk_pin  {rise@0.000ns fall@5.000ns period=10.000ns})
  Destination:            u_uart/U_Baudrate_Gen/count_reg[9]/D
                            (rising edge-triggered cell FDCE clocked by sys_clk_pin  {rise@0.000ns fall@5.000ns period=10.000ns})
  Path Group:             sys_clk_pin
  Path Type:              Hold (Min at Fast Process Corner)
  Requirement:            0.000ns  (sys_clk_pin rise@0.000ns - sys_clk_pin rise@0.000ns)
  Data Path Delay:        0.311ns  (logic 0.186ns (59.761%)  route 0.125ns (40.239%))
  Logic Levels:           1  (LUT6=1)
  Clock Path Skew:        0.013ns (DCD - SCD - CPR)
    Destination Clock Delay (DCD):    1.964ns
    Source Clock Delay      (SCD):    1.449ns
    Clock Pessimism Removal (CPR):    0.502ns

    Location             Delay type                Incr(ns)  Path(ns)    Netlist Resource(s)
  -------------------------------------------------------------------    -------------------
                         (clock sys_clk_pin rise edge)
                                                      0.000     0.000 r  
    W5                                                0.000     0.000 r  clk (IN)
                         net (fo=0)                   0.000     0.000    clk
    W5                   IBUF (Prop_ibuf_I_O)         0.226     0.226 r  clk_IBUF_inst/O
                         net (fo=1, routed)           0.631     0.858    clk_IBUF
    BUFGCTRL_X0Y0        BUFG (Prop_bufg_I_O)         0.026     0.884 r  clk_IBUF_BUFG_inst/O
                         net (fo=111, routed)         0.566     1.449    u_uart/U_Baudrate_Gen/CLK
    SLICE_X53Y4          FDCE                                         r  u_uart/U_Baudrate_Gen/count_reg[6]/C
  -------------------------------------------------------------------    -------------------
    SLICE_X53Y4          FDCE (Prop_fdce_C_Q)         0.141     1.590 r  u_uart/U_Baudrate_Gen/count_reg[6]/Q
                         net (fo=8, routed)           0.125     1.715    u_uart/U_Baudrate_Gen/count[6]
    SLICE_X52Y4          LUT6 (Prop_lut6_I4_O)        0.045     1.760 r  u_uart/U_Baudrate_Gen/count[9]_i_2/O
                         net (fo=1, routed)           0.000     1.760    u_uart/U_Baudrate_Gen/count[9]_i_2_n_0
    SLICE_X52Y4          FDCE                                         r  u_uart/U_Baudrate_Gen/count_reg[9]/D
  -------------------------------------------------------------------    -------------------

                         (clock sys_clk_pin rise edge)
                                                      0.000     0.000 r  
    W5                                                0.000     0.000 r  clk (IN)
                         net (fo=0)                   0.000     0.000    clk
    W5                   IBUF (Prop_ibuf_I_O)         0.414     0.414 r  clk_IBUF_inst/O
                         net (fo=1, routed)           0.685     1.099    clk_IBUF
    BUFGCTRL_X0Y0        BUFG (Prop_bufg_I_O)         0.029     1.128 r  clk_IBUF_BUFG_inst/O
                         net (fo=111, routed)         0.837     1.964    u_uart/U_Baudrate_Gen/CLK
    SLICE_X52Y4          FDCE                                         r  u_uart/U_Baudrate_Gen/count_reg[9]/C
                         clock pessimism             -0.502     1.462    
    SLICE_X52Y4          FDCE (Hold_fdce_C_D)         0.121     1.583    u_uart/U_Baudrate_Gen/count_reg[9]
  -------------------------------------------------------------------
                         required time                         -1.583    
                         arrival time                           1.760    
  -------------------------------------------------------------------
                         slack                                  0.177    

Slack (MET) :             0.192ns  (arrival time - required time)
  Source:                 u_uart/U_Baudrate_Gen/count_reg[6]/C
                            (rising edge-triggered cell FDCE clocked by sys_clk_pin  {rise@0.000ns fall@5.000ns period=10.000ns})
  Destination:            u_uart/U_Baudrate_Gen/count_reg[0]/D
                            (rising edge-triggered cell FDCE clocked by sys_clk_pin  {rise@0.000ns fall@5.000ns period=10.000ns})
  Path Group:             sys_clk_pin
  Path Type:              Hold (Min at Fast Process Corner)
  Requirement:            0.000ns  (sys_clk_pin rise@0.000ns - sys_clk_pin rise@0.000ns)
  Data Path Delay:        0.329ns  (logic 0.186ns (56.487%)  route 0.143ns (43.513%))
  Logic Levels:           1  (LUT6=1)
  Clock Path Skew:        0.016ns (DCD - SCD - CPR)
    Destination Clock Delay (DCD):    1.964ns
    Source Clock Delay      (SCD):    1.449ns
    Clock Pessimism Removal (CPR):    0.499ns

    Location             Delay type                Incr(ns)  Path(ns)    Netlist Resource(s)
  -------------------------------------------------------------------    -------------------
                         (clock sys_clk_pin rise edge)
                                                      0.000     0.000 r  
    W5                                                0.000     0.000 r  clk (IN)
                         net (fo=0)                   0.000     0.000    clk
    W5                   IBUF (Prop_ibuf_I_O)         0.226     0.226 r  clk_IBUF_inst/O
                         net (fo=1, routed)           0.631     0.858    clk_IBUF
    BUFGCTRL_X0Y0        BUFG (Prop_bufg_I_O)         0.026     0.884 r  clk_IBUF_BUFG_inst/O
                         net (fo=111, routed)         0.566     1.449    u_uart/U_Baudrate_Gen/CLK
    SLICE_X53Y4          FDCE                                         r  u_uart/U_Baudrate_Gen/count_reg[6]/C
  -------------------------------------------------------------------    -------------------
    SLICE_X53Y4          FDCE (Prop_fdce_C_Q)         0.141     1.590 r  u_uart/U_Baudrate_Gen/count_reg[6]/Q
                         net (fo=8, routed)           0.143     1.733    u_uart/U_Baudrate_Gen/count[6]
    SLICE_X52Y3          LUT6 (Prop_lut6_I0_O)        0.045     1.778 r  u_uart/U_Baudrate_Gen/count[0]_i_1/O
                         net (fo=1, routed)           0.000     1.778    u_uart/U_Baudrate_Gen/count[0]_i_1_n_0
    SLICE_X52Y3          FDCE                                         r  u_uart/U_Baudrate_Gen/count_reg[0]/D
  -------------------------------------------------------------------    -------------------

                         (clock sys_clk_pin rise edge)
                                                      0.000     0.000 r  
    W5                                                0.000     0.000 r  clk (IN)
                         net (fo=0)                   0.000     0.000    clk
    W5                   IBUF (Prop_ibuf_I_O)         0.414     0.414 r  clk_IBUF_inst/O
                         net (fo=1, routed)           0.685     1.099    clk_IBUF
    BUFGCTRL_X0Y0        BUFG (Prop_bufg_I_O)         0.029     1.128 r  clk_IBUF_BUFG_inst/O
                         net (fo=111, routed)         0.837     1.964    u_uart/U_Baudrate_Gen/CLK
    SLICE_X52Y3          FDCE                                         r  u_uart/U_Baudrate_Gen/count_reg[0]/C
                         clock pessimism             -0.499     1.465    
    SLICE_X52Y3          FDCE (Hold_fdce_C_D)         0.121     1.586    u_uart/U_Baudrate_Gen/count_reg[0]
  -------------------------------------------------------------------
                         required time                         -1.586    
                         arrival time                           1.778    
  -------------------------------------------------------------------
                         slack                                  0.192    

Slack (MET) :             0.199ns  (arrival time - required time)
  Source:                 u_uart/U_Transmitter/tick_count_reg[0]/C
                            (rising edge-triggered cell FDCE clocked by sys_clk_pin  {rise@0.000ns fall@5.000ns period=10.000ns})
  Destination:            u_uart/U_Transmitter/tick_count_reg[2]/D
                            (rising edge-triggered cell FDCE clocked by sys_clk_pin  {rise@0.000ns fall@5.000ns period=10.000ns})
  Path Group:             sys_clk_pin
  Path Type:              Hold (Min at Fast Process Corner)
  Requirement:            0.000ns  (sys_clk_pin rise@0.000ns - sys_clk_pin rise@0.000ns)
  Data Path Delay:        0.319ns  (logic 0.213ns (66.686%)  route 0.106ns (33.314%))
  Logic Levels:           1  (LUT3=1)
  Clock Path Skew:        0.013ns (DCD - SCD - CPR)
    Destination Clock Delay (DCD):    1.965ns
    Source Clock Delay      (SCD):    1.450ns
    Clock Pessimism Removal (CPR):    0.502ns

    Location             Delay type                Incr(ns)  Path(ns)    Netlist Resource(s)
  -------------------------------------------------------------------    -------------------
                         (clock sys_clk_pin rise edge)
                                                      0.000     0.000 r  
    W5                                                0.000     0.000 r  clk (IN)
                         net (fo=0)                   0.000     0.000    clk
    W5                   IBUF (Prop_ibuf_I_O)         0.226     0.226 r  clk_IBUF_inst/O
                         net (fo=1, routed)           0.631     0.858    clk_IBUF
    BUFGCTRL_X0Y0        BUFG (Prop_bufg_I_O)         0.026     0.884 r  clk_IBUF_BUFG_inst/O
                         net (fo=111, routed)         0.567     1.450    u_uart/U_Transmitter/CLK
    SLICE_X54Y0          FDCE                                         r  u_uart/U_Transmitter/tick_count_reg[0]/C
  -------------------------------------------------------------------    -------------------
    SLICE_X54Y0          FDCE (Prop_fdce_C_Q)         0.164     1.614 r  u_uart/U_Transmitter/tick_count_reg[0]/Q
                         net (fo=6, routed)           0.106     1.721    u_uart/U_Transmitter/tick_count[0]
    SLICE_X55Y0          LUT3 (Prop_lut3_I2_O)        0.049     1.770 r  u_uart/U_Transmitter/tick_count[2]_i_1/O
                         net (fo=1, routed)           0.000     1.770    u_uart/U_Transmitter/tick_count[2]_i_1_n_0
    SLICE_X55Y0          FDCE                                         r  u_uart/U_Transmitter/tick_count_reg[2]/D
  -------------------------------------------------------------------    -------------------

                         (clock sys_clk_pin rise edge)
                                                      0.000     0.000 r  
    W5                                                0.000     0.000 r  clk (IN)
                         net (fo=0)                   0.000     0.000    clk
    W5                   IBUF (Prop_ibuf_I_O)         0.414     0.414 r  clk_IBUF_inst/O
                         net (fo=1, routed)           0.685     1.099    clk_IBUF
    BUFGCTRL_X0Y0        BUFG (Prop_bufg_I_O)         0.029     1.128 r  clk_IBUF_BUFG_inst/O
                         net (fo=111, routed)         0.838     1.965    u_uart/U_Transmitter/CLK
    SLICE_X55Y0          FDCE                                         r  u_uart/U_Transmitter/tick_count_reg[2]/C
                         clock pessimism             -0.502     1.463    
    SLICE_X55Y0          FDCE (Hold_fdce_C_D)         0.107     1.570    u_uart/U_Transmitter/tick_count_reg[2]
  -------------------------------------------------------------------
                         required time                         -1.570    
                         arrival time                           1.770    
  -------------------------------------------------------------------
                         slack                                  0.199    

Slack (MET) :             0.199ns  (arrival time - required time)
  Source:                 u_uart/U_Transmitter/tick_count_reg[0]/C
                            (rising edge-triggered cell FDCE clocked by sys_clk_pin  {rise@0.000ns fall@5.000ns period=10.000ns})
  Destination:            u_uart/U_Transmitter/tick_count_reg[3]/D
                            (rising edge-triggered cell FDCE clocked by sys_clk_pin  {rise@0.000ns fall@5.000ns period=10.000ns})
  Path Group:             sys_clk_pin
  Path Type:              Hold (Min at Fast Process Corner)
  Requirement:            0.000ns  (sys_clk_pin rise@0.000ns - sys_clk_pin rise@0.000ns)
  Data Path Delay:        0.317ns  (logic 0.212ns (66.791%)  route 0.105ns (33.209%))
  Logic Levels:           1  (LUT4=1)
  Clock Path Skew:        0.013ns (DCD - SCD - CPR)
    Destination Clock Delay (DCD):    1.965ns
    Source Clock Delay      (SCD):    1.450ns
    Clock Pessimism Removal (CPR):    0.502ns

    Location             Delay type                Incr(ns)  Path(ns)    Netlist Resource(s)
  -------------------------------------------------------------------    -------------------
                         (clock sys_clk_pin rise edge)
                                                      0.000     0.000 r  
    W5                                                0.000     0.000 r  clk (IN)
                         net (fo=0)                   0.000     0.000    clk
    W5                   IBUF (Prop_ibuf_I_O)         0.226     0.226 r  clk_IBUF_inst/O
                         net (fo=1, routed)           0.631     0.858    clk_IBUF
    BUFGCTRL_X0Y0        BUFG (Prop_bufg_I_O)         0.026     0.884 r  clk_IBUF_BUFG_inst/O
                         net (fo=111, routed)         0.567     1.450    u_uart/U_Transmitter/CLK
    SLICE_X54Y0          FDCE                                         r  u_uart/U_Transmitter/tick_count_reg[0]/C
  -------------------------------------------------------------------    -------------------
    SLICE_X54Y0          FDCE (Prop_fdce_C_Q)         0.164     1.614 r  u_uart/U_Transmitter/tick_count_reg[0]/Q
                         net (fo=6, routed)           0.105     1.720    u_uart/U_Transmitter/tick_count[0]
    SLICE_X55Y0          LUT4 (Prop_lut4_I2_O)        0.048     1.768 r  u_uart/U_Transmitter/tick_count[3]_i_2/O
                         net (fo=1, routed)           0.000     1.768    u_uart/U_Transmitter/tick_count[3]_i_2_n_0
    SLICE_X55Y0          FDCE                                         r  u_uart/U_Transmitter/tick_count_reg[3]/D
  -------------------------------------------------------------------    -------------------

                         (clock sys_clk_pin rise edge)
                                                      0.000     0.000 r  
    W5                                                0.000     0.000 r  clk (IN)
                         net (fo=0)                   0.000     0.000    clk
    W5                   IBUF (Prop_ibuf_I_O)         0.414     0.414 r  clk_IBUF_inst/O
                         net (fo=1, routed)           0.685     1.099    clk_IBUF
    BUFGCTRL_X0Y0        BUFG (Prop_bufg_I_O)         0.029     1.128 r  clk_IBUF_BUFG_inst/O
                         net (fo=111, routed)         0.838     1.965    u_uart/U_Transmitter/CLK
    SLICE_X55Y0          FDCE                                         r  u_uart/U_Transmitter/tick_count_reg[3]/C
                         clock pessimism             -0.502     1.463    
    SLICE_X55Y0          FDCE (Hold_fdce_C_D)         0.105     1.568    u_uart/U_Transmitter/tick_count_reg[3]
  -------------------------------------------------------------------
                         required time                         -1.568    
                         arrival time                           1.768    
  -------------------------------------------------------------------
                         slack                                  0.199    

Slack (MET) :             0.210ns  (arrival time - required time)
  Source:                 u_uart/U_Transmitter/tick_count_reg[0]/C
                            (rising edge-triggered cell FDCE clocked by sys_clk_pin  {rise@0.000ns fall@5.000ns period=10.000ns})
  Destination:            u_uart/U_Transmitter/tick_count_reg[1]/D
                            (rising edge-triggered cell FDCE clocked by sys_clk_pin  {rise@0.000ns fall@5.000ns period=10.000ns})
  Path Group:             sys_clk_pin
  Path Type:              Hold (Min at Fast Process Corner)
  Requirement:            0.000ns  (sys_clk_pin rise@0.000ns - sys_clk_pin rise@0.000ns)
  Data Path Delay:        0.315ns  (logic 0.209ns (66.264%)  route 0.106ns (33.736%))
  Logic Levels:           1  (LUT2=1)
  Clock Path Skew:        0.013ns (DCD - SCD - CPR)
    Destination Clock Delay (DCD):    1.965ns
    Source Clock Delay      (SCD):    1.450ns
    Clock Pessimism Removal (CPR):    0.502ns

    Location             Delay type                Incr(ns)  Path(ns)    Netlist Resource(s)
  -------------------------------------------------------------------    -------------------
                         (clock sys_clk_pin rise edge)
                                                      0.000     0.000 r  
    W5                                                0.000     0.000 r  clk (IN)
                         net (fo=0)                   0.000     0.000    clk
    W5                   IBUF (Prop_ibuf_I_O)         0.226     0.226 r  clk_IBUF_inst/O
                         net (fo=1, routed)           0.631     0.858    clk_IBUF
    BUFGCTRL_X0Y0        BUFG (Prop_bufg_I_O)         0.026     0.884 r  clk_IBUF_BUFG_inst/O
                         net (fo=111, routed)         0.567     1.450    u_uart/U_Transmitter/CLK
    SLICE_X54Y0          FDCE                                         r  u_uart/U_Transmitter/tick_count_reg[0]/C
  -------------------------------------------------------------------    -------------------
    SLICE_X54Y0          FDCE (Prop_fdce_C_Q)         0.164     1.614 r  u_uart/U_Transmitter/tick_count_reg[0]/Q
                         net (fo=6, routed)           0.106     1.721    u_uart/U_Transmitter/tick_count[0]
    SLICE_X55Y0          LUT2 (Prop_lut2_I1_O)        0.045     1.766 r  u_uart/U_Transmitter/tick_count[1]_i_1__0/O
                         net (fo=1, routed)           0.000     1.766    u_uart/U_Transmitter/tick_count[1]_i_1__0_n_0
    SLICE_X55Y0          FDCE                                         r  u_uart/U_Transmitter/tick_count_reg[1]/D
  -------------------------------------------------------------------    -------------------

                         (clock sys_clk_pin rise edge)
                                                      0.000     0.000 r  
    W5                                                0.000     0.000 r  clk (IN)
                         net (fo=0)                   0.000     0.000    clk
    W5                   IBUF (Prop_ibuf_I_O)         0.414     0.414 r  clk_IBUF_inst/O
                         net (fo=1, routed)           0.685     1.099    clk_IBUF
    BUFGCTRL_X0Y0        BUFG (Prop_bufg_I_O)         0.029     1.128 r  clk_IBUF_BUFG_inst/O
                         net (fo=111, routed)         0.838     1.965    u_uart/U_Transmitter/CLK
    SLICE_X55Y0          FDCE                                         r  u_uart/U_Transmitter/tick_count_reg[1]/C
                         clock pessimism             -0.502     1.463    
    SLICE_X55Y0          FDCE (Hold_fdce_C_D)         0.092     1.555    u_uart/U_Transmitter/tick_count_reg[1]
  -------------------------------------------------------------------
                         required time                         -1.555    
                         arrival time                           1.766    
  -------------------------------------------------------------------
                         slack                                  0.210    

Slack (MET) :             0.210ns  (arrival time - required time)
  Source:                 u_uart/U_Receiver/data_reg[4]/C
                            (rising edge-triggered cell FDCE clocked by sys_clk_pin  {rise@0.000ns fall@5.000ns period=10.000ns})
  Destination:            u_uart/U_Transmitter/temp_data_reg[4]/D
                            (rising edge-triggered cell FDCE clocked by sys_clk_pin  {rise@0.000ns fall@5.000ns period=10.000ns})
  Path Group:             sys_clk_pin
  Path Type:              Hold (Min at Fast Process Corner)
  Requirement:            0.000ns  (sys_clk_pin rise@0.000ns - sys_clk_pin rise@0.000ns)
  Data Path Delay:        0.314ns  (logic 0.209ns (66.475%)  route 0.105ns (33.525%))
  Logic Levels:           1  (LUT5=1)
  Clock Path Skew:        0.013ns (DCD - SCD - CPR)
    Destination Clock Delay (DCD):    1.965ns
    Source Clock Delay      (SCD):    1.452ns
    Clock Pessimism Removal (CPR):    0.500ns

    Location             Delay type                Incr(ns)  Path(ns)    Netlist Resource(s)
  -------------------------------------------------------------------    -------------------
                         (clock sys_clk_pin rise edge)
                                                      0.000     0.000 r  
    W5                                                0.000     0.000 r  clk (IN)
                         net (fo=0)                   0.000     0.000    clk
    W5                   IBUF (Prop_ibuf_I_O)         0.226     0.226 r  clk_IBUF_inst/O
                         net (fo=1, routed)           0.631     0.858    clk_IBUF
    BUFGCTRL_X0Y0        BUFG (Prop_bufg_I_O)         0.026     0.884 r  clk_IBUF_BUFG_inst/O
                         net (fo=111, routed)         0.569     1.452    u_uart/U_Receiver/CLK
    SLICE_X56Y2          FDCE                                         r  u_uart/U_Receiver/data_reg[4]/C
  -------------------------------------------------------------------    -------------------
    SLICE_X56Y2          FDCE (Prop_fdce_C_Q)         0.164     1.616 r  u_uart/U_Receiver/data_reg[4]/Q
                         net (fo=6, routed)           0.105     1.722    u_uart/U_Transmitter/Q[4]
    SLICE_X57Y2          LUT5 (Prop_lut5_I1_O)        0.045     1.767 r  u_uart/U_Transmitter/temp_data[4]_i_1/O
                         net (fo=1, routed)           0.000     1.767    u_uart/U_Transmitter/temp_data_next[4]
    SLICE_X57Y2          FDCE                                         r  u_uart/U_Transmitter/temp_data_reg[4]/D
  -------------------------------------------------------------------    -------------------

                         (clock sys_clk_pin rise edge)
                                                      0.000     0.000 r  
    W5                                                0.000     0.000 r  clk (IN)
                         net (fo=0)                   0.000     0.000    clk
    W5                   IBUF (Prop_ibuf_I_O)         0.414     0.414 r  clk_IBUF_inst/O
                         net (fo=1, routed)           0.685     1.099    clk_IBUF
    BUFGCTRL_X0Y0        BUFG (Prop_bufg_I_O)         0.029     1.128 r  clk_IBUF_BUFG_inst/O
                         net (fo=111, routed)         0.838     1.965    u_uart/U_Transmitter/CLK
    SLICE_X57Y2          FDCE                                         r  u_uart/U_Transmitter/temp_data_reg[4]/C
                         clock pessimism             -0.500     1.465    
    SLICE_X57Y2          FDCE (Hold_fdce_C_D)         0.091     1.556    u_uart/U_Transmitter/temp_data_reg[4]
  -------------------------------------------------------------------
                         required time                         -1.556    
                         arrival time                           1.767    
  -------------------------------------------------------------------
                         slack                                  0.210    

Slack (MET) :             0.219ns  (arrival time - required time)
  Source:                 u_uart/U_Transmitter/temp_data_reg[2]/C
                            (rising edge-triggered cell FDCE clocked by sys_clk_pin  {rise@0.000ns fall@5.000ns period=10.000ns})
  Destination:            u_uart/U_Transmitter/temp_data_reg[1]/D
                            (rising edge-triggered cell FDCE clocked by sys_clk_pin  {rise@0.000ns fall@5.000ns period=10.000ns})
  Path Group:             sys_clk_pin
  Path Type:              Hold (Min at Fast Process Corner)
  Requirement:            0.000ns  (sys_clk_pin rise@0.000ns - sys_clk_pin rise@0.000ns)
  Data Path Delay:        0.328ns  (logic 0.186ns (56.642%)  route 0.142ns (43.358%))
  Logic Levels:           1  (LUT5=1)
  Clock Path Skew:        0.017ns (DCD - SCD - CPR)
    Destination Clock Delay (DCD):    1.965ns
    Source Clock Delay      (SCD):    1.451ns
    Clock Pessimism Removal (CPR):    0.497ns

    Location             Delay type                Incr(ns)  Path(ns)    Netlist Resource(s)
  -------------------------------------------------------------------    -------------------
                         (clock sys_clk_pin rise edge)
                                                      0.000     0.000 r  
    W5                                                0.000     0.000 r  clk (IN)
                         net (fo=0)                   0.000     0.000    clk
    W5                   IBUF (Prop_ibuf_I_O)         0.226     0.226 r  clk_IBUF_inst/O
                         net (fo=1, routed)           0.631     0.858    clk_IBUF
    BUFGCTRL_X0Y0        BUFG (Prop_bufg_I_O)         0.026     0.884 r  clk_IBUF_BUFG_inst/O
                         net (fo=111, routed)         0.568     1.451    u_uart/U_Transmitter/CLK
    SLICE_X57Y3          FDCE                                         r  u_uart/U_Transmitter/temp_data_reg[2]/C
  -------------------------------------------------------------------    -------------------
    SLICE_X57Y3          FDCE (Prop_fdce_C_Q)         0.141     1.592 r  u_uart/U_Transmitter/temp_data_reg[2]/Q
                         net (fo=1, routed)           0.142     1.735    u_uart/U_Transmitter/temp_data_reg_n_0_[2]
    SLICE_X57Y2          LUT5 (Prop_lut5_I0_O)        0.045     1.780 r  u_uart/U_Transmitter/temp_data[1]_i_1/O
                         net (fo=1, routed)           0.000     1.780    u_uart/U_Transmitter/temp_data_next[1]
    SLICE_X57Y2          FDCE                                         r  u_uart/U_Transmitter/temp_data_reg[1]/D
  -------------------------------------------------------------------    -------------------

                         (clock sys_clk_pin rise edge)
                                                      0.000     0.000 r  
    W5                                                0.000     0.000 r  clk (IN)
                         net (fo=0)                   0.000     0.000    clk
    W5                   IBUF (Prop_ibuf_I_O)         0.414     0.414 r  clk_IBUF_inst/O
                         net (fo=1, routed)           0.685     1.099    clk_IBUF
    BUFGCTRL_X0Y0        BUFG (Prop_bufg_I_O)         0.029     1.128 r  clk_IBUF_BUFG_inst/O
                         net (fo=111, routed)         0.838     1.965    u_uart/U_Transmitter/CLK
    SLICE_X57Y2          FDCE                                         r  u_uart/U_Transmitter/temp_data_reg[1]/C
                         clock pessimism             -0.497     1.468    
    SLICE_X57Y2          FDCE (Hold_fdce_C_D)         0.092     1.560    u_uart/U_Transmitter/temp_data_reg[1]
  -------------------------------------------------------------------
                         required time                         -1.560    
                         arrival time                           1.780    
  -------------------------------------------------------------------
                         slack                                  0.219    

Slack (MET) :             0.226ns  (arrival time - required time)
  Source:                 u_uart/U_Baudrate_Gen/count_reg[2]/C
                            (rising edge-triggered cell FDCE clocked by sys_clk_pin  {rise@0.000ns fall@5.000ns period=10.000ns})
  Destination:            u_uart/U_Baudrate_Gen/count_reg[4]/D
                            (rising edge-triggered cell FDCE clocked by sys_clk_pin  {rise@0.000ns fall@5.000ns period=10.000ns})
  Path Group:             sys_clk_pin
  Path Type:              Hold (Min at Fast Process Corner)
  Requirement:            0.000ns  (sys_clk_pin rise@0.000ns - sys_clk_pin rise@0.000ns)
  Data Path Delay:        0.359ns  (logic 0.186ns (51.780%)  route 0.173ns (48.220%))
  Logic Levels:           1  (LUT6=1)
  Clock Path Skew:        0.013ns (DCD - SCD - CPR)
    Destination Clock Delay (DCD):    1.964ns
    Source Clock Delay      (SCD):    1.449ns
    Clock Pessimism Removal (CPR):    0.502ns

    Location             Delay type                Incr(ns)  Path(ns)    Netlist Resource(s)
  -------------------------------------------------------------------    -------------------
                         (clock sys_clk_pin rise edge)
                                                      0.000     0.000 r  
    W5                                                0.000     0.000 r  clk (IN)
                         net (fo=0)                   0.000     0.000    clk
    W5                   IBUF (Prop_ibuf_I_O)         0.226     0.226 r  clk_IBUF_inst/O
                         net (fo=1, routed)           0.631     0.858    clk_IBUF
    BUFGCTRL_X0Y0        BUFG (Prop_bufg_I_O)         0.026     0.884 r  clk_IBUF_BUFG_inst/O
                         net (fo=111, routed)         0.566     1.449    u_uart/U_Baudrate_Gen/CLK
    SLICE_X53Y3          FDCE                                         r  u_uart/U_Baudrate_Gen/count_reg[2]/C
  -------------------------------------------------------------------    -------------------
    SLICE_X53Y3          FDCE (Prop_fdce_C_Q)         0.141     1.590 r  u_uart/U_Baudrate_Gen/count_reg[2]/Q
                         net (fo=7, routed)           0.173     1.763    u_uart/U_Baudrate_Gen/count[2]
    SLICE_X52Y3          LUT6 (Prop_lut6_I2_O)        0.045     1.808 r  u_uart/U_Baudrate_Gen/count[4]_i_1/O
                         net (fo=1, routed)           0.000     1.808    u_uart/U_Baudrate_Gen/count[4]_i_1_n_0
    SLICE_X52Y3          FDCE                                         r  u_uart/U_Baudrate_Gen/count_reg[4]/D
  -------------------------------------------------------------------    -------------------

                         (clock sys_clk_pin rise edge)
                                                      0.000     0.000 r  
    W5                                                0.000     0.000 r  clk (IN)
                         net (fo=0)                   0.000     0.000    clk
    W5                   IBUF (Prop_ibuf_I_O)         0.414     0.414 r  clk_IBUF_inst/O
                         net (fo=1, routed)           0.685     1.099    clk_IBUF
    BUFGCTRL_X0Y0        BUFG (Prop_bufg_I_O)         0.029     1.128 r  clk_IBUF_BUFG_inst/O
                         net (fo=111, routed)         0.837     1.964    u_uart/U_Baudrate_Gen/CLK
    SLICE_X52Y3          FDCE                                         r  u_uart/U_Baudrate_Gen/count_reg[4]/C
                         clock pessimism             -0.502     1.462    
    SLICE_X52Y3          FDCE (Hold_fdce_C_D)         0.120     1.582    u_uart/U_Baudrate_Gen/count_reg[4]
  -------------------------------------------------------------------
                         required time                         -1.582    
                         arrival time                           1.808    
  -------------------------------------------------------------------
                         slack                                  0.226    

Slack (MET) :             0.228ns  (arrival time - required time)
  Source:                 u_uart/U_Baudrate_Gen/r_tick_reg/C
                            (rising edge-triggered cell FDCE clocked by sys_clk_pin  {rise@0.000ns fall@5.000ns period=10.000ns})
  Destination:            u_uart/U_Transmitter/FSM_sequential_state_reg[1]/D
                            (rising edge-triggered cell FDCE clocked by sys_clk_pin  {rise@0.000ns fall@5.000ns period=10.000ns})
  Path Group:             sys_clk_pin
  Path Type:              Hold (Min at Fast Process Corner)
  Requirement:            0.000ns  (sys_clk_pin rise@0.000ns - sys_clk_pin rise@0.000ns)
  Data Path Delay:        0.349ns  (logic 0.246ns (70.537%)  route 0.103ns (29.463%))
  Logic Levels:           1  (LUT6=1)
  Clock Path Skew:        0.000ns (DCD - SCD - CPR)
    Destination Clock Delay (DCD):    1.965ns
    Source Clock Delay      (SCD):    1.450ns
    Clock Pessimism Removal (CPR):    0.515ns

    Location             Delay type                Incr(ns)  Path(ns)    Netlist Resource(s)
  -------------------------------------------------------------------    -------------------
                         (clock sys_clk_pin rise edge)
                                                      0.000     0.000 r  
    W5                                                0.000     0.000 r  clk (IN)
                         net (fo=0)                   0.000     0.000    clk
    W5                   IBUF (Prop_ibuf_I_O)         0.226     0.226 r  clk_IBUF_inst/O
                         net (fo=1, routed)           0.631     0.858    clk_IBUF
    BUFGCTRL_X0Y0        BUFG (Prop_bufg_I_O)         0.026     0.884 r  clk_IBUF_BUFG_inst/O
                         net (fo=111, routed)         0.567     1.450    u_uart/U_Baudrate_Gen/CLK
    SLICE_X54Y2          FDCE                                         r  u_uart/U_Baudrate_Gen/r_tick_reg/C
  -------------------------------------------------------------------    -------------------
    SLICE_X54Y2          FDCE (Prop_fdce_C_Q)         0.148     1.598 r  u_uart/U_Baudrate_Gen/r_tick_reg/Q
                         net (fo=13, routed)          0.103     1.701    u_uart/U_Transmitter/tick
    SLICE_X54Y2          LUT6 (Prop_lut6_I4_O)        0.098     1.799 r  u_uart/U_Transmitter/FSM_sequential_state[1]_i_1/O
                         net (fo=1, routed)           0.000     1.799    u_uart/U_Transmitter/FSM_sequential_state[1]_i_1_n_0
    SLICE_X54Y2          FDCE                                         r  u_uart/U_Transmitter/FSM_sequential_state_reg[1]/D
  -------------------------------------------------------------------    -------------------

                         (clock sys_clk_pin rise edge)
                                                      0.000     0.000 r  
    W5                                                0.000     0.000 r  clk (IN)
                         net (fo=0)                   0.000     0.000    clk
    W5                   IBUF (Prop_ibuf_I_O)         0.414     0.414 r  clk_IBUF_inst/O
                         net (fo=1, routed)           0.685     1.099    clk_IBUF
    BUFGCTRL_X0Y0        BUFG (Prop_bufg_I_O)         0.029     1.128 r  clk_IBUF_BUFG_inst/O
                         net (fo=111, routed)         0.838     1.965    u_uart/U_Transmitter/CLK
    SLICE_X54Y2          FDCE                                         r  u_uart/U_Transmitter/FSM_sequential_state_reg[1]/C
                         clock pessimism             -0.515     1.450    
    SLICE_X54Y2          FDCE (Hold_fdce_C_D)         0.121     1.571    u_uart/U_Transmitter/FSM_sequential_state_reg[1]
  -------------------------------------------------------------------
                         required time                         -1.571    
                         arrival time                           1.799    
  -------------------------------------------------------------------
                         slack                                  0.228    





Pulse Width Checks
--------------------------------------------------------------------------------------
Clock Name:         sys_clk_pin
Waveform(ns):       { 0.000 5.000 }
Period(ns):         10.000
Sources:            { clk }

Check Type        Corner  Lib Pin  Reference Pin  Required(ns)  Actual(ns)  Slack(ns)  Location       Pin
Min Period        n/a     BUFG/I   n/a            2.155         10.000      7.845      BUFGCTRL_X0Y0  clk_IBUF_BUFG_inst/I
Min Period        n/a     FDPE/C   n/a            1.000         10.000      9.000      SLICE_X57Y4    U_ControlUnit/FSM_onehot_state_reg[0]/C
Min Period        n/a     FDCE/C   n/a            1.000         10.000      9.000      SLICE_X56Y4    U_ControlUnit/FSM_onehot_state_reg[1]/C
Min Period        n/a     FDCE/C   n/a            1.000         10.000      9.000      SLICE_X57Y4    U_ControlUnit/FSM_onehot_state_reg[2]/C
Min Period        n/a     FDCE/C   n/a            1.000         10.000      9.000      SLICE_X55Y2    U_ControlUnit/echo_state_reg/C
Min Period        n/a     FDCE/C   n/a            1.000         10.000      9.000      SLICE_X56Y4    U_ControlUnit/mode_state_reg/C
Min Period        n/a     FDCE/C   n/a            1.000         10.000      9.000      SLICE_X50Y7    U_Counter/U_Clk_Div_10Hz/div_counter_reg[5]/C
Min Period        n/a     FDCE/C   n/a            1.000         10.000      9.000      SLICE_X52Y8    U_Counter/U_Clk_Div_10Hz/div_counter_reg[6]/C
Min Period        n/a     FDCE/C   n/a            1.000         10.000      9.000      SLICE_X50Y7    U_Counter/U_Clk_Div_10Hz/div_counter_reg[7]/C
Min Period        n/a     FDCE/C   n/a            1.000         10.000      9.000      SLICE_X50Y7    U_Counter/U_Clk_Div_10Hz/div_counter_reg[8]/C
Low Pulse Width   Fast    FDCE/C   n/a            0.500         5.000       4.500      SLICE_X65Y16   U_FndController/U_Clk_Div_1Khz/div_counter_reg[0]/C
Low Pulse Width   Fast    FDCE/C   n/a            0.500         5.000       4.500      SLICE_X65Y16   U_FndController/U_Clk_Div_1Khz/div_counter_reg[10]/C
Low Pulse Width   Slow    FDCE/C   n/a            0.500         5.000       4.500      SLICE_X49Y9    U_Counter/U_Clk_Div_10Hz/div_counter_reg[14]/C
Low Pulse Width   Slow    FDCE/C   n/a            0.500         5.000       4.500      SLICE_X49Y9    U_Counter/U_Clk_Div_10Hz/div_counter_reg[17]/C
Low Pulse Width   Fast    FDCE/C   n/a            0.500         5.000       4.500      SLICE_X63Y16   U_FndController/U_Clk_Div_1Khz/div_counter_reg[11]/C
Low Pulse Width   Fast    FDCE/C   n/a            0.500         5.000       4.500      SLICE_X65Y16   U_FndController/U_Clk_Div_1Khz/div_counter_reg[12]/C
Low Pulse Width   Fast    FDCE/C   n/a            0.500         5.000       4.500      SLICE_X65Y14   U_FndController/U_Clk_Div_1Khz/div_counter_reg[1]/C
Low Pulse Width   Fast    FDCE/C   n/a            0.500         5.000       4.500      SLICE_X65Y14   U_FndController/U_Clk_Div_1Khz/div_counter_reg[2]/C
Low Pulse Width   Fast    FDCE/C   n/a            0.500         5.000       4.500      SLICE_X65Y14   U_FndController/U_Clk_Div_1Khz/div_counter_reg[3]/C
Low Pulse Width   Fast    FDCE/C   n/a            0.500         5.000       4.500      SLICE_X65Y14   U_FndController/U_Clk_Div_1Khz/div_counter_reg[4]/C
High Pulse Width  Slow    FDCE/C   n/a            0.500         5.000       4.500      SLICE_X49Y8    U_Counter/U_Clk_Div_10Hz/tick_reg/C
High Pulse Width  Slow    FDCE/C   n/a            0.500         5.000       4.500      SLICE_X60Y4    U_Counter/U_Counter_Up_Down/counter_reg[1]/C
High Pulse Width  Slow    FDCE/C   n/a            0.500         5.000       4.500      SLICE_X60Y4    U_Counter/U_Counter_Up_Down/counter_reg[2]/C
High Pulse Width  Slow    FDCE/C   n/a            0.500         5.000       4.500      SLICE_X60Y4    U_Counter/U_Counter_Up_Down/counter_reg[3]/C
High Pulse Width  Slow    FDCE/C   n/a            0.500         5.000       4.500      SLICE_X60Y4    U_Counter/U_Counter_Up_Down/counter_reg[4]/C
High Pulse Width  Slow    FDCE/C   n/a            0.500         5.000       4.500      SLICE_X60Y5    U_Counter/U_Counter_Up_Down/counter_reg[5]/C
High Pulse Width  Slow    FDCE/C   n/a            0.500         5.000       4.500      SLICE_X60Y5    U_Counter/U_Counter_Up_Down/counter_reg[6]/C
High Pulse Width  Slow    FDCE/C   n/a            0.500         5.000       4.500      SLICE_X60Y5    U_Counter/U_Counter_Up_Down/counter_reg[7]/C
High Pulse Width  Slow    FDCE/C   n/a            0.500         5.000       4.500      SLICE_X60Y5    U_Counter/U_Counter_Up_Down/counter_reg[8]/C
High Pulse Width  Slow    FDCE/C   n/a            0.500         5.000       4.500      SLICE_X61Y6    U_Counter/U_Counter_Up_Down/counter_reg[9]/C



